slug,name,team,location,opponent,outcome,seconds_played,made_field_goals,attempted_field_goals,made_three_point_field_goals,attempted_three_point_field_goals,made_free_throws,attempted_free_throws,offensive_rebounds,defensive_rebounds,assists,steals,blocks,turnovers,personal_fouls,game_score
leonaka01,Kawhi Leonard,LOS ANGELES CLIPPERS,HOME,WASHINGTON WIZARDS,WIN,1588,14,21,2,5,4,4,2,4,3,1,0,1,3,28.4
woodch01,Christian Wood,DETROIT PISTONS,HOME,SAN ANTONIO SPURS,WIN,1321,11,14,2,3,4,4,3,7,2,1,1,2,1,27.5
siakapa01,Pascal Siakam,TORONTO RAPTORS,HOME,UTAH JAZZ,WIN,2076,14,22,5,9,2,2,0,5,5,2,0,4,2,27.4
tatumja01,Jayson Tatum,BOSTON CELTICS,AWAY,NEW YORK KNICKS,WIN,2244,10,23,5,11,5,6,0,6,7,2,2,1,4,25.0
vanvlfr01,Fred VanVleet,TORONTO RAPTORS,HOME,UTAH JAZZ,WIN,1946,6,10,5,7,4,4,0,5,11,1,0,0,4,25.0
hachiru01,Rui Hachimura,WASHINGTON WIZARDS,AWAY,LOS ANGELES CLIPPERS,LOSS,2307,13,23,2,5,2,3,2,7,3,1,0,0,3,24.1
wrighde01,Delon Wright,DALLAS MAVERICKS,AWAY,LOS ANGELES LAKERS,WIN,1653,7,12,3,6,0,0,1,4,9,4,0,0,3,22.4
fournev01,Evan Fournier,ORLANDO MAGIC,HOME,GOLDEN STATE WARRIORS,WIN,2074,13,21,6,10,0,0,1,3,0,1,0,2,3,21.9
georgpa01,Paul George,LOS ANGELES CLIPPERS,HOME,WASHINGTON WIZARDS,WIN,1790,10,21,4,10,7,7,0,8,1,0,1,2,1,21.7
gallida01,Danilo Gallinari,OKLAHOMA CITY THUNDER,AWAY,NEW ORLEANS PELICANS,WIN,1922,8,14,4,7,3,4,0,11,3,0,0,0,0,21.4
brownja02,Jaylen Brown,BOSTON CELTICS,AWAY,NEW YORK KNICKS,WIN,2096,11,18,4,10,2,4,2,3,1,1,1,1,4,21.1
davisan02,Anthony Davis,LOS ANGELES LAKERS,HOME,DALLAS MAVERICKS,LOSS,2150,10,21,1,2,6,6,2,8,2,1,2,2,2,21.1
doncilu01,Luka Dončić,DALLAS MAVERICKS,AWAY,LOS ANGELES LAKERS,WIN,1961,10,23,4,10,3,3,2,7,10,3,0,7,1,21.0
harremo01,Montrezl Harrell,LOS ANGELES CLIPPERS,HOME,WASHINGTON WIZARDS,WIN,1638,9,15,0,2,5,9,3,12,1,1,1,2,0,20.6
jamesle01,LeBron James,LOS ANGELES LAKERS,HOME,DALLAS MAVERICKS,LOSS,2185,11,20,0,5,3,3,0,9,8,4,0,6,3,20.5
holidjr01,Jrue Holiday,NEW ORLEANS PELICANS,HOME,OKLAHOMA CITY THUNDER,LOSS,2148,10,19,3,6,3,3,1,2,4,0,0,0,2,20.0
adamsst01,Steven Adams,OKLAHOMA CITY THUNDER,AWAY,NEW ORLEANS PELICANS,WIN,1680,6,7,0,0,5,6,2,8,2,1,2,1,3,19.5
dinwisp01,Spencer Dinwiddie,BROOKLYN NETS,HOME,MIAMI HEAT,LOSS,2051,10,21,4,9,5,5,0,6,4,1,0,4,3,18.7
bertada01,Dāvis Bertāns,WASHINGTON WIZARDS,AWAY,LOS ANGELES CLIPPERS,LOSS,1736,7,10,6,9,0,0,2,2,1,2,1,1,4,18.6
willilo02,Lou Williams,LOS ANGELES CLIPPERS,HOME,WASHINGTON WIZARDS,WIN,1397,6,10,2,3,8,9,0,1,8,0,0,4,1,18.5
brookdi01,Dillon Brooks,MEMPHIS GRIZZLIES,AWAY,MINNESOTA TIMBERWOLVES,WIN,1914,9,18,4,5,4,4,1,1,3,0,0,1,3,17.9
harrijo01,Joe Harris,BROOKLYN NETS,HOME,MIAMI HEAT,LOSS,1866,9,16,5,9,2,2,0,4,1,0,0,1,1,17.9
dragigo01,Goran Dragić,MIAMI HEAT,AWAY,BROOKLYN NETS,WIN,1845,9,18,3,6,3,4,1,1,6,0,0,1,3,17.6
bealbr01,Bradley Beal,WASHINGTON WIZARDS,AWAY,LOS ANGELES CLIPPERS,LOSS,2079,7,19,0,4,9,10,0,5,11,2,0,5,2,17.5
kennalu01,Luke Kennard,DETROIT PISTONS,HOME,SAN ANTONIO SPURS,WIN,1850,8,12,4,6,0,0,1,3,3,0,0,1,1,17.1
derozde01,DeMar DeRozan,SAN ANTONIO SPURS,AWAY,DETROIT PISTONS,LOSS,1504,6,12,1,3,7,8,0,4,2,1,0,0,1,16.8
powelno01,Norman Powell,TORONTO RAPTORS,HOME,UTAH JAZZ,WIN,1969,6,12,2,5,1,1,1,4,3,4,0,0,1,16.6
paulch01,Chris Paul,OKLAHOMA CITY THUNDER,AWAY,NEW ORLEANS PELICANS,WIN,1986,6,9,2,3,2,2,0,4,8,0,0,2,2,16.1
fultzma01,Markelle Fultz,ORLANDO MAGIC,HOME,GOLDEN STATE WARRIORS,WIN,1800,6,12,0,1,2,3,1,3,9,1,0,0,2,15.7
conlemi01,Mike Conley,UTAH JAZZ,AWAY,TORONTO RAPTORS,LOSS,1506,7,13,4,6,2,2,2,1,2,0,1,1,3,15.3
randlju01,Julius Randle,NEW YORK KNICKS,HOME,BOSTON CELTICS,LOSS,2021,8,16,0,5,10,13,1,4,2,0,0,4,2,15.3
townska01,Karl-Anthony Towns,MINNESOTA TIMBERWOLVES,HOME,MEMPHIS GRIZZLIES,LOSS,2143,7,20,1,10,6,6,3,9,5,0,0,2,2,15.3
greenje02,Jeff Green,UTAH JAZZ,AWAY,TORONTO RAPTORS,LOSS,871,6,11,1,5,6,6,1,2,0,2,0,1,2,15.2
jordade01,DeAndre Jordan,BROOKLYN NETS,HOME,MIAMI HEAT,LOSS,1418,7,8,0,0,1,3,2,6,2,1,0,1,2,15.2
wiggian01,Andrew Wiggins,MINNESOTA TIMBERWOLVES,HOME,MEMPHIS GRIZZLIES,LOSS,2102,6,17,1,6,5,5,1,5,7,1,2,3,1,14.6
ingrabr01,Brandon Ingram,NEW ORLEANS PELICANS,HOME,OKLAHOMA CITY THUNDER,LOSS,2427,8,18,2,3,2,2,0,7,4,0,2,1,4,14.3
rosste01,Terrence Ross,ORLANDO MAGIC,HOME,GOLDEN STATE WARRIORS,WIN,1736,8,15,3,8,0,1,0,4,1,1,1,0,2,14.1
smithde03,Dennis Smith,NEW YORK KNICKS,HOME,BOSTON CELTICS,LOSS,2302,6,11,2,3,3,6,0,1,7,0,2,2,3,13.9
butleji01,Jimmy Butler,MIAMI HEAT,AWAY,BROOKLYN NETS,WIN,2115,5,17,1,5,9,10,3,4,2,1,1,2,1,13.7
hartjo01,Josh Hart,NEW ORLEANS PELICANS,HOME,OKLAHOMA CITY THUNDER,LOSS,1988,4,8,3,7,0,0,1,10,2,2,2,1,2,13.7
adebaba01,Bam Adebayo,MIAMI HEAT,AWAY,BROOKLYN NETS,WIN,2007,6,14,0,0,5,7,6,10,1,1,1,4,3,13.2
greendr01,Draymond Green,GOLDEN STATE WARRIORS,AWAY,ORLANDO MAGIC,LOSS,1403,4,6,1,1,2,2,0,4,7,2,0,2,4,12.9
teaguje01,Jeff Teague,MINNESOTA TIMBERWOLVES,HOME,MEMPHIS GRIZZLIES,LOSS,1559,2,4,1,1,8,8,0,4,6,0,0,3,2,12.6
caulewi01,Willie Cauley-Stein,GOLDEN STATE WARRIORS,AWAY,ORLANDO MAGIC,LOSS,1443,5,10,0,0,1,2,4,8,3,1,1,1,3,12.4
isaacjo01,Jonathan Isaac,ORLANDO MAGIC,HOME,GOLDEN STATE WARRIORS,WIN,1999,4,9,1,2,5,6,2,9,0,1,5,4,3,12.3
jonesty01,Tyus Jones,MEMPHIS GRIZZLIES,AWAY,MINNESOTA TIMBERWOLVES,WIN,1525,5,9,1,2,1,2,0,4,7,1,1,2,2,12.3
robingl02,Glenn Robinson,GOLDEN STATE WARRIORS,AWAY,ORLANDO MAGIC,LOSS,2248,8,16,3,6,0,0,1,2,1,0,1,1,1,12.3
rosede01,Derrick Rose,DETROIT PISTONS,HOME,SAN ANTONIO SPURS,WIN,1133,3,8,1,3,3,3,0,0,10,2,1,3,0,12.3
brownbr01,Bruce Brown,DETROIT PISTONS,HOME,SAN ANTONIO SPURS,WIN,1592,5,8,1,2,2,2,0,7,3,0,0,1,1,12.2
meltode01,De'Anthony Melton,MEMPHIS GRIZZLIES,AWAY,MINNESOTA TIMBERWOLVES,WIN,1355,2,10,1,4,4,4,2,5,8,2,1,1,2,12.2
holliro01,Rondae Hollis-Jefferson,TORONTO RAPTORS,HOME,UTAH JAZZ,WIN,1410,4,7,0,0,2,2,1,5,2,1,2,0,2,11.9
kanteen01,Enes Kanter,BOSTON CELTICS,AWAY,NEW YORK KNICKS,WIN,940,4,7,0,0,3,5,6,5,0,0,1,1,1,11.9
redicjj01,J.J. Redick,NEW ORLEANS PELICANS,HOME,OKLAHOMA CITY THUNDER,LOSS,1759,5,7,3,4,0,0,0,3,1,1,0,0,2,11.9
pascher01,Eric Paschall,GOLDEN STATE WARRIORS,AWAY,ORLANDO MAGIC,LOSS,2105,6,14,0,1,5,6,4,2,2,0,0,1,3,11.8
poweldw01,Dwight Powell,DALLAS MAVERICKS,AWAY,LOS ANGELES LAKERS,WIN,1945,6,11,0,1,3,5,3,6,0,1,0,1,3,11.6
birchkh01,Khem Birch,ORLANDO MAGIC,HOME,GOLDEN STATE WARRIORS,WIN,1827,2,5,0,0,3,6,6,4,3,2,1,1,2,11.5
drumman01,Andre Drummond,DETROIT PISTONS,HOME,SAN ANTONIO SPURS,WIN,1559,4,8,0,0,1,4,6,10,2,1,3,4,0,11.5
gasolma01,Marc Gasol,TORONTO RAPTORS,HOME,UTAH JAZZ,WIN,1527,4,8,3,5,0,0,0,5,6,0,2,1,4,11.5
wanambr01,Brad Wanamaker,BOSTON CELTICS,AWAY,NEW YORK KNICKS,WIN,1107,3,5,1,2,4,4,1,1,3,1,0,1,1,11.4
poeltja01,Jakob Poeltl,SAN ANTONIO SPURS,AWAY,DETROIT PISTONS,LOSS,1571,4,6,0,0,0,0,2,3,1,3,1,0,2,11.3
schrode01,Dennis Schröder,OKLAHOMA CITY THUNDER,AWAY,NEW ORLEANS PELICANS,WIN,1492,6,12,2,5,3,3,0,3,2,1,0,3,0,11.3
thomais02,Isaiah Thomas,WASHINGTON WIZARDS,AWAY,LOS ANGELES CLIPPERS,LOSS,1476,5,11,3,6,3,5,1,3,4,0,0,2,2,11.1
dotsoda01,Damyean Dotson,NEW YORK KNICKS,HOME,BOSTON CELTICS,LOSS,1893,4,6,2,4,0,0,0,4,3,1,1,1,1,11.0
anunoog01,OG Anunoby,TORONTO RAPTORS,HOME,UTAH JAZZ,WIN,1796,3,5,0,1,4,7,0,5,2,4,1,2,3,10.9
mitchdo01,Donovan Mitchell,UTAH JAZZ,AWAY,TORONTO RAPTORS,LOSS,1844,6,16,2,6,2,3,1,0,4,1,0,0,1,10.9
walkeke02,Kemba Walker,BOSTON CELTICS,AWAY,NEW YORK KNICKS,WIN,1998,6,18,3,9,1,2,1,4,10,1,0,4,1,10.9
burksal01,Alec Burks,GOLDEN STATE WARRIORS,AWAY,ORLANDO MAGIC,LOSS,2173,6,16,1,5,2,3,2,3,3,3,0,2,1,10.8
hayesja02,Jaxson Hayes,NEW ORLEANS PELICANS,HOME,OKLAHOMA CITY THUNDER,LOSS,1585,3,6,0,0,3,3,1,6,1,1,2,0,2,10.8
walkelo01,Lonnie Walker,SAN ANTONIO SPURS,AWAY,DETROIT PISTONS,LOSS,976,6,12,1,3,0,0,2,0,2,1,0,0,0,10.8
daviste02,Terence Davis,TORONTO RAPTORS,HOME,UTAH JAZZ,WIN,1382,5,7,2,3,1,2,1,3,3,0,1,3,1,10.7
jacksju01,Justin Jackson,DALLAS MAVERICKS,AWAY,LOS ANGELES LAKERS,WIN,926,6,10,3,5,0,0,0,1,0,0,0,0,0,10.7
cabocbr01,Bruno Caboclo,MEMPHIS GRIZZLIES,AWAY,MINNESOTA TIMBERWOLVES,WIN,1723,5,14,0,3,2,3,5,8,1,3,0,2,2,10.6
barrerj01,RJ Barrett,NEW YORK KNICKS,HOME,BOSTON CELTICS,LOSS,2108,4,13,0,2,8,13,2,5,0,1,1,0,3,9.9
mykhasv01,Sviatoslav Mykhailiuk,DETROIT PISTONS,HOME,SAN ANTONIO SPURS,WIN,1352,5,6,2,3,1,2,0,2,0,0,0,0,3,9.8
allengr01,Grayson Allen,MEMPHIS GRIZZLIES,AWAY,MINNESOTA TIMBERWOLVES,WIN,1804,4,9,3,6,2,2,0,5,0,1,0,0,3,9.6
crowdja01,Jae Crowder,MEMPHIS GRIZZLIES,AWAY,MINNESOTA TIMBERWOLVES,WIN,1990,4,11,2,6,2,3,2,8,3,0,0,1,2,9.6
goberru01,Rudy Gobert,UTAH JAZZ,AWAY,TORONTO RAPTORS,LOSS,1705,4,7,0,0,4,8,4,7,1,0,1,3,2,9.6
balllo01,Lonzo Ball,NEW ORLEANS PELICANS,HOME,OKLAHOMA CITY THUNDER,LOSS,1967,5,11,4,8,0,0,0,4,7,0,1,4,4,9.5
gilgesh01,Shai Gilgeous-Alexander,OKLAHOMA CITY THUNDER,AWAY,NEW ORLEANS PELICANS,WIN,1985,5,17,2,8,5,6,1,8,2,1,0,2,2,9.4
culveja01,Jarrett Culver,MINNESOTA TIMBERWOLVES,HOME,MEMPHIS GRIZZLIES,LOSS,1536,6,12,1,4,1,4,1,6,1,1,0,1,2,9.2
leoname01,Meyers Leonard,MIAMI HEAT,AWAY,BROOKLYN NETS,WIN,1131,3,5,3,5,0,0,1,5,1,1,0,1,1,9.2
robindu01,Duncan Robinson,MIAMI HEAT,AWAY,BROOKLYN NETS,WIN,1987,3,6,3,6,1,1,0,10,0,0,0,0,3,8.8
bongais01,Isaac Bonga,WASHINGTON WIZARDS,AWAY,LOS ANGELES CLIPPERS,LOSS,1165,3,4,0,1,1,1,2,1,3,1,0,0,4,8.6
eubandr01,Drew Eubanks,SAN ANTONIO SPURS,AWAY,DETROIT PISTONS,LOSS,1309,4,6,0,0,1,1,3,5,1,0,1,2,2,8.6
porzikr01,Kristaps Porziņģis,DALLAS MAVERICKS,AWAY,LOS ANGELES LAKERS,WIN,1669,5,11,3,8,2,4,2,4,0,1,0,2,4,8.5
hillso01,Solomon Hill,MEMPHIS GRIZZLIES,AWAY,MINNESOTA TIMBERWOLVES,WIN,1550,4,10,2,5,1,2,2,3,1,1,0,0,2,8.4
murrade01,Dejounte Murray,SAN ANTONIO SPURS,AWAY,DETROIT PISTONS,LOSS,1328,1,6,1,2,2,2,0,3,6,3,0,1,0,8.3
robinje01,Jerome Robinson,LOS ANGELES CLIPPERS,HOME,WASHINGTON WIZARDS,WIN,1182,2,4,1,2,3,4,0,3,3,1,1,1,3,8.1
carusal01,Alex Caruso,LOS ANGELES LAKERS,HOME,DALLAS MAVERICKS,LOSS,1501,4,5,2,2,0,0,1,3,1,0,0,2,1,8.0
covinro01,Robert Covington,MINNESOTA TIMBERWOLVES,HOME,MEMPHIS GRIZZLIES,LOSS,1874,4,9,3,6,2,2,0,3,1,1,1,2,4,8.0
morrima02,Markieff Morris,DETROIT PISTONS,HOME,SAN ANTONIO SPURS,WIN,1277,4,6,2,4,0,0,1,3,2,0,0,1,4,7.8
noelne01,Nerlens Noel,OKLAHOMA CITY THUNDER,AWAY,NEW ORLEANS PELICANS,WIN,1169,3,6,0,0,2,4,2,3,0,1,1,0,1,7.8
knoxke01,Kevin Knox,NEW YORK KNICKS,HOME,BOSTON CELTICS,LOSS,1300,4,9,2,6,1,1,0,5,0,0,2,1,2,7.4
onealro01,Royce O'Neale,UTAH JAZZ,AWAY,TORONTO RAPTORS,LOSS,1164,2,5,2,5,0,0,0,6,5,1,0,1,3,7.4
gallola01,Langston Galloway,DETROIT PISTONS,HOME,SAN ANTONIO SPURS,WIN,1231,3,5,2,4,0,0,0,3,1,1,0,1,0,7.3
mcgeeja01,JaVale McGee,LOS ANGELES LAKERS,HOME,DALLAS MAVERICKS,LOSS,940,2,5,0,0,0,0,4,6,0,1,1,0,1,7.2
bateske01,Keita Bates-Diop,MINNESOTA TIMBERWOLVES,HOME,MEMPHIS GRIZZLIES,LOSS,1501,4,7,2,2,0,0,0,5,1,1,0,2,2,7.1
beverpa01,Patrick Beverley,LOS ANGELES CLIPPERS,HOME,WASHINGTON WIZARDS,WIN,1433,1,3,1,2,0,0,3,3,2,3,0,0,4,7.1
bowmaky01,Ky Bowman,GOLDEN STATE WARRIORS,AWAY,ORLANDO MAGIC,LOSS,1714,4,12,1,3,3,3,2,1,4,0,0,2,2,6.9
klebima01,Maxi Kleber,DALLAS MAVERICKS,AWAY,LOS ANGELES LAKERS,WIN,1327,1,4,1,2,3,4,2,7,2,0,0,0,3,6.9
nwabada01,David Nwaba,BROOKLYN NETS,HOME,MIAMI HEAT,LOSS,1095,4,7,1,4,1,2,0,2,0,0,1,0,2,6.8
portibo01,Bobby Portis,NEW YORK KNICKS,HOME,BOSTON CELTICS,LOSS,1242,3,8,1,4,2,2,1,5,1,1,0,1,2,6.7
allenja01,Jarrett Allen,BROOKLYN NETS,HOME,MIAMI HEAT,LOSS,1462,1,3,0,0,2,2,3,9,2,0,0,0,5,6.5
whitede01,Derrick White,SAN ANTONIO SPURS,AWAY,DETROIT PISTONS,LOSS,1359,3,6,1,2,0,0,0,1,3,1,1,1,2,6.3
inglejo01,Joe Ingles,UTAH JAZZ,AWAY,TORONTO RAPTORS,LOSS,1534,2,5,2,3,0,1,0,3,4,0,0,0,1,6.2
gayru01,Rudy Gay,SAN ANTONIO SPURS,AWAY,DETROIT PISTONS,LOSS,1367,5,12,0,2,2,2,0,3,0,1,2,2,2,6.1
gibsota01,Taj Gibson,NEW YORK KNICKS,HOME,BOSTON CELTICS,LOSS,1178,2,6,0,0,0,0,2,1,0,4,0,0,1,5.9
harklma01,Maurice Harkless,LOS ANGELES CLIPPERS,HOME,WASHINGTON WIZARDS,WIN,1429,3,4,1,2,0,2,1,1,1,0,1,0,3,5.8
griffbl01,Blake Griffin,DETROIT PISTONS,HOME,SAN ANTONIO SPURS,WIN,1316,4,12,0,3,2,2,0,2,6,0,0,2,1,5.6
browntr01,Troy Brown,WASHINGTON WIZARDS,AWAY,LOS ANGELES CLIPPERS,LOSS,1324,4,8,0,1,0,0,1,6,0,1,0,0,5,5.5
ibakase01,Serge Ibaka,TORONTO RAPTORS,HOME,UTAH JAZZ,WIN,1252,5,14,2,5,1,1,1,3,3,1,0,3,4,5.3
princta02,Taurean Prince,BROOKLYN NETS,HOME,MIAMI HEAT,LOSS,1894,3,14,2,9,1,2,2,5,5,1,3,3,3,5.3
belinma01,Marco Belinelli,SAN ANTONIO SPURS,AWAY,DETROIT PISTONS,LOSS,921,1,2,1,1,3,3,0,1,1,0,0,0,2,5.2
bryanth01,Thomas Bryant,WASHINGTON WIZARDS,AWAY,LOS ANGELES CLIPPERS,LOSS,1840,3,11,0,1,3,6,4,4,3,0,0,1,3,5.2
mannte01,Terance Mann,LOS ANGELES CLIPPERS,HOME,WASHINGTON WIZARDS,WIN,893,3,4,0,0,1,1,1,2,0,1,1,2,3,5.2
bogdabo02,Bojan Bogdanović,UTAH JAZZ,AWAY,TORONTO RAPTORS,LOSS,1775,5,14,1,5,0,1,2,5,2,1,0,3,0,5.1
exumda01,Dante Exum,UTAH JAZZ,AWAY,TORONTO RAPTORS,LOSS,688,3,4,1,1,2,2,1,1,0,0,0,3,1,5.0
silvach01,Chris Silva,MIAMI HEAT,AWAY,BROOKLYN NETS,WIN,418,1,1,0,0,2,2,3,0,0,0,0,0,2,5.0
winslju01,Justise Winslow,MIAMI HEAT,AWAY,BROOKLYN NETS,WIN,1779,3,12,1,6,3,4,2,3,3,0,0,1,2,5.0
finnedo01,Dorian Finney-Smith,DALLAS MAVERICKS,AWAY,LOS ANGELES LAKERS,WIN,1283,2,7,2,5,0,0,4,1,0,0,1,0,2,4.9
ojelese01,Semi Ojeleye,BOSTON CELTICS,AWAY,NEW YORK KNICKS,WIN,1165,2,3,1,2,0,0,1,2,1,0,0,0,2,4.9
rondora01,Rajon Rondo,LOS ANGELES LAKERS,HOME,DALLAS MAVERICKS,LOSS,1082,2,3,0,0,0,0,0,1,7,0,0,3,0,4.9
spellom01,Omari Spellman,GOLDEN STATE WARRIORS,AWAY,ORLANDO MAGIC,LOSS,1002,3,7,0,2,1,1,2,5,0,0,0,1,1,4.8
okogijo01,Josh Okogie,MINNESOTA TIMBERWOLVES,HOME,MEMPHIS GRIZZLIES,LOSS,1119,1,6,0,2,3,4,1,4,1,1,1,0,1,4.7
jacksja02,Jaren Jackson,MEMPHIS GRIZZLIES,AWAY,MINNESOTA TIMBERWOLVES,WIN,1157,5,10,2,6,0,0,0,2,1,0,1,2,6,4.6
greenja01,JaMychal Green,LOS ANGELES CLIPPERS,HOME,WASHINGTON WIZARDS,WIN,611,1,3,1,2,2,2,0,2,0,1,0,0,1,4.5
nunnke01,Kendrick Nunn,MIAMI HEAT,AWAY,BROOKLYN NETS,WIN,1494,5,15,1,7,0,0,0,1,3,0,0,0,1,4.5
caldwke01,Kentavious Caldwell-Pope,LOS ANGELES LAKERS,HOME,DALLAS MAVERICKS,LOSS,1419,3,7,1,2,0,0,0,3,2,1,0,1,3,4.4
chrisma01,Marquese Chriss,GOLDEN STATE WARRIORS,AWAY,ORLANDO MAGIC,LOSS,1364,0,2,0,1,3,4,0,6,1,0,2,0,2,4.3
howardw01,Dwight Howard,LOS ANGELES LAKERS,HOME,DALLAS MAVERICKS,LOSS,742,2,3,0,0,0,2,1,2,2,0,0,0,1,4.2
gudurma01,Marko Guduric,MEMPHIS GRIZZLIES,AWAY,MINNESOTA TIMBERWOLVES,WIN,758,3,6,1,2,1,1,0,1,2,0,0,2,2,3.9
pattepa01,Patrick Patterson,LOS ANGELES CLIPPERS,HOME,WASHINGTON WIZARDS,WIN,820,2,4,2,4,0,0,0,2,1,0,0,1,1,3.9
templga01,Garrett Temple,BROOKLYN NETS,HOME,MIAMI HEAT,LOSS,2050,3,12,1,8,0,0,1,5,5,0,0,1,2,3.7
dienggo01,Gorgui Dieng,MINNESOTA TIMBERWOLVES,HOME,MEMPHIS GRIZZLIES,LOSS,737,1,4,1,3,0,0,2,3,0,1,2,1,2,3.5
greenda02,Danny Green,LOS ANGELES LAKERS,HOME,DALLAS MAVERICKS,LOSS,1673,3,10,2,8,0,0,0,2,1,1,0,1,0,3.5
bradlto01,Tony Bradley,UTAH JAZZ,AWAY,TORONTO RAPTORS,LOSS,394,1,2,0,0,2,2,0,2,0,0,0,0,1,3.2
hardati02,Tim Hardaway,DALLAS MAVERICKS,AWAY,LOS ANGELES LAKERS,WIN,1831,3,10,0,7,2,2,0,2,1,2,0,2,1,3.1
davised01,Ed Davis,UTAH JAZZ,AWAY,TORONTO RAPTORS,LOSS,780,1,2,0,0,0,0,3,4,0,0,1,2,0,3.0
doumbse01,Sekou Doumbouya,DETROIT PISTONS,HOME,SAN ANTONIO SPURS,WIN,155,2,2,0,0,0,1,0,0,0,0,0,0,0,3.0
grahatr01,Treveon Graham,MINNESOTA TIMBERWOLVES,HOME,MEMPHIS GRIZZLIES,LOSS,1297,1,5,0,1,4,4,2,3,0,0,0,1,3,3.0
greenja02,Javonte Green,BOSTON CELTICS,AWAY,NEW YORK KNICKS,WIN,496,1,2,1,2,0,0,1,1,0,0,0,0,0,3.0
robinmi01,Mitchell Robinson,NEW YORK KNICKS,HOME,BOSTON CELTICS,LOSS,1171,2,2,0,0,2,2,1,4,0,0,0,2,6,2.9
napiesh01,Shabazz Napier,MINNESOTA TIMBERWOLVES,HOME,MEMPHIS GRIZZLIES,LOSS,532,1,1,1,1,1,2,0,1,0,1,0,1,2,2.8
chiozch01,Chris Chiozza,WASHINGTON WIZARDS,AWAY,LOS ANGELES CLIPPERS,LOSS,377,0,0,0,0,0,0,0,1,2,2,0,1,0,2.7
dudleja01,Jared Dudley,LOS ANGELES LAKERS,HOME,DALLAS MAVERICKS,LOSS,190,0,0,0,0,0,0,1,0,1,1,0,0,0,2.4
forbebr01,Bryn Forbes,SAN ANTONIO SPURS,AWAY,DETROIT PISTONS,LOSS,1371,2,7,1,5,0,0,0,0,2,1,0,1,0,2.3
iwundwe01,Wesley Iwundu,ORLANDO MAGIC,HOME,GOLDEN STATE WARRIORS,WIN,611,0,2,0,0,2,2,1,0,0,1,0,0,0,2.3
marjabo01,Boban Marjanović,DALLAS MAVERICKS,AWAY,LOS ANGELES LAKERS,WIN,242,1,1,0,0,0,0,1,1,0,0,0,0,1,2.3
pinsoth01,Theo Pinson,BROOKLYN NETS,HOME,MIAMI HEAT,LOSS,829,2,4,1,2,0,0,1,2,1,0,0,2,2,2.2
theisda01,Daniel Theis,BOSTON CELTICS,AWAY,NEW YORK KNICKS,WIN,1017,1,1,0,0,0,0,0,2,2,0,1,1,3,2.2
snellto01,Tony Snell,DETROIT PISTONS,HOME,SAN ANTONIO SPURS,WIN,1040,2,5,1,3,0,0,0,1,1,0,0,0,3,2.1
waltode01,Derrick Walton,LOS ANGELES CLIPPERS,HOME,WASHINGTON WIZARDS,WIN,377,1,1,0,0,0,0,0,0,1,0,0,0,1,2.0
danietr01,Troy Daniels,LOS ANGELES LAKERS,HOME,DALLAS MAVERICKS,LOSS,1044,2,4,1,2,0,0,0,1,0,0,0,1,1,1.9
gordoaa01,Aaron Gordon,ORLANDO MAGIC,HOME,GOLDEN STATE WARRIORS,WIN,1806,2,11,1,5,3,4,1,6,4,0,0,3,3,1.8
carrode01,DeMarre Carroll,SAN ANTONIO SPURS,AWAY,DETROIT PISTONS,LOSS,720,0,3,0,1,4,6,0,1,1,0,0,0,1,1.7
fraziti01,Tim Frazier,DETROIT PISTONS,HOME,SAN ANTONIO SPURS,WIN,287,0,1,0,0,0,0,0,1,3,0,0,0,0,1.7
makerth01,Thon Maker,DETROIT PISTONS,HOME,SAN ANTONIO SPURS,WIN,287,1,1,0,0,0,0,0,0,0,0,0,0,0,1.7
burtode02,Deonte Burton,OKLAHOMA CITY THUNDER,AWAY,NEW ORLEANS PELICANS,WIN,506,1,2,0,0,0,0,0,1,1,0,0,0,1,1.6
willini01,Nigel Williams-Goss,UTAH JAZZ,AWAY,TORONTO RAPTORS,LOSS,394,0,2,0,0,2,2,1,1,0,0,0,0,0,1.6
musadz01,Džanan Musa,BROOKLYN NETS,HOME,MIAMI HEAT,LOSS,721,0,1,0,0,0,0,0,0,3,0,0,0,0,1.4
willigr01,Grant Williams,BOSTON CELTICS,AWAY,NEW YORK KNICKS,WIN,1348,2,5,0,1,0,0,1,1,1,0,0,0,4,1.4
cookqu01,Quinn Cook,LOS ANGELES LAKERS,HOME,DALLAS MAVERICKS,LOSS,190,0,1,0,1,2,2,0,0,0,0,0,0,0,1.3
bouchch01,Chris Boucher,TORONTO RAPTORS,HOME,UTAH JAZZ,WIN,297,0,1,0,1,0,0,1,0,0,1,0,0,0,1.0
millema01,Malcolm Miller,TORONTO RAPTORS,HOME,UTAH JAZZ,WIN,271,0,0,0,0,0,0,0,0,1,0,1,0,1,1.0
williro04,Robert Williams,BOSTON CELTICS,AWAY,NEW YORK KNICKS,WIN,409,1,3,0,0,1,1,1,1,0,0,2,2,2,0.9
hernade01,Dewan Hernandez,TORONTO RAPTORS,HOME,UTAH JAZZ,WIN,101,0,3,0,0,2,2,2,1,0,0,0,0,2,0.8
smithis01,Ish Smith,WASHINGTON WIZARDS,AWAY,LOS ANGELES CLIPPERS,LOSS,1027,2,6,0,1,0,0,0,1,3,1,0,2,3,0.8
mcraejo01,Jordan McRae,WASHINGTON WIZARDS,AWAY,LOS ANGELES CLIPPERS,LOSS,1069,3,10,0,2,2,2,0,1,2,0,0,2,3,0.7
herroty01,Tyler Herro,MIAMI HEAT,AWAY,BROOKLYN NETS,WIN,1253,2,6,0,1,0,0,0,1,0,0,0,0,1,0.5
okafoja01,Jahlil Okafor,NEW ORLEANS PELICANS,HOME,OKLAHOMA CITY THUNDER,LOSS,543,2,4,0,0,0,0,0,2,1,0,0,2,2,0.5
ellinwa01,Wayne Ellington,NEW YORK KNICKS,HOME,BOSTON CELTICS,LOSS,772,1,2,0,0,0,0,1,2,1,0,0,1,4,0.4
frazime01,Melvin Frazier,ORLANDO MAGIC,HOME,GOLDEN STATE WARRIORS,WIN,46,0,0,0,0,0,0,0,0,0,0,0,0,0,0.0
jonesde02,Derrick Jones,MIAMI HEAT,AWAY,BROOKLYN NETS,WIN,10,0,0,0,0,0,0,0,0,0,0,0,0,0,0.0
pondssh01,Shamorie Ponds,TORONTO RAPTORS,HOME,UTAH JAZZ,WIN,101,0,1,0,0,0,0,0,0,0,0,1,0,0,0.0
brunsja01,Jalen Brunson,DALLAS MAVERICKS,AWAY,LOS ANGELES LAKERS,WIN,630,0,3,0,1,0,0,1,1,2,0,0,0,1,-0.1
millspa02,Patty Mills,SAN ANTONIO SPURS,AWAY,DETROIT PISTONS,LOSS,982,2,8,0,3,0,0,0,0,1,0,0,0,0,-0.1
shumpim01,Iman Shumpert,BROOKLYN NETS,HOME,MIAMI HEAT,LOSS,1014,1,5,0,1,0,0,0,0,1,0,1,0,1,-0.1
fergute01,Terrance Ferguson,OKLAHOMA CITY THUNDER,AWAY,NEW ORLEANS PELICANS,WIN,1819,1,5,1,5,0,0,0,2,0,1,0,1,2,-0.3
bambamo01,Mohamed Bamba,ORLANDO MAGIC,HOME,GOLDEN STATE WARRIORS,WIN,1047,2,7,0,3,0,0,0,2,0,0,1,0,4,-0.4
lylestr01,Trey Lyles,SAN ANTONIO SPURS,AWAY,DETROIT PISTONS,LOSS,992,2,8,1,4,0,0,0,3,0,0,1,1,3,-0.4
ntilila01,Frank Ntilikina,NEW YORK KNICKS,HOME,BOSTON CELTICS,LOSS,413,1,3,1,2,0,0,0,0,1,0,0,2,1,-0.4
mellini01,Nicolò Melli,NEW ORLEANS PELICANS,HOME,OKLAHOMA CITY THUNDER,LOSS,918,2,8,2,6,0,0,0,0,0,0,0,1,2,-0.6
olynyke01,Kelly Olynyk,MIAMI HEAT,AWAY,BROOKLYN NETS,WIN,361,0,1,0,1,0,0,0,0,0,0,0,0,0,-0.7
naderab01,Abdel Nader,OKLAHOMA CITY THUNDER,AWAY,NEW ORLEANS PELICANS,WIN,979,2,6,0,4,0,1,0,0,1,0,0,1,2,-0.9
niangge01,Georges Niang,UTAH JAZZ,AWAY,TORONTO RAPTORS,LOSS,720,0,2,0,1,1,2,0,3,0,0,0,1,0,-0.9
brissos01,Oshae Brissett,TORONTO RAPTORS,HOME,UTAH JAZZ,WIN,271,0,0,0,0,0,0,0,0,0,0,0,1,0,-1.0
curryse01,Seth Curry,DALLAS MAVERICKS,AWAY,LOS ANGELES LAKERS,WIN,933,1,5,1,4,0,0,0,1,0,0,0,1,1,-1.2
zubaciv01,Ivica Zubac,LOS ANGELES CLIPPERS,HOME,WASHINGTON WIZARDS,WIN,934,0,1,0,0,2,2,0,4,1,0,0,3,4,-1.4
augusdj01,D.J. Augustin,ORLANDO MAGIC,HOME,GOLDEN STATE WARRIORS,WIN,1454,0,5,0,4,0,0,0,5,4,0,0,2,1,-1.6
mooreet01,E'Twaun Moore,NEW ORLEANS PELICANS,HOME,OKLAHOMA CITY THUNDER,LOSS,1065,0,6,0,4,1,2,0,4,2,2,0,2,2,-1.8
clarkbr01,Brandon Clarke,MEMPHIS GRIZZLIES,AWAY,MINNESOTA TIMBERWOLVES,WIN,624,0,3,0,1,0,0,0,1,1,0,0,0,2,-1.9
kabenmf01,Mfiondu Kabengele,LOS ANGELES CLIPPERS,HOME,WASHINGTON WIZARDS,WIN,308,0,3,0,0,0,0,0,0,0,0,0,0,0,-2.1
edwarca01,Carsen Edwards,BOSTON CELTICS,AWAY,NEW YORK KNICKS,WIN,401,0,2,0,1,0,0,0,1,0,0,0,0,3,-2.3
kuzmaky01,Kyle Kuzma,LOS ANGELES LAKERS,HOME,DALLAS MAVERICKS,LOSS,1284,1,8,0,5,2,3,0,1,1,0,0,1,2,-2.4
bazleda01,Darius Bazley,OKLAHOMA CITY THUNDER,AWAY,NEW ORLEANS PELICANS,WIN,862,0,3,0,1,0,0,0,2,0,0,0,1,1,-2.9
mudiaem01,Emmanuel Mudiay,UTAH JAZZ,AWAY,TORONTO RAPTORS,LOSS,1023,1,7,0,3,0,0,0,1,3,0,0,3,3,-4.3
poolejo01,Jordan Poole,GOLDEN STATE WARRIORS,AWAY,ORLANDO MAGIC,LOSS,948,0,8,0,4,1,2,0,0,0,0,1,0,0,-4.3
smartma01,Marcus Smart,BOSTON CELTICS,AWAY,NEW YORK KNICKS,WIN,1179,0,6,0,3,0,0,2,1,0,0,0,2,3,-5.7
