slug,name,team,location,opponent,outcome,seconds_played,made_field_goals,attempted_field_goals,made_three_point_field_goals,attempted_three_point_field_goals,made_free_throws,attempted_free_throws,offensive_rebounds,defensive_rebounds,assists,steals,blocks,turnovers,personal_fouls,game_score
collijo01,John Collins,ATLANTA HAWKS,HOME,LOS ANGELES CLIPPERS,WIN,2143,12,22,3,6,6,6,7,9,2,3,1,0,3,33.9
bealbr01,Bradley Beal,WASHINGTON WIZARDS,AWAY,MIAMI HEAT,LOSS,2295,16,24,2,8,4,4,1,8,5,1,0,2,5,31.2
townska01,Karl-Anthony Towns,MINNESOTA TIMBERWOLVES,AWAY,CHICAGO BULLS,LOSS,1876,16,24,4,8,4,5,1,5,2,0,0,2,4,29.2
schrode01,Dennis Schröder,OKLAHOMA CITY THUNDER,AWAY,ORLANDO MAGIC,WIN,1980,13,18,3,4,2,3,0,3,9,0,0,1,1,29.0
aldrila01,LaMarcus Aldridge,SAN ANTONIO SPURS,AWAY,NEW ORLEANS PELICANS,WIN,2097,12,20,1,4,7,8,6,8,2,1,2,3,5,27.8
davisan02,Anthony Davis,LOS ANGELES LAKERS,AWAY,NEW YORK KNICKS,WIN,1803,7,14,1,2,13,13,1,4,5,1,2,1,0,27.8
westbru01,Russell Westbrook,HOUSTON ROCKETS,HOME,DENVER NUGGETS,WIN,2060,11,25,0,0,6,7,6,10,8,4,1,5,2,26.2
butleji01,Jimmy Butler,MIAMI HEAT,HOME,WASHINGTON WIZARDS,WIN,2036,4,10,0,1,16,18,1,6,10,0,1,2,2,25.2
sabondo01,Domantas Sabonis,INDIANA PACERS,AWAY,PHOENIX SUNS,WIN,2022,8,11,0,0,8,11,3,10,4,0,1,1,2,25.1
goberru01,Rudy Gobert,UTAH JAZZ,AWAY,GOLDEN STATE WARRIORS,WIN,1816,10,13,0,0,2,7,6,9,2,1,3,1,2,24.5
hardeja01,James Harden,HOUSTON ROCKETS,HOME,DENVER NUGGETS,WIN,1884,6,13,2,6,13,15,1,4,5,2,0,3,3,22.7
dragigo01,Goran Dragić,MIAMI HEAT,HOME,WASHINGTON WIZARDS,WIN,1797,7,12,1,4,7,7,1,5,10,1,0,4,1,22.2
vucevni01,Nikola Vučević,ORLANDO MAGIC,HOME,OKLAHOMA CITY THUNDER,LOSS,2100,10,20,3,7,1,1,3,8,5,3,1,2,5,21.7
herroty01,Tyler Herro,MIAMI HEAT,HOME,WASHINGTON WIZARDS,WIN,1982,8,14,7,9,2,2,0,3,2,1,0,0,1,21.3
tatumja01,Jayson Tatum,BOSTON CELTICS,HOME,MEMPHIS GRIZZLIES,WIN,1568,9,18,3,7,2,2,1,6,4,2,1,1,0,21.0
gordoer01,Eric Gordon,HOUSTON ROCKETS,HOME,DENVER NUGGETS,WIN,1757,8,11,6,8,3,3,0,0,2,0,1,1,2,20.8
balllo01,Lonzo Ball,NEW ORLEANS PELICANS,HOME,SAN ANTONIO SPURS,LOSS,2337,4,8,3,6,3,4,2,6,12,3,0,3,2,20.4
jacksre01,Reggie Jackson,DETROIT PISTONS,HOME,SACRAMENTO KINGS,WIN,1145,8,14,3,7,3,3,0,3,4,2,0,1,0,20.1
rosede01,Derrick Rose,DETROIT PISTONS,HOME,SACRAMENTO KINGS,WIN,1807,8,17,0,1,6,7,0,6,11,0,0,1,4,19.8
rosste01,Terrence Ross,ORLANDO MAGIC,HOME,OKLAHOMA CITY THUNDER,LOSS,1713,8,16,5,11,5,5,0,3,2,2,0,1,4,19.7
mitchdo01,Donovan Mitchell,UTAH JAZZ,AWAY,GOLDEN STATE WARRIORS,WIN,1342,8,13,4,8,3,4,0,4,3,1,0,1,1,19.6
woodch01,Christian Wood,DETROIT PISTONS,HOME,SACRAMENTO KINGS,WIN,1528,7,7,0,0,9,11,0,3,1,1,0,3,1,19.3
jamesle01,LeBron James,LOS ANGELES LAKERS,AWAY,NEW YORK KNICKS,WIN,2163,9,16,2,5,1,3,0,6,5,5,0,4,0,18.9
mccontj01,T.J. McConnell,INDIANA PACERS,AWAY,PHOENIX SUNS,WIN,1594,4,5,0,0,2,2,0,4,11,3,1,1,2,18.9
warretj01,T.J. Warren,INDIANA PACERS,AWAY,PHOENIX SUNS,WIN,1820,11,18,0,0,3,4,1,2,0,3,1,1,4,18.8
napiesh01,Shabazz Napier,MINNESOTA TIMBERWOLVES,AWAY,CHICAGO BULLS,LOSS,1849,5,6,2,3,4,4,1,6,5,2,0,2,3,18.6
gilgesh01,Shai Gilgeous-Alexander,OKLAHOMA CITY THUNDER,AWAY,ORLANDO MAGIC,WIN,2256,7,10,0,0,4,5,0,12,1,3,3,3,4,18.2
russeda01,D'Angelo Russell,GOLDEN STATE WARRIORS,HOME,UTAH JAZZ,LOSS,1664,10,21,2,7,4,4,1,2,3,0,0,1,0,17.7
valanjo01,Jonas Valančiūnas,MEMPHIS GRIZZLIES,AWAY,BOSTON CELTICS,LOSS,1568,7,13,1,2,1,2,3,10,1,2,2,0,2,17.7
gasolma01,Marc Gasol,TORONTO RAPTORS,HOME,PHILADELPHIA 76ERS,WIN,1475,7,7,3,3,0,0,1,4,3,1,0,2,1,17.5
harremo01,Montrezl Harrell,LOS ANGELES CLIPPERS,AWAY,ATLANTA HAWKS,LOSS,1962,12,23,0,1,6,13,2,5,0,1,3,4,1,17.5
bertada01,Dāvis Bertāns,WASHINGTON WIZARDS,AWAY,MIAMI HEAT,LOSS,1911,8,18,4,12,4,5,1,0,4,1,1,1,3,17.2
vanvlfr01,Fred VanVleet,TORONTO RAPTORS,HOME,PHILADELPHIA 76ERS,WIN,2494,8,17,6,7,0,1,2,3,8,1,0,3,4,17.2
wiggian01,Andrew Wiggins,MINNESOTA TIMBERWOLVES,AWAY,CHICAGO BULLS,LOSS,2109,10,19,4,10,1,6,1,4,9,1,0,5,2,17.1
theisda01,Daniel Theis,BOSTON CELTICS,HOME,MEMPHIS GRIZZLIES,WIN,1133,5,7,3,3,1,2,1,3,2,2,3,0,2,17.0
dunnkr01,Kris Dunn,CHICAGO BULLS,HOME,MINNESOTA TIMBERWOLVES,WIN,1899,3,4,0,1,8,9,1,5,4,2,0,1,3,16.8
capelca01,Clint Capela,HOUSTON ROCKETS,HOME,DENVER NUGGETS,WIN,2031,7,14,0,0,0,1,8,3,2,0,5,1,1,16.6
harrito02,Tobias Harris,PHILADELPHIA 76ERS,AWAY,TORONTO RAPTORS,LOSS,2443,7,18,4,10,4,5,0,6,4,1,2,1,3,16.6
grantje01,Jerami Grant,DENVER NUGGETS,AWAY,HOUSTON ROCKETS,LOSS,2080,7,17,2,4,1,1,4,3,1,3,2,0,1,16.3
willizi01,Zion Williamson,NEW ORLEANS PELICANS,HOME,SAN ANTONIO SPURS,LOSS,1098,8,11,4,4,2,4,2,5,3,0,0,5,1,16.3
paulch01,Chris Paul,OKLAHOMA CITY THUNDER,AWAY,ORLANDO MAGIC,WIN,1750,5,12,0,3,9,11,0,3,6,3,0,3,2,16.1
feliccr01,Cristiano Felício,CHICAGO BULLS,HOME,MINNESOTA TIMBERWOLVES,WIN,1306,5,6,0,0,2,2,7,2,1,0,0,0,0,16.0
ibakase01,Serge Ibaka,TORONTO RAPTORS,HOME,PHILADELPHIA 76ERS,WIN,1648,6,9,2,3,2,3,0,7,2,2,0,0,3,16.0
foxde01,De'Aaron Fox,SACRAMENTO KINGS,AWAY,DETROIT PISTONS,LOSS,1818,8,17,1,2,5,9,0,3,3,3,0,1,3,15.5
simmobe01,Ben Simmons,PHILADELPHIA 76ERS,AWAY,TORONTO RAPTORS,LOSS,2278,5,7,0,0,7,9,2,8,8,2,0,8,3,15.5
jokicni01,Nikola Jokić,DENVER NUGGETS,AWAY,HOUSTON ROCKETS,LOSS,2048,8,19,0,1,3,6,4,8,10,1,1,6,2,14.8
olynyke01,Kelly Olynyk,MIAMI HEAT,HOME,WASHINGTON WIZARDS,WIN,1261,5,7,2,3,2,2,1,4,2,1,0,0,2,14.6
bogdabo02,Bojan Bogdanović,UTAH JAZZ,AWAY,GOLDEN STATE WARRIORS,WIN,1734,6,14,4,8,2,3,0,4,3,1,0,0,0,14.5
lavinza01,Zach LaVine,CHICAGO BULLS,HOME,MINNESOTA TIMBERWOLVES,WIN,1989,8,18,3,6,6,8,1,4,1,0,1,3,2,14.3
smartma01,Marcus Smart,BOSTON CELTICS,HOME,MEMPHIS GRIZZLIES,WIN,1741,4,9,2,6,2,2,1,5,6,1,0,0,2,13.9
derozde01,DeMar DeRozan,SAN ANTONIO SPURS,AWAY,NEW ORLEANS PELICANS,WIN,2183,8,16,0,0,4,4,1,4,1,1,0,1,3,13.4
mahinia01,Ian Mahinmi,WASHINGTON WIZARDS,AWAY,MIAMI HEAT,LOSS,2099,3,8,0,1,4,5,3,7,4,1,2,0,3,13.4
kornelu01,Luke Kornet,CHICAGO BULLS,HOME,MINNESOTA TIMBERWOLVES,WIN,1053,5,10,1,5,4,4,1,2,2,1,1,0,3,13.2
powelno01,Norman Powell,TORONTO RAPTORS,HOME,PHILADELPHIA 76ERS,WIN,1697,6,11,1,5,5,6,0,8,0,0,1,1,3,13.2
hillso01,Solomon Hill,MEMPHIS GRIZZLIES,AWAY,BOSTON CELTICS,LOSS,1272,4,6,3,4,2,3,0,2,2,1,0,0,0,13.0
kanteen01,Enes Kanter,BOSTON CELTICS,HOME,MEMPHIS GRIZZLIES,WIN,1142,6,8,0,0,1,2,4,4,3,0,1,2,3,13.0
gibsota01,Taj Gibson,NEW YORK KNICKS,HOME,LOS ANGELES LAKERS,LOSS,1073,6,6,0,0,0,0,1,4,1,0,1,0,2,12.7
bjeline01,Nemanja Bjelica,SACRAMENTO KINGS,AWAY,DETROIT PISTONS,LOSS,1753,6,12,1,4,1,1,4,5,5,1,0,3,3,12.6
whitede01,Derrick White,SAN ANTONIO SPURS,AWAY,NEW ORLEANS PELICANS,WIN,1646,4,9,1,3,3,4,1,3,7,1,0,1,2,12.6
markkla01,Lauri Markkanen,CHICAGO BULLS,HOME,MINNESOTA TIMBERWOLVES,WIN,2051,6,14,4,10,5,6,1,5,1,1,0,3,4,12.5
goodwbr01,Brandon Goodwin,ATLANTA HAWKS,HOME,LOS ANGELES CLIPPERS,WIN,1178,6,14,3,4,4,4,0,3,3,0,0,1,3,12.4
gordoaa01,Aaron Gordon,ORLANDO MAGIC,HOME,OKLAHOMA CITY THUNDER,LOSS,2075,6,13,2,4,0,2,4,4,3,1,0,0,3,12.4
craigto01,Torrey Craig,DENVER NUGGETS,AWAY,HOUSTON ROCKETS,LOSS,1611,6,10,1,3,1,2,2,5,0,2,2,1,5,12.3
zubaciv01,Ivica Zubac,LOS ANGELES CLIPPERS,AWAY,ATLANTA HAWKS,LOSS,918,5,6,0,0,1,2,2,4,2,0,0,0,1,12.0
morrimo01,Monte Morris,DENVER NUGGETS,AWAY,HOUSTON ROCKETS,LOSS,1736,4,7,2,4,1,1,0,2,3,3,0,1,2,11.6
horfoal01,Al Horford,PHILADELPHIA 76ERS,AWAY,TORONTO RAPTORS,LOSS,2175,3,11,1,6,0,0,2,8,7,2,0,0,0,11.2
gallola01,Langston Galloway,DETROIT PISTONS,HOME,SACRAMENTO KINGS,WIN,1766,5,10,2,6,2,3,0,1,0,4,0,1,2,11.1
inglejo01,Joe Ingles,UTAH JAZZ,AWAY,GOLDEN STATE WARRIORS,WIN,1504,4,7,2,3,1,2,0,2,8,0,0,2,1,11.1
bogdabo01,Bogdan Bogdanović,SACRAMENTO KINGS,AWAY,DETROIT PISTONS,LOSS,1541,8,17,3,8,0,0,1,1,3,0,0,2,1,11.0
korkmfu01,Furkan Korkmaz,PHILADELPHIA 76ERS,AWAY,TORONTO RAPTORS,LOSS,1640,6,13,4,8,1,2,0,2,1,0,2,0,4,11.0
paytoel01,Elfrid Payton,NEW YORK KNICKS,HOME,LOS ANGELES LAKERS,LOSS,1916,4,6,0,1,0,2,2,4,9,1,2,5,0,10.9
chrisma01,Marquese Chriss,GOLDEN STATE WARRIORS,HOME,UTAH JAZZ,LOSS,1057,5,9,0,1,1,2,4,4,1,0,0,0,1,10.6
fultzma01,Markelle Fultz,ORLANDO MAGIC,HOME,OKLAHOMA CITY THUNDER,LOSS,1906,4,7,1,1,2,2,0,5,6,0,0,2,2,10.6
hutchch01,Chandler Hutchison,CHICAGO BULLS,HOME,MINNESOTA TIMBERWOLVES,WIN,1230,3,6,0,1,3,4,0,8,1,3,0,0,3,10.5
makerth01,Thon Maker,DETROIT PISTONS,HOME,SACRAMENTO KINGS,WIN,1352,1,2,0,0,8,11,2,8,1,1,2,3,3,10.5
caldwke01,Kentavious Caldwell-Pope,LOS ANGELES LAKERS,AWAY,NEW YORK KNICKS,WIN,1579,5,10,3,7,0,0,2,2,2,0,0,1,0,10.4
doziepj01,PJ Dozier,DENVER NUGGETS,AWAY,HOUSTON ROCKETS,LOSS,1278,7,12,1,4,0,0,1,2,2,0,0,1,2,10.3
dotsoda01,Damyean Dotson,NEW YORK KNICKS,HOME,LOS ANGELES LAKERS,LOSS,1644,6,14,5,11,0,0,1,1,0,1,0,1,1,10.2
holidjr01,Jrue Holiday,NEW ORLEANS PELICANS,HOME,SAN ANTONIO SPURS,LOSS,2101,4,11,1,5,3,4,1,1,4,1,1,0,2,10.2
okoboel01,Elie Okobo,PHOENIX SUNS,HOME,INDIANA PACERS,LOSS,1595,2,9,1,4,6,6,2,3,3,1,1,1,1,10.2
riverau01,Austin Rivers,HOUSTON ROCKETS,HOME,DENVER NUGGETS,WIN,1269,3,5,3,4,2,2,0,4,1,2,0,2,1,10.2
noelne01,Nerlens Noel,OKLAHOMA CITY THUNDER,AWAY,ORLANDO MAGIC,WIN,1790,7,10,0,1,0,0,0,7,0,1,2,3,3,10.1
muscami01,Mike Muscala,OKLAHOMA CITY THUNDER,AWAY,ORLANDO MAGIC,WIN,1090,5,6,4,4,0,0,0,1,1,0,0,2,2,10.0
willilo02,Lou Williams,LOS ANGELES CLIPPERS,AWAY,ATLANTA HAWKS,LOSS,2072,6,19,0,7,6,6,0,6,7,0,0,3,2,10.0
favorde01,Derrick Favors,NEW ORLEANS PELICANS,HOME,SAN ANTONIO SPURS,LOSS,1353,5,7,0,0,1,1,1,9,0,1,0,1,4,9.9
siakapa01,Pascal Siakam,TORONTO RAPTORS,HOME,PHILADELPHIA 76ERS,WIN,2053,8,23,1,8,1,2,2,13,3,1,0,2,3,9.9
cartemi01,Michael Carter-Williams,ORLANDO MAGIC,HOME,OKLAHOMA CITY THUNDER,LOSS,1142,6,12,1,2,2,3,1,1,3,1,1,2,4,9.8
mykhasv01,Sviatoslav Mykhailiuk,DETROIT PISTONS,HOME,SACRAMENTO KINGS,WIN,1748,3,4,2,3,5,5,1,2,0,1,1,3,4,9.8
anderky01,Kyle Anderson,MEMPHIS GRIZZLIES,AWAY,BOSTON CELTICS,LOSS,858,4,7,0,1,2,2,0,0,2,2,0,0,1,9.7
lowryky01,Kyle Lowry,TORONTO RAPTORS,HOME,PHILADELPHIA 76ERS,WIN,2111,5,12,0,5,6,9,0,3,4,0,0,2,1,9.7
haywago01,Gordon Hayward,BOSTON CELTICS,HOME,MEMPHIS GRIZZLIES,WIN,1683,4,7,2,4,2,2,0,3,4,1,0,3,2,9.6
niangge01,Georges Niang,UTAH JAZZ,AWAY,GOLDEN STATE WARRIORS,WIN,1292,4,7,3,5,0,0,0,2,3,1,0,1,2,9.6
randlju01,Julius Randle,NEW YORK KNICKS,HOME,LOS ANGELES LAKERS,LOSS,2098,6,16,0,4,4,5,3,5,6,1,0,4,5,9.6
spellom01,Omari Spellman,GOLDEN STATE WARRIORS,HOME,UTAH JAZZ,LOSS,925,3,7,0,2,6,6,1,1,0,1,0,0,2,9.5
murrade01,Dejounte Murray,SAN ANTONIO SPURS,AWAY,NEW ORLEANS PELICANS,WIN,1469,5,11,1,2,2,3,0,5,2,1,0,1,1,9.4
dedmode01,Dewayne Dedmon,SACRAMENTO KINGS,AWAY,DETROIT PISTONS,LOSS,1867,6,13,1,4,0,0,4,6,2,0,0,1,5,9.3
mcraejo01,Jordan McRae,WASHINGTON WIZARDS,AWAY,MIAMI HEAT,LOSS,2044,5,15,2,8,2,2,1,2,5,1,0,0,5,9.3
onealro01,Royce O'Neale,UTAH JAZZ,AWAY,GOLDEN STATE WARRIORS,WIN,1582,2,3,0,1,0,0,1,8,6,0,0,0,2,9.2
walkeke02,Kemba Walker,BOSTON CELTICS,HOME,MEMPHIS GRIZZLIES,WIN,1556,2,9,2,5,2,3,1,2,4,2,2,0,1,9.2
tuckepj01,P.J. Tucker,HOUSTON ROCKETS,HOME,DENVER NUGGETS,WIN,1889,3,9,2,6,0,0,3,6,4,1,0,0,4,9.0
allengr01,Grayson Allen,MEMPHIS GRIZZLIES,AWAY,BOSTON CELTICS,LOSS,1082,4,8,0,3,2,2,0,4,3,0,0,0,1,8.9
mcderdo01,Doug McDermott,INDIANA PACERS,AWAY,PHOENIX SUNS,WIN,1535,5,8,2,4,0,0,0,3,2,0,0,1,2,8.9
nunnke01,Kendrick Nunn,MIAMI HEAT,HOME,WASHINGTON WIZARDS,WIN,1544,5,10,2,4,2,2,1,3,1,0,0,2,1,8.9
bridgmi01,Mikal Bridges,PHOENIX SUNS,HOME,INDIANA PACERS,LOSS,1995,4,8,1,3,0,0,1,5,0,2,0,0,1,8.8
thomais02,Isaiah Thomas,WASHINGTON WIZARDS,AWAY,MIAMI HEAT,LOSS,1469,5,11,3,7,1,2,1,3,3,1,0,3,2,8.8
bryanth01,Thomas Bryant,WASHINGTON WIZARDS,AWAY,MIAMI HEAT,LOSS,996,3,4,0,0,0,0,0,6,2,0,2,0,1,8.6
rondora01,Rajon Rondo,LOS ANGELES LAKERS,AWAY,NEW YORK KNICKS,WIN,1097,3,6,2,4,0,2,0,1,3,2,0,0,0,8.6
bookede01,Devin Booker,PHOENIX SUNS,HOME,INDIANA PACERS,LOSS,1871,5,12,0,3,6,6,0,2,3,1,0,4,2,8.5
hieldbu01,Buddy Hield,SACRAMENTO KINGS,AWAY,DETROIT PISTONS,LOSS,1733,6,16,2,9,0,1,0,4,5,2,0,1,5,8.5
morrima03,Marcus Morris,NEW YORK KNICKS,HOME,LOS ANGELES LAKERS,LOSS,2243,7,16,4,9,2,2,1,5,1,0,0,4,5,8.5
poeltja01,Jakob Poeltl,SAN ANTONIO SPURS,AWAY,NEW ORLEANS PELICANS,WIN,783,2,3,0,0,2,2,0,5,3,1,2,1,3,8.5
gallida01,Danilo Gallinari,OKLAHOMA CITY THUNDER,AWAY,ORLANDO MAGIC,WIN,1900,4,11,2,7,2,2,0,6,1,1,0,1,0,8.4
ingrabr01,Brandon Ingram,NEW ORLEANS PELICANS,HOME,SAN ANTONIO SPURS,LOSS,2047,6,22,2,8,8,11,0,3,2,1,0,2,2,8.3
robingl02,Glenn Robinson,GOLDEN STATE WARRIORS,HOME,UTAH JAZZ,LOSS,1489,4,8,2,4,0,0,2,1,1,0,1,0,2,8.3
shamela01,Landry Shamet,LOS ANGELES CLIPPERS,AWAY,ATLANTA HAWKS,LOSS,2169,4,10,2,6,3,4,0,2,0,2,1,1,3,8.3
wanambr01,Brad Wanamaker,BOSTON CELTICS,HOME,MEMPHIS GRIZZLIES,WIN,1508,5,11,0,3,0,0,0,3,3,1,0,0,0,8.3
greenja02,Javonte Green,BOSTON CELTICS,HOME,MEMPHIS GRIZZLIES,WIN,1147,2,6,0,0,5,7,0,1,2,1,1,0,0,8.2
holidju01,Justin Holiday,INDIANA PACERS,AWAY,PHOENIX SUNS,WIN,1508,4,6,3,4,0,0,0,3,1,0,0,1,2,8.2
robindu01,Duncan Robinson,MIAMI HEAT,HOME,WASHINGTON WIZARDS,WIN,959,4,7,4,7,1,2,0,2,0,0,0,1,2,8.1
fernabr01,Bruno Fernando,ATLANTA HAWKS,HOME,LOS ANGELES CLIPPERS,WIN,1127,2,7,0,0,2,2,6,3,1,2,2,2,3,7.9
hayesja02,Jaxson Hayes,NEW ORLEANS PELICANS,HOME,SAN ANTONIO SPURS,LOSS,937,3,4,0,0,3,3,0,3,1,0,1,1,2,7.9
pascher01,Eric Paschall,GOLDEN STATE WARRIORS,HOME,UTAH JAZZ,LOSS,1555,4,10,0,1,3,5,2,2,3,0,0,0,3,7.7
huertke01,Kevin Huerter,ATLANTA HAWKS,HOME,LOS ANGELES CLIPPERS,WIN,2146,5,14,2,6,0,0,1,6,3,1,0,1,3,7.6
clarkjo01,Jordan Clarkson,UTAH JAZZ,AWAY,GOLDEN STATE WARRIORS,WIN,1574,3,11,1,6,3,4,2,3,3,0,0,0,0,7.5
kuzmaky01,Kyle Kuzma,LOS ANGELES LAKERS,AWAY,NEW YORK KNICKS,WIN,1673,4,10,0,2,2,3,2,5,1,0,2,1,2,7.4
morrima02,Markieff Morris,DETROIT PISTONS,HOME,SACRAMENTO KINGS,WIN,1593,4,12,3,6,2,2,0,11,1,0,0,2,2,7.4
hartjo01,Josh Hart,NEW ORLEANS PELICANS,HOME,SAN ANTONIO SPURS,LOSS,1516,3,6,2,5,2,2,0,5,1,0,1,1,4,7.3
turnemy01,Myles Turner,INDIANA PACERS,AWAY,PHOENIX SUNS,WIN,1527,4,9,1,4,0,1,0,8,0,0,4,1,2,7.3
browntr01,Troy Brown,WASHINGTON WIZARDS,AWAY,MIAMI HEAT,LOSS,1229,4,8,0,2,1,2,0,3,4,1,0,1,3,7.1
aytonde01,Deandre Ayton,PHOENIX SUNS,HOME,INDIANA PACERS,LOSS,1830,5,12,0,0,0,0,3,5,2,1,0,1,4,7.0
oubreke01,Kelly Oubre,PHOENIX SUNS,HOME,INDIANA PACERS,LOSS,1926,5,16,1,4,6,7,1,8,0,0,1,3,3,7.0
redicjj01,J.J. Redick,NEW ORLEANS PELICANS,HOME,SAN ANTONIO SPURS,LOSS,1328,3,5,1,3,3,3,0,0,1,0,0,1,1,7.0
howardw01,Dwight Howard,LOS ANGELES LAKERS,AWAY,NEW YORK KNICKS,WIN,1636,2,4,0,0,1,4,2,10,0,1,3,1,4,6.7
ojelese01,Semi Ojeleye,BOSTON CELTICS,HOME,MEMPHIS GRIZZLIES,WIN,877,3,4,1,2,0,0,0,2,1,0,0,0,0,6.7
clarkbr01,Brandon Clarke,MEMPHIS GRIZZLIES,AWAY,BOSTON CELTICS,LOSS,1385,4,6,1,2,0,0,0,2,2,0,0,1,2,6.6
greendr01,Draymond Green,GOLDEN STATE WARRIORS,HOME,UTAH JAZZ,LOSS,1511,2,3,1,2,0,0,0,4,2,1,0,0,2,6.5
belinma01,Marco Belinelli,SAN ANTONIO SPURS,AWAY,NEW ORLEANS PELICANS,WIN,1023,3,4,2,2,0,0,0,1,0,0,0,0,1,6.3
forbebr01,Bryn Forbes,SAN ANTONIO SPURS,AWAY,NEW ORLEANS PELICANS,WIN,1421,4,8,2,5,1,2,0,1,1,0,0,1,1,6.2
meltode01,De'Anthony Melton,MEMPHIS GRIZZLIES,AWAY,BOSTON CELTICS,LOSS,1319,4,6,0,1,0,0,0,1,3,1,1,3,1,6.1
burksal01,Alec Burks,GOLDEN STATE WARRIORS,HOME,UTAH JAZZ,LOSS,1463,2,7,1,2,2,2,1,5,1,1,0,0,2,6.0
robinmi01,Mitchell Robinson,NEW YORK KNICKS,HOME,LOS ANGELES LAKERS,LOSS,1440,2,3,0,0,0,0,2,10,1,0,1,1,4,5.9
snellto01,Tony Snell,DETROIT PISTONS,HOME,SACRAMENTO KINGS,WIN,1990,2,3,2,3,0,0,0,3,1,0,0,0,1,5.9
jacksja02,Jaren Jackson,MEMPHIS GRIZZLIES,AWAY,BOSTON CELTICS,LOSS,1535,5,15,3,8,0,0,0,5,1,0,4,3,2,5.7
barneha02,Harrison Barnes,SACRAMENTO KINGS,AWAY,DETROIT PISTONS,LOSS,2076,3,9,1,2,1,2,1,7,0,0,1,0,1,5.6
hernaju01,Juan Hernangómez,DENVER NUGGETS,AWAY,HOUSTON ROCKETS,LOSS,842,1,1,0,0,2,2,1,3,1,0,0,0,1,5.6
edwarca01,Carsen Edwards,BOSTON CELTICS,HOME,MEMPHIS GRIZZLIES,WIN,720,3,5,1,2,0,0,0,1,2,1,0,2,0,5.4
mudiaem01,Emmanuel Mudiay,UTAH JAZZ,AWAY,GOLDEN STATE WARRIORS,WIN,569,3,4,2,3,0,0,0,0,2,0,0,2,1,5.4
portibo01,Bobby Portis,NEW YORK KNICKS,HOME,LOS ANGELES LAKERS,LOSS,1117,2,8,0,1,1,2,2,0,5,1,0,0,1,5.3
mcgeeja01,JaVale McGee,LOS ANGELES LAKERS,AWAY,NEW YORK KNICKS,WIN,1004,3,5,0,0,0,1,3,2,0,0,0,0,2,5.2
thybuma01,Matisse Thybulle,PHILADELPHIA 76ERS,AWAY,TORONTO RAPTORS,LOSS,1643,5,12,3,9,0,0,0,2,0,2,0,2,5,5.2
gilesha01,Harry Giles,SACRAMENTO KINGS,AWAY,DETROIT PISTONS,LOSS,640,1,2,0,0,1,2,1,3,3,1,0,1,1,4.9
jonesde02,Derrick Jones,MIAMI HEAT,HOME,WASHINGTON WIZARDS,WIN,1717,3,6,0,1,0,0,1,3,0,0,1,0,1,4.9
dortlu01,Luguentz Dort,OKLAHOMA CITY THUNDER,AWAY,ORLANDO MAGIC,WIN,1553,2,4,0,0,2,2,0,0,2,2,0,1,4,4.8
mcgruro01,Rodney McGruder,LOS ANGELES CLIPPERS,AWAY,ATLANTA HAWKS,LOSS,1434,2,7,0,1,3,6,1,5,1,1,0,0,2,4.8
beaslma01,Malik Beasley,DENVER NUGGETS,AWAY,HOUSTON ROCKETS,LOSS,1832,4,10,1,5,3,3,0,0,1,0,0,1,4,4.7
birchkh01,Khem Birch,ORLANDO MAGIC,HOME,OKLAHOMA CITY THUNDER,LOSS,761,2,4,0,0,0,0,3,2,0,0,0,0,0,4.7
brogdma01,Malcolm Brogdon,INDIANA PACERS,AWAY,PHOENIX SUNS,WIN,952,2,4,1,1,0,0,0,0,3,0,0,0,1,4.7
dienggo01,Gorgui Dieng,MINNESOTA TIMBERWOLVES,AWAY,CHICAGO BULLS,LOSS,1004,1,5,1,4,0,0,1,6,1,2,1,0,3,4.6
mclaujo01,Jordan McLaughlin,MINNESOTA TIMBERWOLVES,AWAY,CHICAGO BULLS,LOSS,1031,1,4,1,3,2,2,0,0,2,1,0,0,1,4.6
walkelo01,Lonnie Walker,SAN ANTONIO SPURS,AWAY,NEW ORLEANS PELICANS,WIN,808,2,4,1,1,1,2,0,1,0,1,0,0,1,4.5
bartowi01,Will Barton,DENVER NUGGETS,AWAY,HOUSTON ROCKETS,LOSS,2303,3,14,2,6,0,0,1,2,6,2,1,2,3,4.4
lenal01,Alex Len,ATLANTA HAWKS,HOME,LOS ANGELES CLIPPERS,WIN,1188,3,6,0,2,1,2,3,4,0,1,0,2,4,4.3
josepco01,Cory Joseph,SACRAMENTO KINGS,AWAY,DETROIT PISTONS,LOSS,986,1,1,0,0,1,2,0,2,1,1,0,0,1,4.2
youngth01,Thaddeus Young,CHICAGO BULLS,HOME,MINNESOTA TIMBERWOLVES,WIN,1160,3,5,0,1,0,0,0,5,0,1,0,2,0,4.2
covinro01,Robert Covington,MINNESOTA TIMBERWOLVES,AWAY,CHICAGO BULLS,LOSS,1864,4,9,1,5,0,0,1,6,1,0,1,3,3,4.0
greenja01,JaMychal Green,LOS ANGELES CLIPPERS,AWAY,ATLANTA HAWKS,LOSS,1326,1,3,1,2,0,0,2,4,0,1,1,0,4,4.0
reddica01,Cam Reddish,ATLANTA HAWKS,HOME,LOS ANGELES CLIPPERS,WIN,1631,3,9,0,3,4,5,1,7,1,0,0,2,5,4.0
bazemke01,Kent Bazemore,SACRAMENTO KINGS,AWAY,DETROIT PISTONS,LOSS,964,2,4,1,2,2,4,1,2,0,1,0,1,4,3.9
conlemi01,Mike Conley,UTAH JAZZ,AWAY,GOLDEN STATE WARRIORS,WIN,1110,4,10,0,4,0,0,0,1,1,1,0,0,2,3.8
scottmi01,Mike Scott,PHILADELPHIA 76ERS,AWAY,TORONTO RAPTORS,LOSS,898,2,7,2,5,0,0,1,2,0,1,0,0,1,3.8
cancavl01,Vlatko Čančar,DENVER NUGGETS,AWAY,HOUSTON ROCKETS,LOSS,199,1,1,1,1,0,0,0,1,1,1,0,1,0,3.7
jonesty01,Tyus Jones,MEMPHIS GRIZZLIES,AWAY,BOSTON CELTICS,LOSS,1034,1,4,1,1,0,0,0,1,4,0,0,0,0,3.7
miltosh01,Shake Milton,PHILADELPHIA 76ERS,AWAY,TORONTO RAPTORS,LOSS,1351,3,10,3,6,0,0,1,3,2,0,0,1,4,3.6
smithis01,Ish Smith,WASHINGTON WIZARDS,AWAY,MIAMI HEAT,LOSS,1695,3,6,1,1,0,0,0,1,1,0,0,1,1,3.6
carteje01,Jevon Carter,PHOENIX SUNS,HOME,INDIANA PACERS,LOSS,1165,2,5,1,1,1,1,1,1,0,0,0,0,2,3.5
paytoga02,Gary Payton,WASHINGTON WIZARDS,AWAY,MIAMI HEAT,LOSS,895,1,2,0,1,0,0,0,1,2,2,0,0,3,3.5
whiteco01,Coby White,CHICAGO BULLS,HOME,MINNESOTA TIMBERWOLVES,WIN,1496,5,12,1,4,1,3,0,3,2,0,0,2,4,3.5
diallha01,Hamidou Diallo,OKLAHOMA CITY THUNDER,AWAY,ORLANDO MAGIC,WIN,1080,2,3,0,0,0,0,0,3,1,0,0,1,0,3.3
millspa02,Patty Mills,SAN ANTONIO SPURS,AWAY,NEW ORLEANS PELICANS,WIN,1459,3,9,2,8,0,0,0,3,1,0,0,1,1,3.1
robinje01,Jerome Robinson,LOS ANGELES CLIPPERS,AWAY,ATLANTA HAWKS,LOSS,1162,1,5,1,3,0,0,0,5,4,0,1,1,2,3.1
bambamo01,Mohamed Bamba,ORLANDO MAGIC,HOME,OKLAHOMA CITY THUNDER,LOSS,780,1,2,0,1,0,0,0,2,1,0,1,0,0,3.0
bazleda01,Darius Bazley,OKLAHOMA CITY THUNDER,AWAY,ORLANDO MAGIC,WIN,1001,1,2,0,0,0,0,0,1,1,0,2,0,1,3.0
diallch01,Cheick Diallo,PHOENIX SUNS,HOME,INDIANA PACERS,LOSS,776,1,3,0,1,3,4,0,3,0,0,0,0,2,3.0
lylestr01,Trey Lyles,SAN ANTONIO SPURS,AWAY,NEW ORLEANS PELICANS,WIN,947,2,3,1,2,0,0,0,3,0,1,0,1,4,3.0
fournev01,Evan Fournier,ORLANDO MAGIC,HOME,OKLAHOMA CITY THUNDER,LOSS,2159,5,12,1,6,1,1,0,1,6,1,0,7,3,2.9
morgaju01,Juwan Morgan,UTAH JAZZ,AWAY,GOLDEN STATE WARRIORS,WIN,359,1,1,1,1,0,0,0,2,0,0,0,0,1,2.9
teaguje01,Jeff Teague,ATLANTA HAWKS,HOME,LOS ANGELES CLIPPERS,WIN,1490,1,7,1,2,0,0,1,2,8,0,0,1,4,2.8
bradlto01,Tony Bradley,UTAH JAZZ,AWAY,GOLDEN STATE WARRIORS,WIN,627,1,3,0,0,1,3,3,4,0,0,0,0,3,2.6
harklma01,Maurice Harkless,LOS ANGELES CLIPPERS,AWAY,ATLANTA HAWKS,LOSS,1631,2,3,0,0,2,2,1,4,1,0,0,4,2,2.5
johnsja01,James Johnson,MIAMI HEAT,HOME,WASHINGTON WIZARDS,WIN,1727,3,8,1,4,0,0,0,1,2,0,2,2,3,2.5
knoxke01,Kevin Knox,NEW YORK KNICKS,HOME,LOS ANGELES LAKERS,LOSS,637,1,3,1,1,2,2,0,0,0,0,0,0,2,2.5
netora01,Raul Neto,PHILADELPHIA 76ERS,AWAY,TORONTO RAPTORS,LOSS,692,1,3,1,1,0,0,0,2,2,0,0,0,2,2.5
holidaa01,Aaron Holiday,INDIANA PACERS,AWAY,PHOENIX SUNS,WIN,1147,3,10,1,3,0,0,0,2,2,1,0,1,2,2.4
davised01,Ed Davis,UTAH JAZZ,AWAY,GOLDEN STATE WARRIORS,WIN,437,1,2,0,0,0,0,2,2,0,0,0,0,2,2.2
daviste02,Terence Davis,TORONTO RAPTORS,HOME,PHILADELPHIA 76ERS,WIN,809,0,1,0,0,0,0,1,5,3,0,0,1,1,2.2
iwundwe01,Wesley Iwundu,ORLANDO MAGIC,HOME,OKLAHOMA CITY THUNDER,LOSS,1520,2,6,1,3,1,2,0,2,0,1,0,0,4,2.2
pattepa01,Patrick Patterson,LOS ANGELES CLIPPERS,AWAY,ATLANTA HAWKS,LOSS,390,0,1,0,1,2,2,0,2,1,0,0,0,1,2.2
satorto01,Tomáš Satoranský,CHICAGO BULLS,HOME,MINNESOTA TIMBERWOLVES,WIN,1336,1,7,0,2,0,0,1,3,5,1,0,1,1,2.2
bongais01,Isaac Bonga,WASHINGTON WIZARDS,AWAY,MIAMI HEAT,LOSS,1186,2,3,1,2,0,0,0,2,0,2,0,3,3,2.1
arcidry01,Ryan Arcidiacono,CHICAGO BULLS,HOME,MINNESOTA TIMBERWOLVES,WIN,880,0,2,0,0,1,1,0,1,4,0,0,0,2,1.9
mooreet01,E'Twaun Moore,NEW ORLEANS PELICANS,HOME,SAN ANTONIO SPURS,LOSS,833,2,6,1,4,0,0,0,0,1,0,0,0,1,1.9
jeromty01,Ty Jerome,PHOENIX SUNS,HOME,INDIANA PACERS,LOSS,702,1,4,0,1,0,0,0,2,1,1,1,0,2,1.8
harteis01,Isaiah Hartenstein,HOUSTON ROCKETS,HOME,DENVER NUGGETS,WIN,216,1,1,0,0,0,0,0,0,0,0,0,0,0,1.7
rubiori01,Ricky Rubio,PHOENIX SUNS,HOME,INDIANA PACERS,LOSS,1352,3,8,0,2,1,2,0,2,3,1,0,3,3,1.7
jamesju01,Justin James,SACRAMENTO KINGS,AWAY,DETROIT PISTONS,LOSS,92,0,0,0,0,1,2,0,0,0,1,0,0,0,1.6
okogijo01,Josh Okogie,MINNESOTA TIMBERWOLVES,AWAY,CHICAGO BULLS,LOSS,1142,0,3,0,2,0,0,3,3,5,0,0,2,2,1.6
tuckera01,Rayjon Tucker,UTAH JAZZ,AWAY,GOLDEN STATE WARRIORS,WIN,454,3,5,0,1,0,0,1,0,0,0,0,2,2,1.6
saricda01,Dario Šarić,PHOENIX SUNS,HOME,INDIANA PACERS,LOSS,1187,2,7,0,1,0,0,1,4,1,0,0,1,0,1.5
carusal01,Alex Caruso,LOS ANGELES LAKERS,AWAY,NEW YORK KNICKS,WIN,1153,0,3,0,1,2,2,0,1,1,1,1,0,3,1.4
adebaba01,Bam Adebayo,MIAMI HEAT,HOME,WASHINGTON WIZARDS,WIN,2065,3,8,0,0,0,1,1,7,2,0,1,4,2,1.3
bitadgo01,Goga Bitadze,INDIANA PACERS,AWAY,PHOENIX SUNS,WIN,215,0,0,0,0,0,0,0,3,1,0,1,1,0,1.3
waltode01,Derrick Walton,LOS ANGELES CLIPPERS,AWAY,ATLANTA HAWKS,LOSS,413,0,0,0,0,1,2,0,0,1,0,0,0,0,1.3
grahatr01,Treveon Graham,ATLANTA HAWKS,HOME,LOS ANGELES CLIPPERS,WIN,479,0,1,0,1,1,2,2,1,0,0,0,0,1,1.2
gudurma01,Marko Guduric,MEMPHIS GRIZZLIES,AWAY,BOSTON CELTICS,LOSS,669,0,1,0,1,2,2,0,2,0,0,1,1,1,1.2
willigr01,Grant Williams,BOSTON CELTICS,HOME,MEMPHIS GRIZZLIES,WIN,720,1,3,0,0,0,0,1,2,1,0,1,1,2,1.2
bullore01,Reggie Bullock,NEW YORK KNICKS,HOME,LOS ANGELES LAKERS,LOSS,1268,2,6,1,5,0,0,1,2,0,0,0,1,2,1.1
poirivi01,Vincent Poirier,BOSTON CELTICS,HOME,MEMPHIS GRIZZLIES,WIN,605,1,2,0,0,0,0,0,3,0,0,0,0,2,1.1
doumbse01,Sekou Doumbouya,DETROIT PISTONS,HOME,SACRAMENTO KINGS,WIN,1287,1,4,0,3,2,2,0,7,0,0,1,3,1,1.0
ennisja01,James Ennis,PHILADELPHIA 76ERS,AWAY,TORONTO RAPTORS,LOSS,343,0,1,0,1,0,0,1,1,1,0,0,0,0,1.0
sampsja02,JaKarr Sampson,INDIANA PACERS,AWAY,PHOENIX SUNS,WIN,215,1,2,0,0,0,0,0,0,0,0,0,0,0,1.0
alexani01,Nickeil Alexander-Walker,NEW ORLEANS PELICANS,HOME,SAN ANTONIO SPURS,LOSS,309,1,3,0,0,0,0,0,1,1,0,0,0,1,0.9
evansja02,Jacob Evans,GOLDEN STATE WARRIORS,HOME,UTAH JAZZ,LOSS,1132,2,5,0,2,0,0,0,0,1,1,1,2,2,0.9
mannte01,Terance Mann,LOS ANGELES CLIPPERS,AWAY,ATLANTA HAWKS,LOSS,923,0,1,0,0,1,2,0,0,2,0,2,1,2,0.9
houseda01,Danuel House,HOUSTON ROCKETS,HOME,DENVER NUGGETS,WIN,1481,1,5,0,2,0,0,0,4,1,0,0,0,0,0.8
pelleno01,Norvel Pelle,PHILADELPHIA 76ERS,AWAY,TORONTO RAPTORS,LOSS,705,0,2,0,0,1,2,1,3,0,0,2,1,1,0.8
bateske01,Keita Bates-Diop,MINNESOTA TIMBERWOLVES,AWAY,CHICAGO BULLS,LOSS,807,1,4,0,1,2,5,1,1,0,1,0,1,2,0.6
sefolth01,Thabo Sefolosha,HOUSTON ROCKETS,HOME,DENVER NUGGETS,WIN,185,0,0,0,0,0,0,0,3,1,0,0,1,0,0.6
sumneed01,Edmond Sumner,INDIANA PACERS,AWAY,PHOENIX SUNS,WIN,595,1,2,1,1,0,2,0,1,0,0,0,1,0,0.5
leeda03,Damion Lee,GOLDEN STATE WARRIORS,HOME,UTAH JAZZ,LOSS,1480,3,7,0,1,0,1,0,2,4,1,1,5,4,0.4
lambje01,Jeremy Lamb,INDIANA PACERS,AWAY,PHOENIX SUNS,WIN,1268,2,9,0,3,0,0,0,2,2,1,0,0,3,0.3
leoname01,Meyers Leonard,MIAMI HEAT,HOME,WASHINGTON WIZARDS,WIN,812,1,3,0,0,1,2,0,3,0,0,1,1,3,0.3
mellini01,Nicolò Melli,NEW ORLEANS PELICANS,HOME,SAN ANTONIO SPURS,LOSS,82,0,0,0,0,0,0,1,0,0,0,0,0,1,0.3
willijo04,Johnathan Williams,WASHINGTON WIZARDS,AWAY,MIAMI HEAT,LOSS,81,0,0,0,0,0,0,0,1,0,0,0,0,0,0.3
anunoog01,OG Anunoby,TORONTO RAPTORS,HOME,PHILADELPHIA 76ERS,WIN,1283,0,3,0,1,0,0,1,1,2,1,1,1,2,0.2
caulewi01,Willie Cauley-Stein,GOLDEN STATE WARRIORS,HOME,UTAH JAZZ,LOSS,830,0,5,0,0,2,2,0,4,2,0,1,0,4,0.2
bradlav01,Avery Bradley,LOS ANGELES LAKERS,AWAY,NEW YORK KNICKS,WIN,1134,2,7,0,2,0,0,0,0,0,1,0,0,2,0.1
bonejo01,Jordan Bone,DETROIT PISTONS,HOME,SACRAMENTO KINGS,WIN,92,0,0,0,0,0,0,0,0,0,0,0,0,0,0.0
clarkga01,Gary Clark,ORLANDO MAGIC,HOME,OKLAHOMA CITY THUNDER,LOSS,244,0,0,0,0,0,0,0,0,0,0,0,0,0,0.0
jacksfr01,Frank Jackson,NEW ORLEANS PELICANS,HOME,SAN ANTONIO SPURS,LOSS,459,0,1,0,1,0,0,1,0,0,0,0,0,0,0.0
mccawpa01,Patrick McCaw,TORONTO RAPTORS,HOME,PHILADELPHIA 76ERS,WIN,17,0,0,0,0,0,0,0,0,0,0,0,0,0,0.0
richajo01,Josh Richardson,PHILADELPHIA 76ERS,AWAY,TORONTO RAPTORS,LOSS,232,0,0,0,0,0,0,0,0,0,0,0,0,0,0.0
cartevi01,Vince Carter,ATLANTA HAWKS,HOME,LOS ANGELES CLIPPERS,WIN,750,1,6,1,5,0,0,1,2,2,0,0,2,0,-0.1
ferreyo01,Yogi Ferrell,SACRAMENTO KINGS,AWAY,DETROIT PISTONS,LOSS,472,1,3,0,1,0,0,0,0,0,0,0,0,1,-0.1
holliro01,Rondae Hollis-Jefferson,TORONTO RAPTORS,HOME,PHILADELPHIA 76ERS,WIN,813,0,3,0,1,0,0,1,1,2,0,0,0,1,-0.1
kinglo02,Louis King,DETROIT PISTONS,HOME,SACRAMENTO KINGS,WIN,92,0,0,0,0,0,0,0,1,0,0,0,0,1,-0.1
moranja01,Ja Morant,MEMPHIS GRIZZLIES,AWAY,BOSTON CELTICS,LOSS,1439,1,5,0,1,0,0,0,1,5,0,0,2,2,-0.1
greenda02,Danny Green,LOS ANGELES LAKERS,AWAY,NEW YORK KNICKS,WIN,1158,1,7,1,4,0,0,1,1,1,2,0,2,1,-0.2
poolejo01,Jordan Poole,GOLDEN STATE WARRIORS,HOME,UTAH JAZZ,LOSS,1294,0,6,0,1,2,2,0,1,2,0,1,0,1,-0.2
clemoch01,Chris Clemons,HOUSTON ROCKETS,HOME,DENVER NUGGETS,WIN,216,1,2,0,1,0,0,0,0,1,0,0,2,0,-0.3
crabbal01,Allen Crabbe,MINNESOTA TIMBERWOLVES,AWAY,CHICAGO BULLS,LOSS,1220,2,7,1,5,0,0,0,2,0,0,0,1,2,-0.3
vandeja01,Jarred Vanderbilt,DENVER NUGGETS,AWAY,HOUSTON ROCKETS,LOSS,471,1,1,0,0,0,0,0,1,0,0,0,2,1,-0.4
frazimi01,Michael Frazier,HOUSTON ROCKETS,HOME,DENVER NUGGETS,WIN,356,0,1,0,1,0,0,0,0,0,1,0,0,2,-0.5
mclembe01,Ben McLemore,HOUSTON ROCKETS,HOME,DENVER NUGGETS,WIN,1056,1,3,0,1,0,0,0,1,1,0,0,2,1,-1.1
tollian01,Anthony Tolliver,SACRAMENTO KINGS,AWAY,DETROIT PISTONS,LOSS,366,0,2,0,2,0,0,0,0,1,0,0,0,1,-1.1
brookdi01,Dillon Brooks,MEMPHIS GRIZZLIES,AWAY,BOSTON CELTICS,LOSS,1139,1,6,1,3,3,4,2,1,0,0,0,4,2,-1.3
culveja01,Jarrett Culver,MINNESOTA TIMBERWOLVES,AWAY,CHICAGO BULLS,LOSS,1498,1,5,1,3,0,2,1,0,2,0,1,2,3,-1.3
crowdja01,Jae Crowder,MEMPHIS GRIZZLIES,AWAY,BOSTON CELTICS,LOSS,1100,1,8,1,5,0,0,0,6,1,1,0,2,2,-1.5
gayru01,Rudy Gay,SAN ANTONIO SPURS,AWAY,NEW ORLEANS PELICANS,WIN,564,0,2,0,0,0,0,1,1,0,0,0,1,1,-1.8
jonesda03,Damian Jones,ATLANTA HAWKS,HOME,LOS ANGELES CLIPPERS,WIN,85,0,0,0,0,0,0,0,0,0,0,0,1,2,-1.8
smithde03,Dennis Smith,NEW YORK KNICKS,HOME,LOS ANGELES LAKERS,LOSS,216,0,2,0,0,0,0,0,1,0,0,0,1,0,-2.1
jeffrda01,DaQuan Jeffries,SACRAMENTO KINGS,AWAY,DETROIT PISTONS,LOSS,92,0,2,0,1,0,0,0,0,0,0,0,0,2,-2.2
huntede01,De'Andre Hunter,ATLANTA HAWKS,HOME,LOS ANGELES CLIPPERS,WIN,2183,3,16,1,6,1,2,1,3,1,1,0,3,3,-3.3
ntilila01,Frank Ntilikina,NEW YORK KNICKS,HOME,LOS ANGELES LAKERS,LOSS,748,0,8,0,2,0,0,0,2,1,0,0,0,1,-4.7
