Position,Name + ID,Name,ID,Roster Position,Salary,Game Info,TeamAbbrev,AvgPointsPerGame
C,Nikola Jokic (17179219),Nikola Jokic,17179219,C/UTIL,11000,DEN@POR 04/21/2021 10:00PM ET,DEN,58.87
PG,Russell Westbrook (17179221),Russell Westbrook,17179221,PG/G/UTIL,10900,GS@WAS 04/21/2021 07:00PM ET,WAS,56.18
PG/SF,Luka Doncic (17179224),Luka Doncic,17179224,PG/SF/F/G/UTIL,10800,DET@DAL 04/21/2021 08:30PM ET,DAL,55.26
PG,James Harden (17179229),James Harden,17179229,PG/G/UTIL,10700,BKN@TOR 04/21/2021 07:00PM ET,BKN,56.62
C,Joel Embiid (17179232),Joel Embiid,17179232,C/UTIL,10600,PHO@PHI 04/21/2021 07:00PM ET,PHI,53.47
PG,Stephen Curry (17179234),Stephen Curry,17179234,PG/G/UTIL,10500,GS@WAS 04/21/2021 07:00PM ET,GS,50.92
C,Karl-Anthony Towns (17179237),Karl-Anthony Towns,17179237,C/UTIL,10400,MIN@SAC 04/21/2021 10:00PM ET,MIN,50.47
PF/C,Julius Randle (17179239),Julius Randle,17179239,PF/C/F/UTIL,10200,ATL@NY 04/21/2021 08:00PM ET,NY,48.85
PG,De'Aaron Fox (17179243),De'Aaron Fox,17179243,PG/G/UTIL,10000,MIN@SAC 04/21/2021 10:00PM ET,SAC,43.81
C,Nikola Vucevic (17179246),Nikola Vucevic,17179246,C/UTIL,9900,CHI@CLE 04/21/2021 07:00PM ET,CHI,48.80
PG/SG,Kyrie Irving (17179248),Kyrie Irving,17179248,PG/SG/G/UTIL,9900,BKN@TOR 04/21/2021 07:00PM ET,BKN,46.59
SF,Jimmy Butler (17179252),Jimmy Butler,17179252,SF/F/UTIL,9800,MIA@SA 04/21/2021 08:30PM ET,MIA,46.23
PG/SG,Donovan Mitchell (17179255),Donovan Mitchell,17179255,PG/SG/G/UTIL,9700,UTA@HOU 04/21/2021 08:00PM ET,UTA,42.69
PG,Damian Lillard (17179259),Damian Lillard,17179259,PG/G/UTIL,9600,DEN@POR 04/21/2021 10:00PM ET,POR,48.58
SG,Bradley Beal (17179262),Bradley Beal,17179262,SG/G/UTIL,9400,GS@WAS 04/21/2021 07:00PM ET,WAS,46.65
SG,Paul George (17179265),Paul George,17179265,SG/G/UTIL,9300,MEM@LAC 04/21/2021 10:00PM ET,LAC,43.48
SG,Zach LaVine (17179272),Zach LaVine,17179272,SG/G/UTIL,9200,CHI@CLE 04/21/2021 07:00PM ET,CHI,44.11
PF/C,Domantas Sabonis (17179268),Domantas Sabonis,17179268,PF/C/F/UTIL,9200,OKC@IND 04/21/2021 07:00PM ET,IND,46.95
PG,Trae Young (17179275),Trae Young,17179275,PG/G/UTIL,9200,ATL@NY 04/21/2021 08:00PM ET,ATL,46.30
PF,Kevin Durant (17179281),Kevin Durant,17179281,PF/F/UTIL,9100,BKN@TOR 04/21/2021 07:00PM ET,BKN,46.99
SF,Kawhi Leonard (17179278),Kawhi Leonard,17179278,SF/F/UTIL,9100,MEM@LAC 04/21/2021 10:00PM ET,LAC,46.22
PF/C,Kristaps Porzingis (17179284),Kristaps Porzingis,17179284,PF/C/F/UTIL,9000,DET@DAL 04/21/2021 08:30PM ET,DAL,39.58
C,Clint Capela (17179288),Clint Capela,17179288,C/UTIL,8900,ATL@NY 04/21/2021 08:00PM ET,ATL,41.38
PG/SG,CJ McCollum (17179290),CJ McCollum,17179290,PG/SG/G/UTIL,8800,DEN@POR 04/21/2021 10:00PM ET,POR,40.06
PF,Pascal Siakam (17179294),Pascal Siakam,17179294,PF/F/UTIL,8700,BKN@TOR 04/21/2021 07:00PM ET,TOR,40.38
SG,Devin Booker (17179297),Devin Booker,17179297,SG/G/UTIL,8600,PHO@PHI 04/21/2021 07:00PM ET,PHO,39.32
PF/C,Christian Wood (17179300),Christian Wood,17179300,PF/C/F/UTIL,8500,UTA@HOU 04/21/2021 08:00PM ET,HOU,40.06
SF,DeMar DeRozan (17179304),DeMar DeRozan,17179304,SF/F/UTIL,8400,MIA@SA 04/21/2021 08:30PM ET,SA,39.34
C,Bam Adebayo (17179307),Bam Adebayo,17179307,C/UTIL,8300,MIA@SA 04/21/2021 08:30PM ET,MIA,42.28
PG/SG,Fred VanVleet (17179309),Fred VanVleet,17179309,PG/SG/G/UTIL,8200,BKN@TOR 04/21/2021 07:00PM ET,TOR,39.66
C,Jonas Valanciunas (17179313),Jonas Valanciunas,17179313,C/UTIL,8100,MEM@LAC 04/21/2021 10:00PM ET,MEM,38.54
C,Rudy Gobert (17179315),Rudy Gobert,17179315,C/UTIL,8000,UTA@HOU 04/21/2021 08:00PM ET,UTA,40.29
SF/PF,Michael Porter Jr. (17179317),Michael Porter Jr.,17179317,SF/PF/F/UTIL,7900,DEN@POR 04/21/2021 10:00PM ET,DEN,33.04
PG/SG,Shai Gilgeous-Alexander (17179321),Shai Gilgeous-Alexander,17179321,PG/SG/G/UTIL,7800,OKC@IND 04/21/2021 07:00PM ET,OKC,41
SG,Bogdan Bogdanovic (17179328),Bogdan Bogdanovic,17179328,SG/G/UTIL,7800,ATL@NY 04/21/2021 08:00PM ET,ATL,26.55
PG,Ben Simmons (17179325),Ben Simmons,17179325,PG/G/UTIL,7800,PHO@PHI 04/21/2021 07:00PM ET,PHI,38.58
PG,Kyle Lowry (17179337),Kyle Lowry,17179337,PG/G/UTIL,7700,BKN@TOR 04/21/2021 07:00PM ET,TOR,37.79
PG,John Wall (17179340),John Wall,17179340,PG/G/UTIL,7700,UTA@HOU 04/21/2021 08:00PM ET,HOU,37.80
PG,Malcolm Brogdon (17179334),Malcolm Brogdon,17179334,PG/G/UTIL,7700,OKC@IND 04/21/2021 07:00PM ET,IND,39.34
PG,Chris Paul (17179331),Chris Paul,17179331,PG/G/UTIL,7700,PHO@PHI 04/21/2021 07:00PM ET,PHO,38.09
PF/C,Chris Boucher (17179343),Chris Boucher,17179343,PF/C/F/UTIL,7600,BKN@TOR 04/21/2021 07:00PM ET,TOR,29.43
SG,Caris LeVert (17179351),Caris LeVert,17179351,SG/G/UTIL,7600,OKC@IND 04/21/2021 07:00PM ET,IND,34.71
SF/PF,Tobias Harris (17179347),Tobias Harris,17179347,SF/PF/F/UTIL,7600,PHO@PHI 04/21/2021 07:00PM ET,PHI,38.61
PG/SG,Collin Sexton (17179354),Collin Sexton,17179354,PG/SG/G/UTIL,7400,CHI@CLE 04/21/2021 07:00PM ET,CLE,36.12
C,Jarrett Allen (17179358),Jarrett Allen,17179358,C/UTIL,7300,CHI@CLE 04/21/2021 07:00PM ET,CLE,31.84
PG,Ja Morant (17179360),Ja Morant,17179360,PG/G/UTIL,7200,MEM@LAC 04/21/2021 10:00PM ET,MEM,36.17
PF/C,Draymond Green (17179363),Draymond Green,17179363,PF/C/F/UTIL,7100,GS@WAS 04/21/2021 07:00PM ET,GS,31.85
PG,Dejounte Murray (17179367),Dejounte Murray,17179367,PG/G/UTIL,7100,MIA@SA 04/21/2021 08:30PM ET,SA,35.68
C,Jaren Jackson Jr. (17179375),Jaren Jackson Jr.,17179375,C/UTIL,7100,MEM@LAC 04/21/2021 10:00PM ET,MEM,0
SG/SF,Anthony Edwards (17179370),Anthony Edwards,17179370,SG/SF/F/G/UTIL,7100,MIN@SAC 04/21/2021 10:00PM ET,MIN,31.04
SF/PF,Harrison Barnes (17179377),Harrison Barnes,17179377,SF/PF/F/UTIL,7100,MIN@SAC 04/21/2021 10:00PM ET,SAC,31.42
SG/SF,Luguentz Dort (17179381),Luguentz Dort,17179381,SG/SF/F/G/UTIL,7000,OKC@IND 04/21/2021 07:00PM ET,OKC,23.91
SG/SF,Buddy Hield (17179386),Buddy Hield,17179386,SG/SF/F/G/UTIL,7000,MIN@SAC 04/21/2021 10:00PM ET,SAC,30.18
C,Kelly Olynyk (17179399),Kelly Olynyk,17179399,C/UTIL,6900,UTA@HOU 04/21/2021 08:00PM ET,HOU,26.86
PG/SG,Victor Oladipo (17179395),Victor Oladipo,17179395,PG/SG/G/UTIL,6900,MIA@SA 04/21/2021 08:30PM ET,MIA,36.24
PF/C,Richaun Holmes (17179391),Richaun Holmes,17179391,PF/C/F/UTIL,6900,MIN@SAC 04/21/2021 10:00PM ET,SAC,32.46
PG,Darius Garland (17179410),Darius Garland,17179410,PG/G/UTIL,6800,CHI@CLE 04/21/2021 07:00PM ET,CLE,31.50
SG/SF,Andrew Wiggins (17179405),Andrew Wiggins,17179405,SG/SF/F/G/UTIL,6800,GS@WAS 04/21/2021 07:00PM ET,GS,31.5
SF/PF,OG Anunoby (17179401),OG Anunoby,17179401,SF/PF/F/UTIL,6800,BKN@TOR 04/21/2021 07:00PM ET,TOR,29.86
PG,Mike Conley (17179413),Mike Conley,17179413,PG/G/UTIL,6800,UTA@HOU 04/21/2021 08:00PM ET,UTA,32.73
PG/SG,Kevin Porter Jr. (17179416),Kevin Porter Jr.,17179416,PG/SG/G/UTIL,6800,UTA@HOU 04/21/2021 08:00PM ET,HOU,31.21
PF,Jerami Grant (17179420),Jerami Grant,17179420,PF/F/UTIL,6800,DET@DAL 04/21/2021 08:30PM ET,DET,36.38
PF/C,John Collins (17179423),John Collins,17179423,PF/C/F/UTIL,6700,ATL@NY 04/21/2021 08:00PM ET,ATL,33.18
PG/SG,Jordan Clarkson (17179429),Jordan Clarkson,17179429,PG/SG/G/UTIL,6600,UTA@HOU 04/21/2021 08:00PM ET,UTA,28.32
SG/SF,Norman Powell (17179433),Norman Powell,17179433,SG/SF/F/G/UTIL,6600,DEN@POR 04/21/2021 10:00PM ET,POR,28.99
C,Deandre Ayton (17179427),Deandre Ayton,17179427,C/UTIL,6600,PHO@PHI 04/21/2021 07:00PM ET,PHO,34.06
PF/C,Kevin Love (17179438),Kevin Love,17179438,PF/C/F/UTIL,6500,CHI@CLE 04/21/2021 07:00PM ET,CLE,24.96
SG/SF,Joe Ingles (17179442),Joe Ingles,17179442,SG/SF/F/G/UTIL,6400,UTA@HOU 04/21/2021 08:00PM ET,UTA,25.80
SF/PF,Jae'Sean Tate (17179447),Jae'Sean Tate,17179447,SF/PF/F/UTIL,6400,UTA@HOU 04/21/2021 08:00PM ET,HOU,24.49
PG,Malachi Flynn (17179460),Malachi Flynn,17179460,PG/G/UTIL,6300,BKN@TOR 04/21/2021 07:00PM ET,TOR,14.26
PG/SG,Derrick White (17179451),Derrick White,17179451,PG/SG/G/UTIL,6300,MIA@SA 04/21/2021 08:30PM ET,SA,27.52
PF,Kyle Anderson (17179463),Kyle Anderson,17179463,PF/F/UTIL,6300,MEM@LAC 04/21/2021 10:00PM ET,MEM,29.39
SF,RJ Barrett (17179455),RJ Barrett,17179455,SF/F/UTIL,6300,ATL@NY 04/21/2021 08:00PM ET,NY,30.75
C,Enes Kanter (17179458),Enes Kanter,17179458,C/UTIL,6300,DEN@POR 04/21/2021 10:00PM ET,POR,31.14
PF,Darius Bazley (17179466),Darius Bazley,17179466,PF/F/UTIL,6200,OKC@IND 04/21/2021 07:00PM ET,OKC,26.46
C,Hassan Whiteside (17179469),Hassan Whiteside,17179469,C/UTIL,6200,MIN@SAC 04/21/2021 10:00PM ET,SAC,19.49
SG/SF,Joe Harris (17179477),Joe Harris,17179477,SG/SF/F/G/UTIL,6100,BKN@TOR 04/21/2021 07:00PM ET,BKN,24.56
C,Myles Turner (17179475),Myles Turner,17179475,C/UTIL,6100,OKC@IND 04/21/2021 07:00PM ET,IND,30.98
PG/SG,D'Angelo Russell (17179471),D'Angelo Russell,17179471,PG/SG/G/UTIL,6100,MIN@SAC 04/21/2021 10:00PM ET,MIN,32.65
PG/SG,Tyrese Haliburton (17179482),Tyrese Haliburton,17179482,PG/SG/G/UTIL,6100,MIN@SAC 04/21/2021 10:00PM ET,SAC,27.88
PF/C,Larry Nance Jr. (17179491),Larry Nance Jr.,17179491,PF/C/F/UTIL,6000,CHI@CLE 04/21/2021 07:00PM ET,CLE,27.48
SG/SF,Gary Trent Jr. (17179486),Gary Trent Jr.,17179486,SG/SF/F/G/UTIL,6000,BKN@TOR 04/21/2021 07:00PM ET,TOR,24.33
C,Moses Brown (17179495),Moses Brown,17179495,C/UTIL,6000,OKC@IND 04/21/2021 07:00PM ET,OKC,22.63
SF/PF,Kelly Oubre Jr. (17179503),Kelly Oubre Jr.,17179503,SF/PF/F/UTIL,5900,GS@WAS 04/21/2021 07:00PM ET,GS,28.56
PF,Rui Hachimura (17179516),Rui Hachimura,17179516,PF/F/UTIL,5900,GS@WAS 04/21/2021 07:00PM ET,WAS,24.53
SF/PF,Bojan Bogdanovic (17179499),Bojan Bogdanovic,17179499,SF/PF/F/UTIL,5900,UTA@HOU 04/21/2021 08:00PM ET,UTA,24.84
C,Jakob Poeltl (17179497),Jakob Poeltl,17179497,C/UTIL,5900,MIA@SA 04/21/2021 08:30PM ET,SA,25.25
SG/SF,Dillon Brooks (17179511),Dillon Brooks,17179511,SG/SF/F/G/UTIL,5900,MEM@LAC 04/21/2021 10:00PM ET,MEM,27.27
PF/C,Robert Covington (17179507),Robert Covington,17179507,PF/C/F/UTIL,5900,DEN@POR 04/21/2021 10:00PM ET,POR,25.76
C,Al Horford (17179519),Al Horford,17179519,C/UTIL,5800,OKC@IND 04/21/2021 07:00PM ET,OKC,31.82
SG/SF,Kevin Huerter (17179521),Kevin Huerter,17179521,SG/SF/F/G/UTIL,5800,ATL@NY 04/21/2021 08:00PM ET,ATL,24.98
SF,Aleksej Pokusevski (17179540),Aleksej Pokusevski,17179540,SF/F/UTIL,5700,OKC@IND 04/21/2021 07:00PM ET,OKC,19.59
SF/PF,Marcus Morris Sr. (17179536),Marcus Morris Sr.,17179536,SF/PF/F/UTIL,5700,MEM@LAC 04/21/2021 10:00PM ET,LAC,22.48
SG/SF,Will Barton (17179526),Will Barton,17179526,SG/SF/F/G/UTIL,5700,DEN@POR 04/21/2021 10:00PM ET,DEN,25.59
SG/SF,Malik Beasley (17179531),Malik Beasley,17179531,SG/SF/F/G/UTIL,5700,MIN@SAC 04/21/2021 10:00PM ET,MIN,31.53
PG,Coby White (17179545),Coby White,17179545,PG/G/UTIL,5600,CHI@CLE 04/21/2021 07:00PM ET,CHI,27.88
PG/SG,Reggie Jackson (17179548),Reggie Jackson,17179548,PG/SG/G/UTIL,5600,MEM@LAC 04/21/2021 10:00PM ET,LAC,20.35
C,Isaiah Stewart (17179543),Isaiah Stewart,17179543,C/UTIL,5600,DET@DAL 04/21/2021 08:30PM ET,DET,19.79
SG,Eric Gordon (17179564),Eric Gordon,17179564,SG/G/UTIL,5500,UTA@HOU 04/21/2021 08:00PM ET,HOU,26.78
SG/SF,Duncan Robinson (17179559),Duncan Robinson,17179559,SG/SF/F/G/UTIL,5500,MIA@SA 04/21/2021 08:30PM ET,MIA,23.12
SF/PF,Aaron Gordon (17179567),Aaron Gordon,17179567,SF/PF/F/UTIL,5500,DEN@POR 04/21/2021 10:00PM ET,DEN,29.03
SF,Saddiq Bey (17179552),Saddiq Bey,17179552,SF/F/UTIL,5500,DET@DAL 04/21/2021 08:30PM ET,DET,21.04
SF/PF,Dorian Finney-Smith (17179555),Dorian Finney-Smith,17179555,SF/PF/F/UTIL,5500,DET@DAL 04/21/2021 08:30PM ET,DAL,21.97
PG,Theo Maledon (17179576),Theo Maledon,17179576,PG/G/UTIL,5400,OKC@IND 04/21/2021 07:00PM ET,OKC,20.98
PG/SG,Tyler Herro (17179579),Tyler Herro,17179579,PG/SG/G/UTIL,5400,MIA@SA 04/21/2021 08:30PM ET,MIA,28.31
C,Jusuf Nurkic (17179574),Jusuf Nurkic,17179574,C/UTIL,5400,DEN@POR 04/21/2021 10:00PM ET,POR,26.59
PF,Josh Jackson (17179571),Josh Jackson,17179571,PF/F/UTIL,5400,DET@DAL 04/21/2021 08:30PM ET,DET,24.50
PF/C,Thaddeus Young (17179589),Thaddeus Young,17179589,PF/C/F/UTIL,5300,CHI@CLE 04/21/2021 07:00PM ET,CHI,28.83
PG,Kendrick Nunn (17179583),Kendrick Nunn,17179583,PG/G/UTIL,5300,MIA@SA 04/21/2021 08:30PM ET,MIA,24.72
PF,Danilo Gallinari (17179586),Danilo Gallinari,17179586,PF/F/UTIL,5300,ATL@NY 04/21/2021 08:00PM ET,ATL,22.70
PG/SF,Bruce Brown (17179599),Bruce Brown,17179599,PG/SF/F/G/UTIL,5200,BKN@TOR 04/21/2021 07:00PM ET,BKN,19.70
PG,T.J. McConnell (17179596),T.J. McConnell,17179596,PG/G/UTIL,5200,OKC@IND 04/21/2021 07:00PM ET,IND,25.87
PG,Goran Dragic (17179593),Goran Dragic,17179593,PG/G/UTIL,5200,MIA@SA 04/21/2021 08:30PM ET,MIA,25.76
PF/C,Blake Griffin (17179608),Blake Griffin,17179608,PF/C/F/UTIL,5100,BKN@TOR 04/21/2021 07:00PM ET,BKN,24.07
C,Ivica Zubac (17179612),Ivica Zubac,17179612,C/UTIL,5100,MEM@LAC 04/21/2021 10:00PM ET,LAC,22.20
PG/SG,Derrick Rose (17179604),Derrick Rose,17179604,PG/SG/G/UTIL,5100,ATL@NY 04/21/2021 08:00PM ET,NY,24.95
PF/C,Jeff Green (17179617),Jeff Green,17179617,PF/C/F/UTIL,5000,BKN@TOR 04/21/2021 07:00PM ET,BKN,19.54
PF,Trevor Ariza (17179614),Trevor Ariza,17179614,PF/F/UTIL,5000,MIA@SA 04/21/2021 08:30PM ET,MIA,19.44
SG/SF,Furkan Korkmaz (17179621),Furkan Korkmaz,17179621,SG/SF/F/G/UTIL,5000,PHO@PHI 04/21/2021 07:00PM ET,PHI,16.76
PG/SG,Cory Joseph (17179626),Cory Joseph,17179626,PG/SG/G/UTIL,5000,DET@DAL 04/21/2021 08:30PM ET,DET,17.58
SG/SF,Josh Richardson (17179630),Josh Richardson,17179630,SG/SF/F/G/UTIL,5000,DET@DAL 04/21/2021 08:30PM ET,DAL,23.55
SG/SF,Kenrich Williams (17179638),Kenrich Williams,17179638,SG/SF/F/G/UTIL,4900,OKC@IND 04/21/2021 07:00PM ET,OKC,17.74
PF,Keldon Johnson (17179643),Keldon Johnson,17179643,PF/F/UTIL,4900,MIA@SA 04/21/2021 08:30PM ET,SA,25.52
SG,Grayson Allen (17179635),Grayson Allen,17179635,SG/G/UTIL,4900,MEM@LAC 04/21/2021 10:00PM ET,MEM,21.85
SG/SF,Danuel House Jr. (17179661),Danuel House Jr.,17179661,SG/SF/F/G/UTIL,4800,UTA@HOU 04/21/2021 08:00PM ET,HOU,19.44
SF/PF,Nicolas Batum (17179657),Nicolas Batum,17179657,SF/PF/F/UTIL,4800,MEM@LAC 04/21/2021 10:00PM ET,LAC,21.84
PG,Austin Rivers (17179652),Austin Rivers,17179652,PG/G/UTIL,4800,DEN@POR 04/21/2021 10:00PM ET,DEN,14.42
SF,Danny Green (17179646),Danny Green,17179646,SF/F/UTIL,4800,PHO@PHI 04/21/2021 07:00PM ET,PHI,22.12
PG,Ricky Rubio (17179649),Ricky Rubio,17179649,PG/G/UTIL,4800,MIN@SAC 04/21/2021 10:00PM ET,MIN,25.00
C,Mason Plumlee (17179655),Mason Plumlee,17179655,C/UTIL,4800,DET@DAL 04/21/2021 08:30PM ET,DET,29.63
SF/PF,Taurean Prince (17179685),Taurean Prince,17179685,SF/PF/F/UTIL,4700,CHI@CLE 04/21/2021 07:00PM ET,CLE,19.27
PG,Tomas Satoransky (17179689),Tomas Satoransky,17179689,PG/G/UTIL,4700,CHI@CLE 04/21/2021 07:00PM ET,CHI,20.04
C,Thomas Bryant (17179678),Thomas Bryant,17179678,C/UTIL,4700,GS@WAS 04/21/2021 07:00PM ET,WAS,26.62
C,Serge Ibaka (17179673),Serge Ibaka,17179673,C/UTIL,4700,MEM@LAC 04/21/2021 10:00PM ET,LAC,24.86
SF,De'Andre Hunter (17179675),De'Andre Hunter,17179675,SF/F/UTIL,4700,ATL@NY 04/21/2021 08:00PM ET,ATL,28.5
SG/SF,Reggie Bullock (17179680),Reggie Bullock,17179680,SG/SF/F/G/UTIL,4700,ATL@NY 04/21/2021 08:00PM ET,NY,19.13
SF,Mikal Bridges (17179670),Mikal Bridges,17179670,SF/F/UTIL,4700,PHO@PHI 04/21/2021 07:00PM ET,PHO,25.86
PF/C,Marvin Bagley III (17179666),Marvin Bagley III,17179666,PF/C/F/UTIL,4700,MIN@SAC 04/21/2021 10:00PM ET,SAC,26.78
SG,Landry Shamet (17179692),Landry Shamet,17179692,SG/G/UTIL,4600,BKN@TOR 04/21/2021 07:00PM ET,BKN,15.64
C,Dwight Howard (17179695),Dwight Howard,17179695,C/UTIL,4600,PHO@PHI 04/21/2021 07:00PM ET,PHI,20.32
C,Khem Birch (17179712),Khem Birch,17179712,C/UTIL,4500,BKN@TOR 04/21/2021 07:00PM ET,TOR,16.27
SF/PF,Royce O'Neale (17179697),Royce O'Neale,17179697,SF/PF/F/UTIL,4500,UTA@HOU 04/21/2021 08:00PM ET,UTA,22.26
PF/C,Isaiah Roby (17179701),Isaiah Roby,17179701,PF/C/F/UTIL,4500,OKC@IND 04/21/2021 07:00PM ET,OKC,21.17
PF,Rudy Gay (17179709),Rudy Gay,17179709,PF/F/UTIL,4500,MIA@SA 04/21/2021 08:30PM ET,SA,22.52
SG,Terance Mann (17179718),Terance Mann,17179718,SG/G/UTIL,4500,MEM@LAC 04/21/2021 10:00PM ET,LAC,14.77
PG/SG,Lou Williams (17179705),Lou Williams,17179705,PG/SG/G/UTIL,4500,ATL@NY 04/21/2021 08:00PM ET,ATL,21.32
PG/SG,Facundo Campazzo (17179714),Facundo Campazzo,17179714,PG/SG/G/UTIL,4500,DEN@POR 04/21/2021 10:00PM ET,DEN,13.83
SF/PF,Patrick Williams (17179731),Patrick Williams,17179731,SF/PF/F/UTIL,4400,CHI@CLE 04/21/2021 07:00PM ET,CHI,20.16
PF,Dean Wade (17179746),Dean Wade,17179746,PF/F/UTIL,4400,CHI@CLE 04/21/2021 07:00PM ET,CLE,12.86
C,James Wiseman (17179729),James Wiseman,17179729,C/UTIL,4400,GS@WAS 04/21/2021 07:00PM ET,GS,21.64
SF/PF,Deni Avdija (17179749),Deni Avdija,17179749,SF/PF/F/UTIL,4400,GS@WAS 04/21/2021 07:00PM ET,WAS,16.21
PG/SG,De'Anthony Melton (17179721),De'Anthony Melton,17179721,PG/SG/G/UTIL,4400,MEM@LAC 04/21/2021 10:00PM ET,MEM,22.69
PG,Cam Reddish (17179735),Cam Reddish,17179735,PG/G/UTIL,4400,ATL@NY 04/21/2021 08:00PM ET,ATL,21.46
SF,Alec Burks (17179741),Alec Burks,17179741,SF/F/UTIL,4400,ATL@NY 04/21/2021 08:00PM ET,NY,23.96
C,Mitchell Robinson (17179744),Mitchell Robinson,17179744,C/UTIL,4400,ATL@NY 04/21/2021 08:00PM ET,NY,24.23
SG,Seth Curry (17179738),Seth Curry,17179738,SG/G/UTIL,4400,PHO@PHI 04/21/2021 07:00PM ET,PHI,21.31
PG/SG,Jalen Brunson (17179725),Jalen Brunson,17179725,PG/SG/G/UTIL,4400,DET@DAL 04/21/2021 08:30PM ET,DAL,23.40
SF/PF,Davis Bertans (17179753),Davis Bertans,17179753,SF/PF/F/UTIL,4300,GS@WAS 04/21/2021 07:00PM ET,WAS,19.45
SF,Kent Bazemore (17179780),Kent Bazemore,17179780,SF/F/UTIL,4300,GS@WAS 04/21/2021 07:00PM ET,GS,15.06
SG/SF,Sterling Brown (17179772),Sterling Brown,17179772,SG/SF/F/G/UTIL,4300,UTA@HOU 04/21/2021 08:00PM ET,HOU,18.28
SG/SF,Jeremy Lamb (17179760),Jeremy Lamb,17179760,SG/SF/F/G/UTIL,4300,OKC@IND 04/21/2021 07:00PM ET,IND,20.42
PG,Elfrid Payton (17179765),Elfrid Payton,17179765,PG/G/UTIL,4300,ATL@NY 04/21/2021 08:00PM ET,NY,22.60
SF/PF,Solomon Hill (17179783),Solomon Hill,17179783,SF/PF/F/UTIL,4300,ATL@NY 04/21/2021 08:00PM ET,ATL,11.55
PF,Carmelo Anthony (17179757),Carmelo Anthony,17179757,PF/F/UTIL,4300,DEN@POR 04/21/2021 10:00PM ET,POR,23.06
PG/SG,Shake Milton (17179768),Shake Milton,17179768,PG/SG/G/UTIL,4300,PHO@PHI 04/21/2021 07:00PM ET,PHI,22.18
SF,Tim Hardaway Jr. (17179777),Tim Hardaway Jr.,17179777,SF/F/UTIL,4300,DET@DAL 04/21/2021 08:30PM ET,DAL,24.64
C,Isaiah Hartenstein (17179793),Isaiah Hartenstein,17179793,C/UTIL,4200,CHI@CLE 04/21/2021 07:00PM ET,CLE,13.87
PG/SG,Jordan Poole (17179800),Jordan Poole,17179800,PG/SG/G/UTIL,4200,GS@WAS 04/21/2021 07:00PM ET,GS,16.97
C,Goga Bitadze (17179791),Goga Bitadze,17179791,C/UTIL,4200,OKC@IND 04/21/2021 07:00PM ET,IND,13.09
PF/C,Xavier Tillman (17179787),Xavier Tillman,17179787,PF/C/F/UTIL,4200,MEM@LAC 04/21/2021 10:00PM ET,MEM,16.67
C,Nerlens Noel (17179795),Nerlens Noel,17179795,C/UTIL,4200,ATL@NY 04/21/2021 08:00PM ET,NY,19.98
PF,Jae Crowder (17179797),Jae Crowder,17179797,PF/F/UTIL,4200,PHO@PHI 04/21/2021 07:00PM ET,PHO,22.30
C,Tony Bradley (17179807),Tony Bradley,17179807,C/UTIL,4100,OKC@IND 04/21/2021 07:00PM ET,OKC,17.60
PG/SG,Delon Wright (17179809),Delon Wright,17179809,PG/SG/G/UTIL,4100,MIN@SAC 04/21/2021 10:00PM ET,SAC,25.16
PG,Killian Hayes (17179804),Killian Hayes,17179804,PG/G/UTIL,4100,DET@DAL 04/21/2021 08:30PM ET,DET,16.96
PF/C,Lauri Markkanen (17179823),Lauri Markkanen,17179823,PF/C/F/UTIL,4000,CHI@CLE 04/21/2021 07:00PM ET,CHI,25.05
C,DeAndre Jordan (17179831),DeAndre Jordan,17179831,C/UTIL,4000,BKN@TOR 04/21/2021 07:00PM ET,BKN,21.64
C,Drew Eubanks (17179817),Drew Eubanks,17179817,C/UTIL,4000,MIA@SA 04/21/2021 08:30PM ET,SA,14.34
PF/C,Brandon Clarke (17179819),Brandon Clarke,17179819,PF/C/F/UTIL,4000,MEM@LAC 04/21/2021 10:00PM ET,MEM,24.34
C,DeMarcus Cousins (17179833),DeMarcus Cousins,17179833,C/UTIL,4000,MEM@LAC 04/21/2021 10:00PM ET,LAC,23.38
PG/SG,Anfernee Simons (17179813),Anfernee Simons,17179813,PG/SG/G/UTIL,4000,DEN@POR 04/21/2021 10:00PM ET,POR,14.24
PG/SG,Jaylen Nowell (17179827),Jaylen Nowell,17179827,PG/SG/G/UTIL,4000,MIN@SAC 04/21/2021 10:00PM ET,MIN,16.65
C,Daniel Gafford (17179835),Daniel Gafford,17179835,C/UTIL,3900,GS@WAS 04/21/2021 07:00PM ET,WAS,14.66
SG,Svi Mykhailiuk (17179844),Svi Mykhailiuk,17179844,SG/G/UTIL,3900,OKC@IND 04/21/2021 07:00PM ET,OKC,15.23
SF,Justin Holiday (17179847),Justin Holiday,17179847,SF/F/UTIL,3900,OKC@IND 04/21/2021 07:00PM ET,IND,21.45
SF/PF,Doug McDermott (17179850),Doug McDermott,17179850,SF/PF/F/UTIL,3900,OKC@IND 04/21/2021 07:00PM ET,IND,20.57
SG/SF,PJ Dozier (17179837),PJ Dozier,17179837,SG/SF/F/G/UTIL,3900,DEN@POR 04/21/2021 10:00PM ET,DEN,16.26
C,Naz Reid (17179842),Naz Reid,17179842,C/UTIL,3900,MIN@SAC 04/21/2021 10:00PM ET,MIN,21.49
PF/C,Maxi Kleber (17179854),Maxi Kleber,17179854,PF/C/F/UTIL,3900,DET@DAL 04/21/2021 08:30PM ET,DAL,18.96
C,Daniel Theis (17179862),Daniel Theis,17179862,C/UTIL,3800,CHI@CLE 04/21/2021 07:00PM ET,CHI,21.39
SF,Isaac Okoro (17179885),Isaac Okoro,17179885,SF/F/UTIL,3800,CHI@CLE 04/21/2021 07:00PM ET,CLE,17.12
C,Kevon Looney (17179864),Kevon Looney,17179864,C/UTIL,3800,GS@WAS 04/21/2021 07:00PM ET,GS,13.66
PG,Ish Smith (17179882),Ish Smith,17179882,PG/G/UTIL,3800,GS@WAS 04/21/2021 07:00PM ET,WAS,18.10
PG,Chris Chiozza (17179875),Chris Chiozza,17179875,PG/G/UTIL,3800,BKN@TOR 04/21/2021 07:00PM ET,BKN,10.98
SG,Paul Watson (17179894),Paul Watson,17179894,SG/G/UTIL,3800,BKN@TOR 04/21/2021 07:00PM ET,TOR,8.19
PG/SG,Ty Jerome (17179858),Ty Jerome,17179858,PG/SG/G/UTIL,3800,OKC@IND 04/21/2021 07:00PM ET,OKC,20.89
SG/SF,Desmond Bane (17179866),Desmond Bane,17179866,SG/SF/F/G/UTIL,3800,MEM@LAC 04/21/2021 10:00PM ET,MEM,18.01
PG,Rajon Rondo (17179891),Rajon Rondo,17179891,PG/G/UTIL,3800,MEM@LAC 04/21/2021 10:00PM ET,LAC,14.40
PF/C,Taj Gibson (17179871),Taj Gibson,17179871,PF/C/F/UTIL,3800,ATL@NY 04/21/2021 08:00PM ET,NY,16.48
PG/SG,Monte Morris (17179878),Monte Morris,17179878,PG/SG/G/UTIL,3800,DEN@POR 04/21/2021 10:00PM ET,DEN,19.99
SF,Hamidou Diallo (17179888),Hamidou Diallo,17179888,SF/F/UTIL,3800,DET@DAL 04/21/2021 08:30PM ET,DET,22.81
C,Nicolas Claxton (17179912),Nicolas Claxton,17179912,C/UTIL,3700,BKN@TOR 04/21/2021 07:00PM ET,BKN,18.04
PF,KJ Martin Jr. (17179919),KJ Martin Jr.,17179919,PF/F/UTIL,3700,UTA@HOU 04/21/2021 08:00PM ET,HOU,16.31
SG/SF,Lonnie Walker IV (17179914),Lonnie Walker IV,17179914,SG/SF/F/G/UTIL,3700,MIA@SA 04/21/2021 08:30PM ET,SA,18.76
SG/SF,Luke Kennard (17179901),Luke Kennard,17179901,SG/SF/F/G/UTIL,3700,MEM@LAC 04/21/2021 10:00PM ET,LAC,15.36
PG,Cameron Payne (17179909),Cameron Payne,17179909,PG/G/UTIL,3700,PHO@PHI 04/21/2021 07:00PM ET,PHO,17.33
PF,Jaden McDaniels (17179906),Jaden McDaniels,17179906,PF/F/UTIL,3700,MIN@SAC 04/21/2021 10:00PM ET,MIN,16.23
PG/SG,Frank Jackson (17179897),Frank Jackson,17179897,PG/SG/G/UTIL,3700,DET@DAL 04/21/2021 08:30PM ET,DET,12.73
PF/C,Juan Toscano-Anderson (17179933),Juan Toscano-Anderson,17179933,PF/C/F/UTIL,3600,GS@WAS 04/21/2021 07:00PM ET,GS,15.22
PF,Yuta Watanabe (17179926),Yuta Watanabe,17179926,PF/F/UTIL,3600,BKN@TOR 04/21/2021 07:00PM ET,TOR,11.12
PG,D.J. Augustin (17179944),D.J. Augustin,17179944,PG/G/UTIL,3600,UTA@HOU 04/21/2021 08:00PM ET,HOU,15.76
SF/PF,Andre Iguodala (17179922),Andre Iguodala,17179922,SF/PF/F/UTIL,3600,MIA@SA 04/21/2021 08:30PM ET,MIA,15.71
PG,Brandon Goodwin (17179947),Brandon Goodwin,17179947,PG/G/UTIL,3600,ATL@NY 04/21/2021 08:00PM ET,ATL,9.88
PF/C,Paul Millsap (17179929),Paul Millsap,17179929,PF/C/F/UTIL,3600,DEN@POR 04/21/2021 10:00PM ET,DEN,20.59
PG/SG,George Hill (17179937),George Hill,17179937,PG/SG/G/UTIL,3600,PHO@PHI 04/21/2021 07:00PM ET,PHI,20.62
PG,Saben Lee (17179941),Saben Lee,17179941,PG/G/UTIL,3600,DET@DAL 04/21/2021 08:30PM ET,DET,14.69
SF/PF,Stanley Johnson (17179973),Stanley Johnson,17179973,SF/PF/F/UTIL,3500,BKN@TOR 04/21/2021 07:00PM ET,TOR,10.24
SG/SF,Avery Bradley (17179977),Avery Bradley,17179977,SG/SF/F/G/UTIL,3500,UTA@HOU 04/21/2021 08:00PM ET,HOU,13.94
C,Dewayne Dedmon (17179950),Dewayne Dedmon,17179950,C/UTIL,3500,MIA@SA 04/21/2021 08:30PM ET,MIA,21.42
PG/SG,Immanuel Quickley (17179952),Immanuel Quickley,17179952,PG/SG/G/UTIL,3500,ATL@NY 04/21/2021 08:00PM ET,NY,19.32
PF/C,Rondae Hollis-Jefferson (17179956),Rondae Hollis-Jefferson,17179956,PF/C/F/UTIL,3500,DEN@POR 04/21/2021 10:00PM ET,POR,11.62
PF,JaMychal Green (17179963),JaMychal Green,17179963,PF/F/UTIL,3500,DEN@POR 04/21/2021 10:00PM ET,DEN,17.85
SF/PF,Cameron Johnson (17179966),Cameron Johnson,17179966,SF/PF/F/UTIL,3500,PHO@PHI 04/21/2021 07:00PM ET,PHO,18.46
PF,Moe Harkless (17179960),Moe Harkless,17179960,PF/F/UTIL,3500,MIN@SAC 04/21/2021 10:00PM ET,SAC,10.44
SF,Josh Okogie (17179970),Josh Okogie,17179970,SF/F/UTIL,3500,MIN@SAC 04/21/2021 10:00PM ET,MIN,13.10
SG/SF,Cedi Osman (17179996),Cedi Osman,17179996,SG/SF/F/G/UTIL,3400,CHI@CLE 04/21/2021 07:00PM ET,CLE,19.94
C,Robin Lopez (17179994),Robin Lopez,17179994,C/UTIL,3400,GS@WAS 04/21/2021 07:00PM ET,WAS,16.43
C,Precious Achiuwa (17179985),Precious Achiuwa,17179985,C/UTIL,3400,MIA@SA 04/21/2021 08:30PM ET,MIA,11.70
PG,Yogi Ferrell (17179982),Yogi Ferrell,17179982,PG/G/UTIL,3400,MEM@LAC 04/21/2021 10:00PM ET,LAC,21.62
SG,Skylar Mays (17180005),Skylar Mays,17180005,SG/G/UTIL,3400,ATL@NY 04/21/2021 08:00PM ET,ATL,6.57
SF/PF,Derrick Jones Jr. (17179987),Derrick Jones Jr.,17179987,SF/PF/F/UTIL,3400,DEN@POR 04/21/2021 10:00PM ET,POR,16.97
PG,Jordan McLaughlin (17179991),Jordan McLaughlin,17179991,PG/G/UTIL,3400,MIN@SAC 04/21/2021 10:00PM ET,MIN,16.71
PG/SG,Jahmi'us Ramsey (17180001),Jahmi'us Ramsey,17180001,PG/SG/G/UTIL,3400,MIN@SAC 04/21/2021 10:00PM ET,SAC,3.1
SG/SF,Garrett Temple (17180008),Garrett Temple,17180008,SG/SF/F/G/UTIL,3300,CHI@CLE 04/21/2021 07:00PM ET,CHI,17.58
PG,Matthew Dellavedova (17180053),Matthew Dellavedova,17180053,PG/G/UTIL,3300,CHI@CLE 04/21/2021 07:00PM ET,CLE,12.68
PG/SG,Raul Neto (17180026),Raul Neto,17180026,PG/SG/G/UTIL,3300,GS@WAS 04/21/2021 07:00PM ET,WAS,16.33
SG/SF,Damion Lee (17180043),Damion Lee,17180043,SG/SF/F/G/UTIL,3300,GS@WAS 04/21/2021 07:00PM ET,GS,14.44
PF/C,Ersan Ilyasova (17180039),Ersan Ilyasova,17180039,PF/C/F/UTIL,3300,UTA@HOU 04/21/2021 08:00PM ET,UTA,8.64
PG,Armoni Brooks (17180056),Armoni Brooks,17180056,PG/G/UTIL,3300,UTA@HOU 04/21/2021 08:00PM ET,HOU,14.21
SG/SF,Edmond Sumner (17180013),Edmond Sumner,17180013,SG/SF/F/G/UTIL,3300,OKC@IND 04/21/2021 07:00PM ET,IND,11.39
SF/PF,Jaylen Hoard (17180035),Jaylen Hoard,17180035,SF/PF/F/UTIL,3300,OKC@IND 04/21/2021 07:00PM ET,OKC,13.34
SG/SF,Devin Vassell (17180048),Devin Vassell,17180048,SG/SF/F/G/UTIL,3300,MIA@SA 04/21/2021 08:30PM ET,SA,12.48
PG,Tyus Jones (17180061),Tyus Jones,17180061,PG/G/UTIL,3300,MEM@LAC 04/21/2021 10:00PM ET,MEM,17.92
C,Nathan Knight (17180059),Nathan Knight,17180059,C/UTIL,3300,ATL@NY 04/21/2021 08:00PM ET,ATL,7.25
SF,Matisse Thybulle (17180023),Matisse Thybulle,17180023,SF/F/UTIL,3300,PHO@PHI 04/21/2021 07:00PM ET,PHI,12.87
SG/SF,Terence Davis (17180018),Terence Davis,17180018,SG/SF/F/G/UTIL,3300,MIN@SAC 04/21/2021 10:00PM ET,SAC,13.37
PF,Juancho Hernangomez (17180030),Juancho Hernangomez,17180030,PF/F/UTIL,3300,MIN@SAC 04/21/2021 10:00PM ET,MIN,13.71
C,Dwight Powell (17180033),Dwight Powell,17180033,C/UTIL,3300,DET@DAL 04/21/2021 08:30PM ET,DAL,11.80
SG/SF,Denzel Valentine (17180102),Denzel Valentine,17180102,SG/SF/F/G/UTIL,3200,CHI@CLE 04/21/2021 07:00PM ET,CHI,15.24
C,Alex Len (17180080),Alex Len,17180080,C/UTIL,3200,GS@WAS 04/21/2021 07:00PM ET,WAS,15.07
SG/SF,Rodney Hood (17180097),Rodney Hood,17180097,SG/SF/F/G/UTIL,3200,BKN@TOR 04/21/2021 07:00PM ET,TOR,9.94
SF,Alize Johnson (17180110),Alize Johnson,17180110,SF/F/UTIL,3200,BKN@TOR 04/21/2021 07:00PM ET,BKN,14.14
PF,Georges Niang (17180107),Georges Niang,17180107,PF/F/UTIL,3200,UTA@HOU 04/21/2021 08:00PM ET,UTA,10.99
PG/SG,Aaron Holiday (17180084),Aaron Holiday,17180084,PG/SG/G/UTIL,3200,OKC@IND 04/21/2021 07:00PM ET,IND,12.83
C,Gorgui Dieng (17180082),Gorgui Dieng,17180082,C/UTIL,3200,MIA@SA 04/21/2021 08:30PM ET,SA,16.37
PG,Patrick Beverley (17180075),Patrick Beverley,17180075,PG/G/UTIL,3200,MEM@LAC 04/21/2021 10:00PM ET,LAC,19.28
C,Onyeka Okongwu (17180078),Onyeka Okongwu,17180078,C/UTIL,3200,ATL@NY 04/21/2021 08:00PM ET,ATL,9.83
SG/SF,CJ Elleby (17180092),CJ Elleby,17180092,SG/SF/F/G/UTIL,3200,DEN@POR 04/21/2021 10:00PM ET,POR,4.95
PG/SG,Jevon Carter (17180088),Jevon Carter,17180088,PG/SG/G/UTIL,3200,PHO@PHI 04/21/2021 07:00PM ET,PHO,8.91
PF/C,Jarred Vanderbilt (17180071),Jarred Vanderbilt,17180071,PF/C/F/UTIL,3200,MIN@SAC 04/21/2021 10:00PM ET,MIN,16.87
PF/C,Chimezie Metu (17180113),Chimezie Metu,17180113,PF/C/F/UTIL,3200,MIN@SAC 04/21/2021 10:00PM ET,SAC,10.05
PF/C,Tyler Cook (17180064),Tyler Cook,17180064,PF/C/F/UTIL,3200,DET@DAL 04/21/2021 08:30PM ET,DET,7.74
SG,JJ Redick (17180068),JJ Redick,17180068,SG/G/UTIL,3200,DET@DAL 04/21/2021 08:30PM ET,DAL,13.33
SF,Troy Brown Jr. (17180165),Troy Brown Jr.,17180165,SF/F/UTIL,3100,CHI@CLE 04/21/2021 07:00PM ET,CHI,10.85
C,Freddie Gillespie (17180133),Freddie Gillespie,17180133,C/UTIL,3100,BKN@TOR 04/21/2021 07:00PM ET,TOR,14.46
PF/C,Reggie Perry (17180145),Reggie Perry,17180145,PF/C/F/UTIL,3100,BKN@TOR 04/21/2021 07:00PM ET,BKN,9.52
C,D.J. Wilson (17180135),D.J. Wilson,17180135,C/UTIL,3100,UTA@HOU 04/21/2021 08:00PM ET,HOU,9.97
PF,Oshae Brissett (17180162),Oshae Brissett,17180162,PF/F/UTIL,3100,OKC@IND 04/21/2021 07:00PM ET,IND,8
PG/SG,Patty Mills (17180125),Patty Mills,17180125,PG/SG/G/UTIL,3100,MIA@SA 04/21/2021 08:30PM ET,SA,19.82
SF/PF,Justise Winslow (17180141),Justise Winslow,17180141,SF/PF/F/UTIL,3100,MEM@LAC 04/21/2021 10:00PM ET,MEM,16.94
PF/C,Patrick Patterson (17180149),Patrick Patterson,17180149,PF/C/F/UTIL,3100,MEM@LAC 04/21/2021 10:00PM ET,LAC,9.82
SF/PF,Tony Snell (17180117),Tony Snell,17180117,SF/PF/F/UTIL,3100,ATL@NY 04/21/2021 08:00PM ET,ATL,11.75
C,Bruno Fernando (17180129),Bruno Fernando,17180129,C/UTIL,3100,ATL@NY 04/21/2021 08:00PM ET,ATL,4.83
SF/PF,Nassir Little (17180137),Nassir Little,17180137,SF/PF/F/UTIL,3100,DEN@POR 04/21/2021 10:00PM ET,POR,10.72
PF/C,Dario Saric (17180121),Dario Saric,17180121,PF/C/F/UTIL,3100,PHO@PHI 04/21/2021 07:00PM ET,PHO,17.64
SG/SF,Torrey Craig (17180157),Torrey Craig,17180157,SG/SF/F/G/UTIL,3100,PHO@PHI 04/21/2021 07:00PM ET,PHO,11.81
C,Ed Davis (17180131),Ed Davis,17180131,C/UTIL,3100,MIN@SAC 04/21/2021 10:00PM ET,MIN,12.24
PG/SG,Kyle Guy (17180153),Kyle Guy,17180153,PG/SG/G/UTIL,3100,MIN@SAC 04/21/2021 10:00PM ET,SAC,5.96
C,Mfiondu Kabengele (17180188),Mfiondu Kabengele,17180188,C/UTIL,3000,CHI@CLE 04/21/2021 07:00PM ET,CLE,2.99
C,Cristiano Felicio (17180210),Cristiano Felicio,17180210,C/UTIL,3000,CHI@CLE 04/21/2021 07:00PM ET,CHI,3.48
SF/PF,Al-Farouq Aminu (17180246),Al-Farouq Aminu,17180246,SF/PF/F/UTIL,3000,CHI@CLE 04/21/2021 07:00PM ET,CHI,15.96
PG,Damyean Dotson (17180366),Damyean Dotson,17180366,PG/G/UTIL,3000,CHI@CLE 04/21/2021 07:00PM ET,CLE,13.27
PG,Ryan Arcidiacono (17180384),Ryan Arcidiacono,17180384,PG/G/UTIL,3000,CHI@CLE 04/21/2021 07:00PM ET,CHI,7.65
PG,Devon Dotson (17180387),Devon Dotson,17180387,PG/G/UTIL,3000,CHI@CLE 04/21/2021 07:00PM ET,CHI,3.19
PG,Adam Mokoka (17180390),Adam Mokoka,17180390,PG/G/UTIL,3000,CHI@CLE 04/21/2021 07:00PM ET,CHI,3.28
SG,Dylan Windler (17180444),Dylan Windler,17180444,SG/G/UTIL,3000,CHI@CLE 04/21/2021 07:00PM ET,CLE,13.06
SG,Brodric Thomas (17180447),Brodric Thomas,17180447,SG/G/UTIL,3000,CHI@CLE 04/21/2021 07:00PM ET,CLE,6.39
SG,Javonte Green (17180474),Javonte Green,17180474,SG/G/UTIL,3000,CHI@CLE 04/21/2021 07:00PM ET,CHI,8.36
SF,Lamar Stevens (17180501),Lamar Stevens,17180501,SF/F/UTIL,3000,CHI@CLE 04/21/2021 07:00PM ET,CLE,9.71
C,Jordan Bell (17180190),Jordan Bell,17180190,C/UTIL,3000,GS@WAS 04/21/2021 07:00PM ET,WAS,13.94
SF/PF,Isaac Bonga (17180254),Isaac Bonga,17180254,SF/PF/F/UTIL,3000,GS@WAS 04/21/2021 07:00PM ET,WAS,6.01
PF/C,Eric Paschall (17180274),Eric Paschall,17180274,PF/C/F/UTIL,3000,GS@WAS 04/21/2021 07:00PM ET,GS,16.06
PF/C,Alen Smailagic (17180278),Alen Smailagic,17180278,PF/C/F/UTIL,3000,GS@WAS 04/21/2021 07:00PM ET,GS,3.88
PG/SG,Mychal Mulder (17180314),Mychal Mulder,17180314,PG/SG/G/UTIL,3000,GS@WAS 04/21/2021 07:00PM ET,GS,6.33
SG/SF,Garrison Mathews (17180326),Garrison Mathews,17180326,SG/SF/F/G/UTIL,3000,GS@WAS 04/21/2021 07:00PM ET,WAS,10.28
PG,Cassius Winston (17180369),Cassius Winston,17180369,PG/G/UTIL,3000,GS@WAS 04/21/2021 07:00PM ET,WAS,4.19
PG,Gary Payton II (17180393),Gary Payton II,17180393,PG/G/UTIL,3000,GS@WAS 04/21/2021 07:00PM ET,GS,5.46
PG,Nico Mannion (17180396),Nico Mannion,17180396,PG/G/UTIL,3000,GS@WAS 04/21/2021 07:00PM ET,GS,10.83
PF,Anthony Gill (17180417),Anthony Gill,17180417,PF/F/UTIL,3000,GS@WAS 04/21/2021 07:00PM ET,WAS,3.93
SF,Chandler Hutchison (17180504),Chandler Hutchison,17180504,SF/F/UTIL,3000,GS@WAS 04/21/2021 07:00PM ET,WAS,9.06
SF,Klay Thompson (17180522),Klay Thompson,17180522,SF/F/UTIL,3000,GS@WAS 04/21/2021 07:00PM ET,GS,0
SF,Timothe Luwawu-Cabarrot (17180185),Timothe Luwawu-Cabarrot,17180185,SF/F/UTIL,3000,BKN@TOR 04/21/2021 07:00PM ET,BKN,13.29
C,Aron Baynes (17180192),Aron Baynes,17180192,C/UTIL,3000,BKN@TOR 04/21/2021 07:00PM ET,TOR,14.68
PG,Tyler Johnson (17180399),Tyler Johnson,17180399,PG/G/UTIL,3000,BKN@TOR 04/21/2021 07:00PM ET,BKN,10.32
SG,Jalen Harris (17180450),Jalen Harris,17180450,SG/G/UTIL,3000,BKN@TOR 04/21/2021 07:00PM ET,TOR,2.94
SG,Spencer Dinwiddie (17180477),Spencer Dinwiddie,17180477,SG/G/UTIL,3000,BKN@TOR 04/21/2021 07:00PM ET,BKN,18.08
PG/SF,DeAndre' Bembry (17180553),DeAndre' Bembry,17180553,PG/SF/F/G/UTIL,3000,BKN@TOR 04/21/2021 07:00PM ET,TOR,13.22
C,Derrick Favors (17180216),Derrick Favors,17180216,C/UTIL,3000,UTA@HOU 04/21/2021 08:00PM ET,UTA,16.41
C,Udoka Azubuike (17180218),Udoka Azubuike,17180218,C/UTIL,3000,UTA@HOU 04/21/2021 08:00PM ET,UTA,3.06
SF/PF,Anthony Lamb (17180234),Anthony Lamb,17180234,SF/PF/F/UTIL,3000,UTA@HOU 04/21/2021 08:00PM ET,HOU,5.79
PG,Dante Exum (17180372),Dante Exum,17180372,PG/G/UTIL,3000,UTA@HOU 04/21/2021 08:00PM ET,HOU,12.21
PF,Juwan Morgan (17180438),Juwan Morgan,17180438,PF/F/UTIL,3000,UTA@HOU 04/21/2021 08:00PM ET,UTA,3.30
SG,David Nwaba (17180456),David Nwaba,17180456,SG/G/UTIL,3000,UTA@HOU 04/21/2021 08:00PM ET,HOU,19.12
SG,DaQuan Jeffries (17180459),DaQuan Jeffries,17180459,SG/G/UTIL,3000,UTA@HOU 04/21/2021 08:00PM ET,HOU,6.95
SG,Matt Thomas (17180480),Matt Thomas,17180480,SG/G/UTIL,3000,UTA@HOU 04/21/2021 08:00PM ET,UTA,4.73
SG,Trent Forrest (17180483),Trent Forrest,17180483,SG/G/UTIL,3000,UTA@HOU 04/21/2021 08:00PM ET,UTA,3.65
SF,Jarrell Brantley (17180528),Jarrell Brantley,17180528,SF/F/UTIL,3000,UTA@HOU 04/21/2021 08:00PM ET,UTA,4.19
SF,Elijah Hughes (17180531),Elijah Hughes,17180531,SF/F/UTIL,3000,UTA@HOU 04/21/2021 08:00PM ET,UTA,3.69
SF,Miye Oni (17180534),Miye Oni,17180534,SF/F/UTIL,3000,UTA@HOU 04/21/2021 08:00PM ET,UTA,5.35
C,Mike Muscala (17180212),Mike Muscala,17180212,C/UTIL,3000,OKC@IND 04/21/2021 07:00PM ET,OKC,17.36
SF/PF,Kelan Martin (17180230),Kelan Martin,17180230,SF/PF/F/UTIL,3000,OKC@IND 04/21/2021 07:00PM ET,IND,4.4
PF/C,Jakarr Sampson (17180258),Jakarr Sampson,17180258,PF/C/F/UTIL,3000,OKC@IND 04/21/2021 07:00PM ET,IND,7.01
PG,Justin Robinson (17180402),Justin Robinson,17180402,PG/G/UTIL,3000,OKC@IND 04/21/2021 07:00PM ET,OKC,6.96
PF,T.J. Warren (17180420),T.J. Warren,17180420,PF/F/UTIL,3000,OKC@IND 04/21/2021 07:00PM ET,IND,22.25
PF,Josh Hall (17180435),Josh Hall,17180435,PF/F/UTIL,3000,OKC@IND 04/21/2021 07:00PM ET,OKC,6.57
SG,Cassius Stanley (17180498),Cassius Stanley,17180498,SG/G/UTIL,3000,OKC@IND 04/21/2021 07:00PM ET,IND,2.17
SF,Brian Bowen II (17180507),Brian Bowen II,17180507,SF/F/UTIL,3000,OKC@IND 04/21/2021 07:00PM ET,IND,1.12
SF,Gabriel Deck (17180540),Gabriel Deck,17180540,SF/F/UTIL,3000,OKC@IND 04/21/2021 07:00PM ET,OKC,0
C,Trey Lyles (17180196),Trey Lyles,17180196,C/UTIL,3000,MIA@SA 04/21/2021 08:30PM ET,SA,11.44
C,Udonis Haslem (17180220),Udonis Haslem,17180220,C/UTIL,3000,MIA@SA 04/21/2021 08:30PM ET,MIA,0
SF/PF,Keita Bates-Diop (17180238),Keita Bates-Diop,17180238,SF/PF/F/UTIL,3000,MIA@SA 04/21/2021 08:30PM ET,SA,5.28
SF/PF,KZ Okpala (17180250),KZ Okpala,17180250,SF/PF/F/UTIL,3000,MIA@SA 04/21/2021 08:30PM ET,MIA,6.66
PF/C,Nemanja Bjelica (17180286),Nemanja Bjelica,17180286,PF/C/F/UTIL,3000,MIA@SA 04/21/2021 08:30PM ET,MIA,13.63
SG/SF,Max Strus (17180341),Max Strus,17180341,SG/SF/F/G/UTIL,3000,MIA@SA 04/21/2021 08:30PM ET,MIA,8.65
PG,Tre Jones (17180378),Tre Jones,17180378,PG/G/UTIL,3000,MIA@SA 04/21/2021 08:30PM ET,SA,3.35
PF,Luka Samanic (17180426),Luka Samanic,17180426,PF/F/UTIL,3000,MIA@SA 04/21/2021 08:30PM ET,SA,7.57
SG,Cameron Reynolds (17180462),Cameron Reynolds,17180462,SG/G/UTIL,3000,MIA@SA 04/21/2021 08:30PM ET,SA,0.67
SG,Quinndary Weatherspoon (17180465),Quinndary Weatherspoon,17180465,SG/G/UTIL,3000,MIA@SA 04/21/2021 08:30PM ET,SA,2.72
SG,Gabe Vincent (17180486),Gabe Vincent,17180486,SG/G/UTIL,3000,MIA@SA 04/21/2021 08:30PM ET,MIA,9.43
PG/SG,Amir Coffey (17180178),Amir Coffey,17180178,PG/SG/G/UTIL,3000,MEM@LAC 04/21/2021 10:00PM ET,LAC,5.05
C,Daniel Oturu (17180200),Daniel Oturu,17180200,C/UTIL,3000,MEM@LAC 04/21/2021 10:00PM ET,LAC,3.52
PF/C,Killian Tillie (17180290),Killian Tillie,17180290,PF/C/F/UTIL,3000,MEM@LAC 04/21/2021 10:00PM ET,MEM,7.02
PF/C,Jontay Porter (17180294),Jontay Porter,17180294,PF/C/F/UTIL,3000,MEM@LAC 04/21/2021 10:00PM ET,MEM,3.29
PG,Tim Frazier (17180411),Tim Frazier,17180411,PG/G/UTIL,3000,MEM@LAC 04/21/2021 10:00PM ET,MEM,6.67
SG,Jay Scrubb (17180468),Jay Scrubb,17180468,SG/G/UTIL,3000,MEM@LAC 04/21/2021 10:00PM ET,LAC,0
SG,Sean McDermott (17180492),Sean McDermott,17180492,SG/G/UTIL,3000,MEM@LAC 04/21/2021 10:00PM ET,MEM,4.95
PG/SF,John Konchar (17180543),John Konchar,17180543,PG/SF/F/G/UTIL,3000,MEM@LAC 04/21/2021 10:00PM ET,MEM,11.27
C,Norvel Pelle (17180168),Norvel Pelle,17180168,C/UTIL,3000,ATL@NY 04/21/2021 08:00PM ET,NY,6.5
SF/PF,Kevin Knox II (17180170),Kevin Knox II,17180170,SF/PF/F/UTIL,3000,ATL@NY 04/21/2021 08:00PM ET,NY,8.19
PF,Obi Toppin (17180182),Obi Toppin,17180182,PF/F/UTIL,3000,ATL@NY 04/21/2021 08:00PM ET,NY,8.26
C,John Henson (17180194),John Henson,17180194,C/UTIL,3000,ATL@NY 04/21/2021 08:00PM ET,NY,0
PG/SG,Frank Ntilikina (17180306),Frank Ntilikina,17180306,PG/SG/G/UTIL,3000,ATL@NY 04/21/2021 08:00PM ET,NY,7.21
PG/SG,Kris Dunn (17180322),Kris Dunn,17180322,PG/SG/G/UTIL,3000,ATL@NY 04/21/2021 08:00PM ET,ATL,0
SG/SF,Theo Pinson (17180356),Theo Pinson,17180356,SG/SF/F/G/UTIL,3000,ATL@NY 04/21/2021 08:00PM ET,NY,0.39
PG,Jared Harper (17180375),Jared Harper,17180375,PG/G/UTIL,3000,ATL@NY 04/21/2021 08:00PM ET,NY,0.25
C,Harry Giles III (17180202),Harry Giles III,17180202,C/UTIL,3000,DEN@POR 04/21/2021 10:00PM ET,POR,9.82
C,Zach Collins (17180204),Zach Collins,17180204,C/UTIL,3000,DEN@POR 04/21/2021 10:00PM ET,POR,0
C,JaVale McGee (17180224),JaVale McGee,17180224,C/UTIL,3000,DEN@POR 04/21/2021 10:00PM ET,DEN,18.01
C,Bol Bol (17180226),Bol Bol,17180226,C/UTIL,3000,DEN@POR 04/21/2021 10:00PM ET,DEN,4.71
PF/C,TJ Leaf (17180270),TJ Leaf,17180270,PF/C/F/UTIL,3000,DEN@POR 04/21/2021 10:00PM ET,POR,0
PF/C,Zeke Nnaji (17180298),Zeke Nnaji,17180298,PF/C/F/UTIL,3000,DEN@POR 04/21/2021 10:00PM ET,DEN,6.26
PG,Markus Howard (17180414),Markus Howard,17180414,PG/G/UTIL,3000,DEN@POR 04/21/2021 10:00PM ET,DEN,2.23
SG,Keljin Blevins (17180471),Keljin Blevins,17180471,SG/G/UTIL,3000,DEN@POR 04/21/2021 10:00PM ET,POR,1.5
SG,Jamal Murray (17180495),Jamal Murray,17180495,SG/G/UTIL,3000,DEN@POR 04/21/2021 10:00PM ET,DEN,36.94
SF,Vlatko Cancar (17180537),Vlatko Cancar,17180537,SF/F/UTIL,3000,DEN@POR 04/21/2021 10:00PM ET,DEN,3.94
PG/SF,Shaquille Harrison (17180548),Shaquille Harrison,17180548,PG/SF/F/G/UTIL,3000,DEN@POR 04/21/2021 10:00PM ET,DEN,2.71
C,Jalen Smith (17180214),Jalen Smith,17180214,C/UTIL,3000,PHO@PHI 04/21/2021 07:00PM ET,PHO,2.81
PF/C,Anthony Tolliver (17180262),Anthony Tolliver,17180262,PF/C/F/UTIL,3000,PHO@PHI 04/21/2021 07:00PM ET,PHI,5.5
PF/C,Mike Scott (17180266),Mike Scott,17180266,PF/C/F/UTIL,3000,PHO@PHI 04/21/2021 07:00PM ET,PHI,10.09
PF/C,Frank Kaminsky (17180282),Frank Kaminsky,17180282,PF/C/F/UTIL,3000,PHO@PHI 04/21/2021 07:00PM ET,PHO,14.65
PG/SG,Tyrese Maxey (17180302),Tyrese Maxey,17180302,PG/SG/G/UTIL,3000,PHO@PHI 04/21/2021 07:00PM ET,PHI,12.13
PG/SG,Langston Galloway (17180318),Langston Galloway,17180318,PG/SG/G/UTIL,3000,PHO@PHI 04/21/2021 07:00PM ET,PHO,7.80
SG/SF,E'Twaun Moore (17180336),E'Twaun Moore,17180336,SG/SF/F/G/UTIL,3000,PHO@PHI 04/21/2021 07:00PM ET,PHO,9.92
PG,Ty-Shon Alexander (17180405),Ty-Shon Alexander,17180405,PG/G/UTIL,3000,PHO@PHI 04/21/2021 07:00PM ET,PHO,1.75
PF,Paul Reed (17180423),Paul Reed,17180423,PF/F/UTIL,3000,PHO@PHI 04/21/2021 07:00PM ET,PHI,6.52
SG,Isaiah Joe (17180453),Isaiah Joe,17180453,SG/G/UTIL,3000,PHO@PHI 04/21/2021 07:00PM ET,PHI,6.41
SF,Rayjon Tucker (17180510),Rayjon Tucker,17180510,SF/F/UTIL,3000,PHO@PHI 04/21/2021 07:00PM ET,PHI,2.72
SF,Mason Jones (17180513),Mason Jones,17180513,SF/F/UTIL,3000,PHO@PHI 04/21/2021 07:00PM ET,PHI,10.07
SF,Abdel Nader (17180525),Abdel Nader,17180525,SF/F/UTIL,3000,PHO@PHI 04/21/2021 07:00PM ET,PHO,12.65
SF/PF,Jake Layman (17180174),Jake Layman,17180174,SF/PF/F/UTIL,3000,MIN@SAC 04/21/2021 10:00PM ET,MIN,10.30
C,Damian Jones (17180206),Damian Jones,17180206,C/UTIL,3000,MIN@SAC 04/21/2021 10:00PM ET,SAC,7.03
C,Chris Silva (17180208),Chris Silva,17180208,C/UTIL,3000,MIN@SAC 04/21/2021 10:00PM ET,SAC,5.62
SG/SF,Robert Woodard II (17180331),Robert Woodard II,17180331,SG/SF/F/G/UTIL,3000,MIN@SAC 04/21/2021 10:00PM ET,SAC,3.25
SG/SF,Jarrett Culver (17180351),Jarrett Culver,17180351,SG/SF/F/G/UTIL,3000,MIN@SAC 04/21/2021 10:00PM ET,MIN,11.53
SF,Justin James (17180519),Justin James,17180519,SF/F/UTIL,3000,MIN@SAC 04/21/2021 10:00PM ET,SAC,3.45
C,Willie Cauley-Stein (17180198),Willie Cauley-Stein,17180198,C/UTIL,3000,DET@DAL 04/21/2021 08:30PM ET,DAL,13.52
C,Jahlil Okafor (17180222),Jahlil Okafor,17180222,C/UTIL,3000,DET@DAL 04/21/2021 08:30PM ET,DET,8.07
C,Boban Marjanovic (17180228),Boban Marjanovic,17180228,C/UTIL,3000,DET@DAL 04/21/2021 08:30PM ET,DAL,11.32
SF/PF,Tyler Bey (17180242),Tyler Bey,17180242,SF/PF/F/UTIL,3000,DET@DAL 04/21/2021 08:30PM ET,DAL,2.70
PG/SG,Trey Burke (17180310),Trey Burke,17180310,PG/SG/G/UTIL,3000,DET@DAL 04/21/2021 08:30PM ET,DAL,11.04
SG/SF,Rodney McGruder (17180346),Rodney McGruder,17180346,SG/SF/F/G/UTIL,3000,DET@DAL 04/21/2021 08:30PM ET,DET,10.16
SG/SF,Wayne Ellington (17180361),Wayne Ellington,17180361,SG/SF/F/G/UTIL,3000,DET@DAL 04/21/2021 08:30PM ET,DET,16.35
PG,Tyrell Terry (17180381),Tyrell Terry,17180381,PG/G/UTIL,3000,DET@DAL 04/21/2021 08:30PM ET,DAL,3.32
PG,Dennis Smith Jr. (17180408),Dennis Smith Jr.,17180408,PG/G/UTIL,3000,DET@DAL 04/21/2021 08:30PM ET,DET,17.97
PF,Nicolo Melli (17180429),Nicolo Melli,17180429,PF/F/UTIL,3000,DET@DAL 04/21/2021 08:30PM ET,DAL,7.99
PF,Josh Green (17180432),Josh Green,17180432,PF/F/UTIL,3000,DET@DAL 04/21/2021 08:30PM ET,DAL,5.85
PF,Sekou Doumbouya (17180441),Sekou Doumbouya,17180441,PF/F/UTIL,3000,DET@DAL 04/21/2021 08:30PM ET,DET,8.57
SG,Deividas Sirvydis (17180489),Deividas Sirvydis,17180489,SG/G/UTIL,3000,DET@DAL 04/21/2021 08:30PM ET,DET,2.32
SF,Nate Hinton (17180516),Nate Hinton,17180516,SF/F/UTIL,3000,DET@DAL 04/21/2021 08:30PM ET,DAL,2.98
