Id,Position,First Name,Nickname,Last Name,FPPG,Played,Salary,Game,Team,Opponent,Injury Indicator,Injury Details,Tier,,,Roster Position
57530-55062,C,Nikola,Nikola Jokic,Jokic,55.42068797144397,58,11300,DEN@POR,DEN,POR,,,,,,C
57530-84669,PG,Luka,Luka Doncic,Doncic,51.17115196814904,52,11000,DET@DAL,DAL,DET,,,,,,PG
57530-9642,PG,Russell,Russell Westbrook,Westbrook,51.277998046875,50,10800,GS@WAS,WAS,GS,,,,,,PG
57530-9644,SG,James,James Harden,Harden,52.14186273619186,43,10600,BKN@TOR,BKN,TOR,O,Hamstring,,,,SG
57530-58462,C,Karl-Anthony,Karl-Anthony Towns,Towns,48.15135069151182,37,10500,MIN@SAC,MIN,SAC,,,,,,C
57530-49111,C,Joel,Joel Embiid,Embiid,52.282051282051285,39,10400,PHO@PHI,PHI,PHO,,,,,,C
57530-9524,PG,Stephen,Stephen Curry,Curry,47.41764801623774,51,10200,GS@WAS,GS,WAS,,,,,,PG
57530-42669,PF,Julius,Julius Randle,Randle,44.9610161215572,59,10000,ATL@NY,NY,ATL,,,,,,PF
57530-80810,PG,De'Aaron,De'Aaron Fox,Fox,42.88772101151316,57,9900,MIN@SAC,SAC,MIN,,,,,,PG
57530-14513,SF,Kawhi,Kawhi Leonard,Leonard,45.41914789727394,47,9600,MEM@LAC,LAC,MEM,O,Foot,,,,SF
57530-84671,PG,Trae,Trae Young,Young,43.16981132075472,53,9500,ATL@NY,ATL,NY,,,,,,PG
57530-12341,SG,Paul,Paul George,George,41.017392365828805,46,9400,MEM@LAC,LAC,MEM,,,,,,SG
57530-14498,PG,Kyrie,Kyrie Irving,Irving,45.63720987009447,43,9400,BKN@TOR,BKN,TOR,,,,,,PG
57530-14528,SF,Jimmy,Jimmy Butler,Butler,46.23902558117378,41,9300,MIA@SA,MIA,SA,GTD,Ankle,,,,SF
57530-66113,SG,Donovan,Donovan Mitchell,Mitchell,40.37592683015046,54,9200,UTA@HOU,UTA,HOU,O,Ankle,,,,SG
57530-40783,SG,Zach,Zach LaVine,LaVine,41.329630533854164,54,9100,CHI@CLE,CHI,CLE,O,Covid-19,,,,SG
57530-9646,SF,Kevin,Kevin Durant,Durant,44.96666463216146,24,8900,BKN@TOR,BKN,TOR,GTD,Thigh,,,,SF
57530-55059,C,Clint,Clint Capela,Capela,41.76274318321079,51,8900,ATL@NY,ATL,NY,,,,,,C
57530-14514,C,Nikola,Nikola Vucevic,Vucevic,46.26948987023305,59,8800,CHI@CLE,CHI,CLE,,,,,,C
57530-60021,PF,Pascal,Pascal Siakam,Siakam,39.743477199388586,46,8700,BKN@TOR,TOR,BKN,,,,,,PF
57530-59358,PF,Domantas,Domantas Sabonis,Sabonis,43.762962058738424,54,8700,OKC@IND,IND,OKC,O,Back,,,,PF
57530-58460,SG,Devin,Devin Booker,Booker,37.677358951208724,53,8600,PHO@PHI,PHO,PHI,,,,,,SG
57530-15595,SG,Bradley,Bradley Beal,Beal,44.94693678252551,49,8500,GS@WAS,WAS,GS,,,,,,SG
57530-20848,PG,Damian,Damian Lillard,Lillard,45.235849056603776,53,8400,DEN@POR,POR,DEN,GTD,Hamstring,,,,PG
57530-63122,PF,Kristaps,Kristaps Porzingis,Porzingis,38.6243236644848,37,8300,DET@DAL,DAL,DET,,,,,,PF
57530-23798,SG,Caris,Caris LeVert,LeVert,34.442423502604164,33,8200,OKC@IND,IND,OKC,,,,,,SG
57530-9623,PG,Chris,Chris Paul,Paul,37.41052460252193,57,8200,PHO@PHI,PHO,PHI,,,,,,PG
57530-14503,C,Jonas,Jonas Valanciunas,Valanciunas,36.93199951171875,50,8100,MEM@LAC,MEM,LAC,O,Concussion,,,,C
57530-19067,SG,CJ,CJ McCollum,McCollum,38.818748474121094,32,8100,DEN@POR,POR,DEN,,,,,,SG
57530-42202,PF,Christian,Christian Wood,Wood,39.205712890625,35,8000,UTA@HOU,HOU,UTA,,,,,,PF
57530-40203,C,Rudy,Rudy Gobert,Gobert,40.78793019261853,58,8000,UTA@HOU,UTA,HOU,,,,,,C
57530-9714,SG,DeMar,DeMar DeRozan,DeRozan,38.8125,48,7900,MIA@SA,SA,MIA,,,,,,SG
57530-12332,PG,John,John Wall,Wall,36.38420988384046,38,7800,UTA@HOU,HOU,UTA,,,,,,PG
57530-84667,SG,Collin,Collin Sexton,Sexton,35.07083384195963,48,7800,CHI@CLE,CLE,CHI,,,,,,SG
57530-80817,C,Bam,Bam Adebayo,Adebayo,41.60195982689951,51,7700,MIA@SA,MIA,SA,GTD,Knee,,,,C
57530-68203,C,Chris,Chris Boucher,Boucher,30.112068965517242,58,7500,BKN@TOR,TOR,BKN,,,,,,C
57530-24247,SG,Fred,Fred VanVleet,VanVleet,39.25333387586806,45,7500,BKN@TOR,TOR,BKN,,,,,,SG
57530-55060,SF,Bogdan,Bogdan Bogdanovic,Bogdanovic,25.536364006273676,33,7500,ATL@NY,ATL,NY,,,,,,SF
57530-16359,PG,Malcolm,Malcolm Brogdon,Brogdon,37.794117647058826,51,7500,OKC@IND,IND,OKC,,,,,,PG
57530-67708,PG,Dejounte,Dejounte Murray,Murray,35.23148148148148,54,7400,MIA@SA,SA,MIA,,,,,,PG
57530-15860,PF,Draymond,Draymond Green,Green,31.65199951171875,50,7400,GS@WAS,GS,WAS,,,,,,PF
57530-84682,SF,Michael,Michael Porter,Porter,31.927659055019948,47,7400,DEN@POR,DEN,POR,,,,,,SF
57530-14518,PF,Tobias,Tobias Harris,Harris,38.06326480787627,49,7200,PHO@PHI,PHI,PHO,GTD,Knee,,,,PF
57530-66236,PF,John,John Collins,Collins,32.640816824776785,49,7200,ATL@NY,ATL,NY,,,,,,PF
57530-84673,C,Deandre,Deandre Ayton,Ayton,33.46842019599781,57,7200,PHO@PHI,PHO,PHI,,,,,,C
57530-110342,PG,Darius,Darius Garland,Garland,30.087233523105052,47,7200,CHI@CLE,CLE,CHI,,,,,,PG
57530-23831,PF,Jerami,Jerami Grant,Grant,35.7360009765625,50,7000,DET@DAL,DET,DAL,,,,,,PF
57530-9535,PG,Kyle,Kyle Lowry,Lowry,35.595001220703125,40,7000,BKN@TOR,TOR,BKN,,,,,,PG
57530-9575,PG,Mike,Mike Conley,Conley,31.05531862948803,47,7000,UTA@HOU,UTA,HOU,,,,,,PG
57530-84680,SG,Shai,Shai Gilgeous-Alexander,Gilgeous-Alexander,39.53428431919643,35,7000,OKC@IND,OKC,IND,O,Foot,,,,SG
57530-49116,SG,Andrew,Andrew Wiggins,Wiggins,31.182758199757544,58,7000,GS@WAS,GS,WAS,,,,,,SG
57530-66115,PG,Ben,Ben Simmons,Simmons,38.10208384195963,48,6900,PHO@PHI,PHI,PHO,GTD,Illness,,,,PG
57530-145321,SF,Anthony,Anthony Edwards,Edwards,30.132204217425848,59,6900,MIN@SAC,MIN,SAC,,,,,,SF
57530-20992,PF,Larry,Larry Nance,Nance,27.928125381469727,32,6800,CHI@CLE,CLE,CHI,,,,,,PF
57530-110344,PG,Ja,Ja Morant,Morant,34.59166717529297,48,6800,MEM@LAC,MEM,LAC,,,,,,PG
57530-58153,SF,Kelly,Kelly Oubre,Oubre,28.437255859375,51,6700,GS@WAS,GS,WAS,,,,,,SF
57530-68090,SF,OG,OG Anunoby,Anunoby,29.743243243243242,37,6600,BKN@TOR,TOR,BKN,,,,,,SF
57530-84695,SG,Gary,Gary Trent,Trent,23.496227336379718,53,6600,BKN@TOR,TOR,BKN,,,,,,SG
57530-23447,C,Richaun,Richaun Holmes,Holmes,33.07800048828125,50,6500,MIN@SAC,SAC,MIN,GTD,Hamstring,,,,C
57530-80821,C,Jarrett,Jarrett Allen,Allen,31.943751017252605,48,6500,CHI@CLE,CLE,CHI,,,,,,C
57530-23716,SF,Kyle,Kyle Anderson,Anderson,29.7703699182581,54,6300,MEM@LAC,MEM,LAC,,,,,,SF
57530-59318,SG,Joe,Joe Ingles,Ingles,24.23207639298349,53,6300,UTA@HOU,UTA,HOU,,,,,,SG
57530-58312,SG,D'Angelo,D'Angelo Russell,Russell,30.989655593345905,29,6300,MIN@SAC,MIN,SAC,,,,,,SG
57530-58253,C,Myles,Myles Turner,Turner,33.217020237699465,47,6200,OKC@IND,IND,OKC,O,Toe,,,,C
57530-16293,SF,Norman,Norman Powell,Powell,28.061818625710227,55,6200,DEN@POR,POR,DEN,,,,,,SF
57530-20640,PG,Jordan,Jordan Clarkson,Clarkson,26.77962917751736,54,6100,UTA@HOU,UTA,HOU,,,,,,PG
57530-110637,PF,Darius,Darius Bazley,Bazley,25.071428571428573,42,6000,OKC@IND,OKC,IND,,,,,,PF
57530-15946,PF,Harrison,Harrison Barnes,Barnes,30.312726384943183,55,6000,MIN@SAC,SAC,MIN,,,,,,PF
57530-110345,SF,Kevin,Kevin Porter,Porter,29.404761904761905,21,6000,UTA@HOU,HOU,UTA,,,,,,SF
57530-17333,SG,Will,Will Barton,Barton,24.98148148148148,54,6000,DEN@POR,DEN,POR,,,,,,SG
57530-58378,C,Jakob,Jakob Poeltl,Poeltl,26.17818270596591,55,5900,MIA@SA,SA,MIA,,,,,,C
57530-145576,PF,Jae'Sean,Jae'Sean Tate,Tate,24.93620773841595,58,5900,UTA@HOU,HOU,UTA,,,,,,PF
57530-15684,SG,Victor,Victor Oladipo,Oladipo,35.378787878787875,33,5900,MIA@SA,MIA,SA,O,Knee,,,,SG
57530-9874,PF,Kevin,Kevin Love,Love,23.357142857142858,14,5900,CHI@CLE,CLE,CHI,,,,,,PF
57530-22541,C,Kelly,Kelly Olynyk,Olynyk,26.29298159950658,57,5800,UTA@HOU,HOU,UTA,,,,,,C
57530-23665,SF,Buddy,Buddy Hield,Hield,28.31578947368421,57,5800,MIN@SAC,SAC,MIN,,,,,,SF
57530-9475,PG,Derrick,Derrick Rose,Rose,25.055262515419408,38,5800,ATL@NY,NY,ATL,,,,,,PG
57530-84704,SG,Kevin,Kevin Huerter,Huerter,24.53448275862069,58,5800,ATL@NY,ATL,NY,,,,,,SG
57530-55057,C,Jusuf,Jusuf Nurkic,Nurkic,26.64999944513494,22,5800,DEN@POR,POR,DEN,O,Coach's decision,,,,C
57530-110357,SF,RJ,RJ Barrett,Barrett,29.659322447695974,59,5800,ATL@NY,NY,ATL,,,,,,SF
57530-14512,PF,Marcus,Marcus Morris,Morris,21.39999974027593,47,5700,MEM@LAC,LAC,MEM,,,,,,PF
57530-111273,SF,Luguentz,Luguentz Dort,Dort,23.257777235243054,45,5700,OKC@IND,OKC,IND,GTD,Hip,,,,SF
57530-9673,PG,Goran,Goran Dragic,Dragic,24.292104620682565,38,5600,MIA@SA,MIA,SA,,,,,,PG
57530-145344,PG,Malachi,Malachi Flynn,Flynn,14.160605690696023,33,5600,BKN@TOR,TOR,BKN,,,,,,PG
57530-14516,C,Enes,Enes Kanter,Kanter,30.364913137335527,57,5500,DEN@POR,POR,DEN,,,,,,C
57530-14523,PG,Reggie,Reggie Jackson,Jackson,19.49122807017544,57,5500,MEM@LAC,LAC,MEM,,,,,,PG
57530-9637,SF,Danilo,Danilo Gallinari,Gallinari,21.617948091947117,39,5500,ATL@NY,ATL,NY,GTD,Foot,,,,SF
57530-49675,PG,Derrick,Derrick White,White,27.262500762939453,32,5500,MIA@SA,SA,MIA,,,,,,PG
57530-110326,PG,Coby,Coby White,White,26.12037037037037,54,5500,CHI@CLE,CHI,CLE,,,,,,PG
57530-18338,PF,Royce,Royce O'Neale,O'Neale,21.757893880208332,57,5500,UTA@HOU,UTA,HOU,,,,,,PF
57530-80809,SG,Josh,Josh Jackson,Jackson,24.13773677034198,53,5500,DET@DAL,DET,DAL,,,,,,SG
57530-16376,SF,Dorian,Dorian Finney-Smith,Finney-Smith,21.724443901909723,45,5500,DET@DAL,DAL,DET,,,,,,SF
57530-20491,PF,Robert,Robert Covington,Covington,26.538181374289774,55,5400,DEN@POR,POR,DEN,,,,,,PF
57530-12363,C,Hassan,Hassan Whiteside,Whiteside,20.045713588169644,35,5400,MIN@SAC,SAC,MIN,,,,,,C
57530-14530,SF,Bojan,Bojan Bogdanovic,Bogdanovic,23.315518083243536,58,5400,UTA@HOU,UTA,HOU,,,,,,SF
57530-110359,C,Goga,Goga Bitadze,Bitadze,13.967567237647804,37,5400,OKC@IND,IND,OKC,GTD,Ankle,,,,C
57530-145328,SF,Saddiq,Saddiq Bey,Bey,20.044642857142858,56,5400,DET@DAL,DET,DAL,,,,,,SF
57530-101329,PG,Kendrick,Kendrick Nunn,Nunn,23.988636363636363,44,5400,MIA@SA,MIA,SA,,,,,,PG
57530-9758,SF,Danny,Danny Green,Green,22.271427699497767,56,5300,PHO@PHI,PHI,PHO,,,,,,SF
57530-40830,PG,Delon,Delon Wright,Wright,25.775510204081634,49,5300,MIN@SAC,SAC,MIN,,,,,,PG
57530-18393,PG,T.J.,T.J. McConnell,McConnell,26.549999095775462,54,5300,OKC@IND,IND,OKC,,,,,,PG
57530-14496,PG,Ricky,Ricky Rubio,Rubio,24.880000443892044,55,5200,MIN@SAC,MIN,SAC,,,,,,PG
57530-23825,C,Nerlens,Nerlens Noel,Noel,22.186537522536057,52,5200,ATL@NY,NY,ATL,,,,,,C
57530-40396,PG,Monte,Monte Morris,Morris,19.96590909090909,44,5200,DEN@POR,DEN,POR,O,Hamstring,,,,PG
57530-117286,C,Moses,Moses Brown,Brown,22.93103448275862,29,5200,OKC@IND,OKC,IND,,,,,,C
57530-84690,SG,Jalen,Jalen Brunson,Brunson,22.46923123873197,52,5200,DET@DAL,DAL,DET,,,,,,SG
57530-60233,SG,Dillon,Dillon Brooks,Brooks,26.823077862079327,52,5200,MEM@LAC,MEM,LAC,GTD,Thigh,,,,SG
57530-80825,PF,Isaiah,Isaiah Hartenstein,Hartenstein,14.475609756097562,41,5200,CHI@CLE,CLE,CHI,,,,,,PF
57530-145337,SG,Tyrese,Tyrese Haliburton,Haliburton,27.71538367638221,52,5200,MIN@SAC,SAC,MIN,,,,,,SG
57530-70827,C,Ivica,Ivica Zubac,Zubac,22.24666748046875,60,5100,MEM@LAC,LAC,MEM,,,,,,C
57530-9809,SF,Nicolas,Nicolas Batum,Batum,21.875,56,5100,MEM@LAC,LAC,MEM,,,,,,SF
57530-41594,PF,Aaron,Aaron Gordon,Gordon,28.210812130489863,37,5100,DEN@POR,DEN,POR,,,,,,PF
57530-84670,SF,Mikal,Mikal Bridges,Bridges,26.096491228070175,57,5100,PHO@PHI,PHO,PHI,,,,,,SF
57530-84694,SG,Bruce,Bruce Brown,Brown,20.1629638671875,54,5100,BKN@TOR,BKN,TOR,,,,,,SG
57530-14529,PG,Cory,Cory Joseph,Joseph,17.74561403508772,57,5000,DET@DAL,DET,DAL,,,,,,PG
57530-15559,SF,Jeremy,Jeremy Lamb,Lamb,20.797222561306423,36,5000,OKC@IND,IND,OKC,GTD,Knee,,,,SF
57530-9481,PF,Taj,Taj Gibson,Gibson,17.674999237060547,32,5000,ATL@NY,NY,ATL,,,,,,PF
57530-9560,PF,Blake,Blake Griffin,Griffin,23.212499618530273,32,5000,BKN@TOR,BKN,TOR,,,,,,PF
57530-84703,SG,De'Anthony,De'Anthony Melton,Melton,22.680555555555557,36,5000,MEM@LAC,MEM,LAC,,,,,,SG
57530-110339,SG,Cam,Cam Reddish,Reddish,21.588461068960335,26,5000,ATL@NY,ATL,NY,O,Achilles,,,,SG
57530-145336,PF,Xavier,Xavier Tillman,Tillman,17.22826086956522,46,5000,MEM@LAC,MEM,LAC,,,,,,PF
57530-15590,C,Mason,Mason Plumlee,Plumlee,29.400000939002403,52,4900,DET@DAL,DET,DAL,,,,,,C
57530-110995,C,Naz,Naz Reid,Reid,21.945614463404606,57,4900,MIN@SAC,MIN,SAC,,,,,,C
57530-66064,SF,Malik,Malik Beasley,Beasley,29.767568227407093,37,4900,MIN@SAC,MIN,SAC,O,Hamstring,,,,SF
57530-110312,SG,Tyler,Tyler Herro,Herro,27.195652173913043,46,4900,MIA@SA,MIA,SA,GTD,Foot,,,,SG
57530-16233,SF,Josh,Josh Richardson,Richardson,23.219564686650816,46,4900,DET@DAL,DAL,DET,,,,,,SF
57530-145319,PF,Jaden,Jaden McDaniels,McDaniels,16.588461068960335,52,4900,MIN@SAC,MIN,SAC,,,,,,PF
57530-80823,PF,Tony,Tony Bradley,Bradley,17.91818144827178,33,4900,OKC@IND,OKC,IND,,,,,,PF
57530-80824,PG,Frank,Frank Jackson,Jackson,11.862068965517242,29,4900,DET@DAL,DET,DAL,,,,,,PG
57530-23572,SF,Taurean,Taurean Prince,Prince,19.00749969482422,40,4800,CHI@CLE,CLE,CHI,,,,,,SF
57530-145538,PF,Aleksej,Aleksej Pokusevski,Pokusevski,19.217142159598215,35,4800,OKC@IND,OKC,IND,,,,,,PF
57530-9508,SF,Carmelo,Carmelo Anthony,Anthony,22.83571515764509,56,4800,DEN@POR,POR,DEN,,,,,,SF
57530-9666,PF,Thaddeus,Thaddeus Young,Young,28.99245236954599,53,4800,CHI@CLE,CHI,CLE,,,,,,PF
57530-16081,PF,Khem,Khem Birch,Birch,16.945282558225237,53,4800,BKN@TOR,TOR,BKN,,,,,,PF
57530-84691,PG,Shake,Shake Milton,Milton,21.548980090082907,49,4800,PHO@PHI,PHI,PHO,,,,,,PG
57530-84724,SG,Landry,Landry Shamet,Shamet,14.651063310339095,47,4800,BKN@TOR,BKN,TOR,,,,,,SG
57530-49336,SG,DeAndre',DeAndre' Bembry,Bembry,13.469230456229967,39,4700,BKN@TOR,TOR,BKN,,,,,,SG
57530-9648,PF,Jeff,Jeff Green,Green,19.15740740740741,54,4700,BKN@TOR,BKN,TOR,,,,,,PF
57530-84711,SG,Grayson,Grayson Allen,Allen,21.16511571130087,43,4700,MEM@LAC,MEM,LAC,,,,,,SG
57530-145536,PG,Theo,Theo Maledon,Maledon,19.9249995304988,52,4600,OKC@IND,OKC,IND,,,,,,PG
57530-85137,SG,Duncan,Duncan Robinson,Robinson,21.412069386449353,58,4600,MIA@SA,MIA,SA,,,,,,SG
57530-9561,C,DeAndre,DeAndre Jordan,Jordan,21.88199951171875,50,4600,BKN@TOR,BKN,TOR,,,,,,C
57530-23097,PG,Tomas,Tomas Satoransky,Satoransky,19.662221950954862,45,4600,CHI@CLE,CHI,CLE,,,,,,PG
57530-85597,PG,Jordan,Jordan McLaughlin,McLaughlin,17.012820512820515,39,4600,MIN@SAC,MIN,SAC,,,,,,PG
57530-110349,SF,Rui,Rui Hachimura,Hachimura,24.01914945561835,47,4600,GS@WAS,WAS,GS,O,Kneecap,,,,SF
57530-16363,SF,Joe,Joe Harris,Harris,23.27930950296336,58,4600,BKN@TOR,BKN,TOR,,,,,,SF
57530-14510,SG,Alec,Alec Burks,Burks,23.1045448996804,44,4500,ATL@NY,NY,ATL,GTD,Covid-19,,,,SG
57530-15583,SG,Seth,Seth Curry,Curry,20.55111083984375,45,4500,PHO@PHI,PHI,PHO,,,,,,SG
57530-110331,SG,Ty,Ty Jerome,Jerome,19.744000244140626,25,4500,OKC@IND,OKC,IND,,,,,,SG
57530-145307,PF,Isaiah,Isaiah Stewart,Stewart,20.323213849748885,56,4500,DET@DAL,DET,DAL,,,,,,PF
57530-145489,PG,Killian,Killian Hayes,Hayes,16.67142813546317,14,4400,DET@DAL,DET,DAL,O,Rest,,,,PG
57530-9577,PF,Rudy,Rudy Gay,Gay,22.285714285714285,49,4400,MIA@SA,SA,MIA,,,,,,PF
57530-9664,SF,Andre,Andre Iguodala,Iguodala,16.03076876126803,52,4400,MIA@SA,MIA,SA,,,,,,SF
57530-110315,SG,Terance,Terance Mann,Mann,14.617544073807565,57,4400,MEM@LAC,LAC,MEM,,,,,,SG
57530-84717,PG,Anfernee,Anfernee Simons,Simons,13.23469387755102,49,4400,DEN@POR,POR,DEN,,,,,,PG
57530-110338,SF,De'Andre,De'Andre Hunter,Hunter,28.120001220703124,20,4400,ATL@NY,ATL,NY,GTD,Knee,,,,SF
57530-101393,SG,Paul,Paul Watson,Watson,7.722222222222222,27,4300,BKN@TOR,TOR,BKN,O,Knee,,,,SG
57530-145547,PG,Facundo,Facundo Campazzo,Campazzo,13.915686513863358,51,4300,DEN@POR,DEN,POR,,,,,,PG
57530-85305,SF,Kenrich,Kenrich Williams,Williams,17.5844831795528,58,4300,OKC@IND,OKC,IND,,,,,,SF
57530-9538,PF,Trevor,Trevor Ariza,Ariza,19.34705846449908,17,4300,MIA@SA,MIA,SA,,,,,,PF
57530-19781,SF,Kent,Kent Bazemore,Bazemore,15.155357360839844,56,4300,GS@WAS,GS,WAS,,,,,,SF
57530-9598,PF,Ersan,Ersan Ilyasova,Ilyasova,8.666666666666666,9,4300,UTA@HOU,UTA,HOU,GTD,Hamstring,,,,PF
57530-15800,PF,Jae,Jae Crowder,Crowder,21.57777687355324,54,4300,PHO@PHI,PHO,PHI,,,,,,PF
57530-15846,SG,Tim,Tim Hardaway,Hardaway,23.205455433238637,55,4300,DET@DAL,DAL,DET,GTD,Illness,,,,SG
57530-81529,PF,Daniel,Daniel Theis,Theis,21.67407452618634,54,4300,CHI@CLE,CHI,CLE,,,,,,PF
57530-84683,PF,Jaren,Jaren Jackson,Jackson,29.97931118669181,58,4300,MEM@LAC,MEM,LAC,GTD,Knee,,,,PF
57530-11074,SF,Garrett,Garrett Temple,Temple,17.62682956602515,41,4300,CHI@CLE,CHI,CLE,,,,,,SF
57530-70826,SG,Furkan,Furkan Korkmaz,Korkmaz,16.42391304347826,46,4200,PHO@PHI,PHI,PHO,,,,,,SG
57530-14543,PF,Davis,Davis Bertans,Bertans,18.321428571428573,42,4200,GS@WAS,WAS,GS,,,,,,PF
57530-23802,PG,Kris,Kris Dunn,Dunn,22.386273552389707,51,4200,ATL@NY,ATL,NY,O,Ankle,,,,PG
57530-9556,SF,Eric,Eric Gordon,Gordon,25.44814724392361,27,4200,UTA@HOU,HOU,UTA,O,Groin,,,,SF
57530-9662,SG,Lou,Lou Williams,Williams,20.745283018867923,53,4200,ATL@NY,ATL,NY,,,,,,SG
57530-9703,PG,George,George Hill,Hill,20.380000813802084,15,4200,PHO@PHI,PHI,PHO,,,,,,PG
57530-9729,PF,Paul,Paul Millsap,Millsap,20.87555609809028,45,4200,DEN@POR,DEN,POR,,,,,,PF
57530-84679,PF,Marvin,Marvin Bagley,Bagley,25.87837837837838,37,4200,MIN@SAC,SAC,MIN,O,Hand,,,,PF
57530-110347,SF,Keldon,Keldon Johnson,Johnson,24.98301840728184,53,4200,MIA@SA,SA,MIA,,,,,,SF
57530-58576,C,Kevon,Kevon Looney,Looney,13.838298391788564,47,4100,GS@WAS,GS,WAS,,,,,,C
57530-16604,SF,Justin,Justin Holiday,Holiday,21.29824561403509,57,4100,OKC@IND,IND,OKC,,,,,,SF
57530-23120,SF,T.J.,T.J. Warren,Warren,22.075000762939453,4,4100,OKC@IND,IND,OKC,O,Foot,,,,SF
57530-19138,PG,Elfrid,Elfrid Payton,Payton,22.24199951171875,50,4100,ATL@NY,NY,ATL,,,,,,PG
57530-110353,PF,Brandon,Brandon Clarke,Clarke,25.467391304347824,46,4100,MEM@LAC,MEM,LAC,,,,,,PF
57530-15405,PF,JaMychal,JaMychal Green,Green,17.25,44,4000,DEN@POR,DEN,POR,,,,,,PF
57530-85238,SG,Yuta,Yuta Watanabe,Watanabe,11.374359130859375,39,4000,BKN@TOR,TOR,BKN,,,,,,SG
57530-115994,PF,Tyler,Tyler Cook,Cook,7.536841944644325,19,4000,DET@DAL,DET,DAL,,,,,,PF
57530-110883,PF,Dean,Dean Wade,Wade,12.762499491373697,48,4000,CHI@CLE,CLE,CHI,,,,,,PF
57530-9660,C,Dwight,Dwight Howard,Howard,20.14909002130682,55,4000,PHO@PHI,PHI,PHO,,,,,,C
57530-9873,C,Robin,Robin Lopez,Lopez,16.380701968544408,57,4000,GS@WAS,WAS,GS,,,,,,C
57530-9957,PF,Serge,Serge Ibaka,Ibaka,24.6974362104367,39,4000,MEM@LAC,LAC,MEM,O,Back,,,,PF
57530-84718,PF,Alize,Alize Johnson,Johnson,13.936363913796164,11,4000,BKN@TOR,BKN,TOR,,,,,,PF
57530-84721,PF,Jarred,Jarred Vanderbilt,Vanderbilt,17.719608082490808,51,4000,MIN@SAC,MIN,SAC,,,,,,PF
57530-110320,SF,Matisse,Matisse Thybulle,Thybulle,14.748148600260416,54,4000,PHO@PHI,PHI,PHO,,,,,,SF
57530-110322,PG,Jordan,Jordan Poole,Poole,16.21891825907939,37,4000,GS@WAS,GS,WAS,,,,,,PG
57530-23294,SF,Danuel,Danuel House,House,19.02258103893649,31,4000,UTA@HOU,HOU,UTA,O,Ankle,,,,SF
57530-110346,PF,Isaiah,Isaiah Roby,Roby,21.06595692736037,47,4000,OKC@IND,OKC,IND,O,Toe,,,,PF
57530-110354,PF,Nicolas,Nicolas Claxton,Claxton,19.45199951171875,25,4000,BKN@TOR,BKN,TOR,GTD,Covid-19,,,,PF
57530-145304,C,Onyeka,Onyeka Okongwu,Okongwu,10.455555386013454,36,4000,ATL@NY,ATL,NY,,,,,,C
57530-145308,SF,Patrick,Patrick Williams,Williams,20.385713849748885,56,4000,CHI@CLE,CHI,CLE,,,,,,SF
57530-145314,PF,Precious,Precious Achiuwa,Achiuwa,11.901852077907986,54,4000,MIA@SA,MIA,SA,,,,,,PF
57530-80812,PF,Lauri,Lauri Markkanen,Markkanen,23.78108174092061,37,4000,CHI@CLE,CHI,CLE,,,,,,PF
57530-145341,SG,Isaac,Isaac Okoro,Okoro,17.35576923076923,52,4000,CHI@CLE,CLE,CHI,,,,,,SG
57530-145348,SG,Immanuel,Immanuel Quickley,Quickley,18.516667118778937,54,4000,ATL@NY,NY,ATL,,,,,,SG
57530-97263,C,Drew,Drew Eubanks,Eubanks,14.957895379317435,38,4000,MIA@SA,SA,MIA,,,,,,C
57530-117779,PF,Juan,Juan Toscano-Anderson,Toscano-Anderson,15.3,40,3900,GS@WAS,GS,WAS,O,Concussion,,,,PF
57530-145827,PF,Freddie,Freddie Gillespie,Gillespie,15.34999974568685,6,3900,BKN@TOR,TOR,BKN,,,,,,PF
57530-116340,SG,Terence,Terence Davis,Davis,12.88936144240359,47,3900,MIN@SAC,SAC,MIN,,,,,,SG
57530-84689,SF,Josh,Josh Okogie,Okogie,13.776087221891984,46,3900,MIN@SAC,MIN,SAC,,,,,,SF
57530-16301,C,Dewayne,Dewayne Dedmon,Dedmon,21.73333231608073,3,3900,MIA@SA,MIA,SA,GTD,Covid-19,,,,C
57530-145334,SG,Desmond,Desmond Bane,Bane,17.340384850135216,52,3900,MEM@LAC,MEM,LAC,,,,,,SG
57530-18376,SG,Damion,Damion Lee,Lee,14.149122807017545,57,3900,GS@WAS,GS,WAS,GTD,Toe,,,,SG
57530-15417,SF,Solomon,Solomon Hill,Hill,11.475438168174342,57,3800,ATL@NY,ATL,NY,,,,,,SF
57530-12351,C,Derrick,Derrick Favors,Favors,17.37037037037037,54,3800,UTA@HOU,UTA,HOU,,,,,,C
57530-12362,C,DeMarcus,DeMarcus Cousins,Cousins,22.654838315902218,31,3800,MEM@LAC,LAC,MEM,,,,,,C
57530-70822,PF,Juancho,Juancho Hernangomez,Hernangomez,13.269999694824218,40,3800,MIN@SAC,MIN,SAC,,,,,,PF
57530-12511,PG,Ish,Ish Smith,Smith,18.072412951239222,29,3800,GS@WAS,WAS,GS,,,,,,PG
57530-40262,SG,Sterling,Sterling Brown,Brown,17.682352701822918,51,3800,UTA@HOU,HOU,UTA,O,Knee,,,,SG
57530-66968,SF,Derrick,Derrick Jones,Jones,17.784313725490197,51,3800,DEN@POR,POR,DEN,,,,,,SF
57530-117283,SF,Oshae,Oshae Brissett,Brissett,8.016666412353516,6,3800,OKC@IND,IND,OKC,,,,,,SF
57530-15947,SG,Reggie,Reggie Bullock,Bullock,18.41346153846154,52,3800,ATL@NY,NY,ATL,,,,,,SG
57530-66196,SG,PJ,PJ Dozier,Dozier,16.180951799665177,42,3800,DEN@POR,DEN,POR,,,,,,SG
57530-81621,PF,Maxi,Maxi Kleber,Kleber,18.758535989900913,41,3800,DET@DAL,DAL,DET,,,,,,PF
57530-84696,SG,Jevon,Jevon Carter,Carter,8.902222357855903,45,3800,PHO@PHI,PHO,PHI,,,,,,SG
57530-110316,SF,Cameron,Cameron Johnson,Johnson,17.780391917509192,51,3800,PHO@PHI,PHO,PHI,,,,,,SF
57530-110325,PF,Daniel,Daniel Gafford,Gafford,15.789743276742788,39,3800,GS@WAS,WAS,GS,,,,,,PF
57530-16196,C,Dwight,Dwight Powell,Powell,12.25238037109375,42,3800,DET@DAL,DAL,DET,,,,,,C
57530-18256,PF,Doug,Doug McDermott,McDermott,19.534615149864784,52,3800,OKC@IND,IND,OKC,GTD,Ankle,,,,PF
57530-24546,SF,Denzel,Denzel Valentine,Valentine,14.654000244140626,50,3800,CHI@CLE,CHI,CLE,,,,,,SF
57530-12334,SG,Avery,Avery Bradley,Bradley,13.543478260869565,23,3700,UTA@HOU,HOU,UTA,,,,,,SG
57530-145533,PF,Kenyon,Kenyon Martin,Martin,16.89032179309476,31,3700,UTA@HOU,HOU,UTA,,,,,,PF
57530-48567,PG,Cameron,Cameron Payne,Payne,16.91739156971807,46,3700,PHO@PHI,PHO,PHI,,,,,,PG
57530-23156,PF,Georges,Georges Niang,Niang,10.162069386449353,58,3700,UTA@HOU,UTA,HOU,,,,,,PF
57530-84719,SG,Aaron,Aaron Holiday,Holiday,12.538181374289772,55,3700,OKC@IND,IND,OKC,,,,,,SG
57530-145310,PG,Saben,Saben Lee,Lee,14.925714983258928,35,3700,DET@DAL,DET,DAL,,,,,,PG
57530-145324,SG,Devin,Devin Vassell,Vassell,12.804347826086957,46,3700,MIA@SA,SA,MIA,,,,,,SG
57530-58350,SF,Stanley,Stanley Johnson,Johnson,10.51800048828125,50,3700,BKN@TOR,TOR,BKN,,,,,,SF
57530-145539,SF,Deni,Deni Avdija,Avdija,15.986792222508845,53,3600,GS@WAS,WAS,GS,,,,,,SF
57530-15542,SG,Spencer,Spencer Dinwiddie,Dinwiddie,17.6999994913737,3,3600,BKN@TOR,BKN,TOR,O,Knee,,,,SG
57530-9455,PG,Rajon,Rajon Rondo,Rondo,14.01111094156901,36,3600,MEM@LAC,LAC,MEM,,,,,,PG
57530-40208,PG,Raul,Raul Neto,Neto,16.543137494255514,51,3600,GS@WAS,WAS,GS,,,,,,PG
57530-15771,C,Gorgui,Gorgui Dieng,Dieng,16.537037037037038,27,3600,MIA@SA,SA,MIA,,,,,,C
57530-9655,SF,JJ,JJ Redick,Redick,12.345714460100446,35,3600,DET@DAL,DAL,DET,,,,,,SF
57530-96763,PG,Brandon,Brandon Goodwin,Goodwin,9.487179487179487,39,3600,ATL@NY,ATL,NY,,,,,,PG
57530-66046,SG,Luke,Luke Kennard,Kennard,14.49074074074074,54,3600,MEM@LAC,LAC,MEM,,,,,,SG
57530-15904,SG,Rodney,Rodney Hood,Hood,9.722916920979818,48,3600,BKN@TOR,TOR,BKN,O,Knee,,,,SG
57530-58081,PG,Tyus,Tyus Jones,Jones,18.173214503696986,56,3600,MEM@LAC,MEM,LAC,,,,,,PG
57530-84709,C,Mitchell,Mitchell Robinson,Robinson,25.73871046496976,31,3600,ATL@NY,NY,ATL,O,Foot,,,,C
57530-84713,SG,Svi,Svi Mykhailiuk,Mykhailiuk,14.648148148148149,54,3600,OKC@IND,OKC,IND,,,,,,SG
57530-16178,SF,Maurice,Maurice Harkless,Harkless,10.875,24,3600,MIN@SAC,SAC,MIN,,,,,,SF
57530-111622,SF,Garrison,Garrison Mathews,Mathews,10.103921329273897,51,3500,GS@WAS,WAS,GS,,,,,,SF
57530-101387,PG,Gabe,Gabe Vincent,Vincent,9.052500152587891,40,3500,MIA@SA,MIA,SA,GTD,Knee,,,,PG
57530-37931,C,Aron,Aron Baynes,Baynes,14.445999755859376,50,3500,BKN@TOR,TOR,BKN,,,,,,C
57530-110639,PF,Sekou,Sekou Doumbouya,Doumbouya,8.41086943253227,46,3500,DET@DAL,DET,DAL,,,,,,PF
57530-110638,SF,Deividas,Deividas Sirvydis,Sirvydis,2.114285741533552,14,3500,DET@DAL,DET,DAL,,,,,,SF
57530-110640,PF,Luka,Luka Samanic,Samanic,7.408333460489909,24,3500,MIA@SA,SA,MIA,,,,,,PF
57530-12340,PF,Patrick,Patrick Patterson,Patterson,9.67741935483871,31,3500,MEM@LAC,LAC,MEM,,,,,,PF
57530-12342,PF,Al-Farouq,Al-Farouq Aminu,Aminu,16.099999678762334,19,3500,CHI@CLE,CHI,CLE,,,,,,PF
57530-117819,PG,Jared,Jared Harper,Harper,0,4,3500,ATL@NY,NY,ATL,,,,,,PG
57530-117821,PG,Keljin,Keljin Blevins,Blevins,1.5399999618530273,10,3500,DEN@POR,POR,DEN,,,,,,PG
57530-16448,PF,Frank,Frank Kaminsky,Kaminsky,14.482352761661305,34,3500,PHO@PHI,PHO,PHI,,,,,,PF
57530-112709,SG,Javonte,Javonte Green,Green,8.693103658741919,29,3500,CHI@CLE,CHI,CLE,,,,,,SG
57530-112708,SF,Max,Max Strus,Strus,8.123333231608074,30,3500,MIA@SA,MIA,SA,,,,,,SF
57530-12365,C,Ed,Ed Davis,Davis,13.004545731977982,22,3500,MIN@SAC,MIN,SAC,,,,,,C
57530-12368,PF,Nemanja,Nemanja Bjelica,Bjelica,13.123529770795036,34,3500,MIA@SA,MIA,SA,,,,,,PF
57530-145491,PF,Nathan,Nathan Knight,Knight,7.346153846153846,26,3500,ATL@NY,ATL,NY,,,,,,PF
57530-115802,SF,Jaylen,Jaylen Hoard,Hoard,13.225000381469727,8,3500,OKC@IND,OKC,IND,,,,,,SF
57530-58461,PF,Trey,Trey Lyles,Lyles,11.052173780358356,23,3500,MIA@SA,SA,MIA,O,Ankle,,,,PF
57530-110697,PF,Nicolo,Nicolo Melli,Melli,7.925000190734863,32,3500,DET@DAL,DAL,DET,,,,,,PF
57530-17517,SF,Tony,Tony Snell,Snell,11.18249969482422,40,3500,ATL@NY,ATL,NY,GTD,Ankle,,,,SF
57530-41082,C,Damian,Damian Jones,Jones,7.387999877929688,25,3500,MIN@SAC,SAC,MIN,,,,,,C
57530-23676,PG,Damyean,Damyean Dotson,Dotson,12.82857142857143,35,3500,CHI@CLE,CLE,CHI,O,Knee,,,,PG
57530-145532,SG,Jay,Jay Scrubb,Scrubb,,,3500,MEM@LAC,LAC,MEM,O,Foot,,,,SG
57530-145548,PF,Anthony,Anthony Gill,Gill,4.022222306993273,18,3500,GS@WAS,WAS,GS,,,,,,PF
57530-58519,SG,Gary,Gary Payton II,Payton II,6.233333587646484,6,3500,GS@WAS,GS,WAS,,,,,,SG
57530-42148,PF,Rondae,Rondae Hollis-Jefferson,Hollis-Jefferson,11.975000381469727,4,3500,DEN@POR,POR,DEN,,,,,,PF
57530-18600,PG,Tyler,Tyler Johnson,Johnson,9.783870573966734,31,3500,BKN@TOR,BKN,TOR,O,Knee,,,,PG
57530-70825,SF,Timothe,Timothe Luwawu-Cabarrot,Luwawu-Cabarrot,12.807843376608457,51,3500,BKN@TOR,BKN,TOR,,,,,,SF
57530-14509,SG,Klay,Klay Thompson,Thompson,,,3500,GS@WAS,GS,WAS,O,Achilles,,,,SG
57530-145588,SF,Anthony,Anthony Lamb,Lamb,5.583333333333333,12,3500,UTA@HOU,HOU,UTA,,,,,,SF
57530-12474,PG,Patrick,Patrick Beverley,Beverley,19.44193587764617,31,3500,MEM@LAC,LAC,MEM,O,Hand,,,,PG
57530-23740,PG,Ryan,Ryan Arcidiacono,Arcidiacono,7.428124904632568,32,3500,CHI@CLE,CHI,CLE,,,,,,PG
57530-14554,SF,E'Twaun,E'Twaun Moore,Moore,10.03749974568685,24,3500,PHO@PHI,PHO,PHI,,,,,,SF
57530-145624,SG,Ty-Shon,Ty-Shon Alexander,Alexander,1.7222222222222223,9,3500,PHO@PHI,PHO,PHI,,,,,,SG
57530-23772,PG,Yogi,Yogi Ferrell,Ferrell,21.950000762939453,2,3500,MEM@LAC,LAC,MEM,,,,,,PG
57530-145632,PF,Killian,Killian Tillie,Tillie,7.700000127156575,12,3500,MEM@LAC,MEM,LAC,,,,,,PF
57530-23780,SF,Jake,Jake Layman,Layman,10.757142566499256,42,3500,MIN@SAC,MIN,SAC,,,,,,SF
57530-145643,SG,Mason,Mason Jones,Jones,9.343332926432291,30,3500,PHO@PHI,PHI,PHO,,,,,,SG
57530-110827,SG,Matt,Matt Thomas,Thomas,4.329411674948299,34,3500,UTA@HOU,UTA,HOU,,,,,,SG
57530-110829,SG,Brian,Brian Bowen,Bowen,1.099999984105428,6,3500,OKC@IND,IND,OKC,,,,,,SG
57530-9453,PF,Al,Al Horford,Horford,31.735713413783483,28,3500,OKC@IND,OKC,IND,O,Coach's decision,,,,PF
57530-9466,PG,D.J.,D.J. Augustin,Augustin,14.301961263020834,51,3500,UTA@HOU,HOU,UTA,O,Ankle,,,,PG
57530-19726,SF,Abdel,Abdel Nader,Nader,12.53749974568685,24,3500,PHO@PHI,PHO,PHI,O,Knee,,,,SF
57530-23823,C,Willie,Willie Cauley-Stein,Cauley-Stein,14.08108108108108,37,3500,DET@DAL,DAL,DET,,,,,,C
57530-110882,SG,Adam,Adam Mokoka,Mokoka,3.422222137451172,9,3500,CHI@CLE,CHI,CLE,,,,,,SG
57530-145738,SG,Nate,Nate Hinton,Hinton,3.142857142857143,14,3500,DET@DAL,DAL,DET,,,,,,SG
57530-145737,SG,Brodric,Brodric Thomas,Thomas,6.533333248562283,18,3500,CHI@CLE,CLE,CHI,,,,,,SG
57530-63826,C,Boban,Boban Marjanovic,Marjanovic,10.979166666666666,24,3500,DET@DAL,DAL,DET,,,,,,C
57530-9589,PF,Udonis,Udonis Haslem,Haslem,7.925000190734863,4,3500,MIA@SA,MIA,SA,,,,,,PF
57530-15744,SG,Rodney,Rodney McGruder,McGruder,10.087499618530273,16,3500,DET@DAL,DET,DAL,O,Elbow,,,,SG
57530-145821,SF,Josh,Josh Hall,Hall,5.828571319580078,14,3500,OKC@IND,OKC,IND,O,Knee,,,,SF
57530-145825,PF,Malik,Malik Fitts,Fitts,2.199999968210856,3,3500,MEM@LAC,LAC,MEM,,,,,,PF
57530-15814,C,Alex,Alex Len,Len,15.618367097815689,49,3500,GS@WAS,WAS,GS,,,,,,C
57530-116178,PG,Rayjon,Rayjon Tucker,Tucker,2.577777862548828,9,3500,PHO@PHI,PHI,PHO,,,,,,PG
57530-15843,PG,Trey,Trey Burke,Burke,10.869387256855868,49,3500,DET@DAL,DAL,DET,,,,,,PG
57530-17894,C,Mike,Mike Muscala,Muscala,16.440000697544644,35,3500,OKC@IND,OKC,IND,O,Ankle,,,,C
57530-96775,PF,Norvel,Norvel Pelle,Pelle,7.185714176722935,7,3500,ATL@NY,NY,ATL,,,,,,PF
57530-9739,C,JaVale,JaVale McGee,McGee,18.62162162162162,37,3500,DEN@POR,DEN,POR,,,,,,C
57530-85521,SG,Theo,Theo Pinson,Pinson,0.3500000068119594,14,3500,ATL@NY,NY,ATL,,,,,,SG
57530-117273,SF,Mychal,Mychal Mulder,Mulder,6.113043743631114,46,3500,GS@WAS,GS,WAS,,,,,,SF
57530-117274,PF,Chris,Chris Silva,Silva,5.626666768391927,15,3500,MIN@SAC,SAC,MIN,,,,,,PF
57530-117285,SF,Vlatko,Vlatko Cancar,Cancar,3.9612904210244455,31,3500,DEN@POR,DEN,POR,,,,,,SF
57530-117289,PF,Juwan,Juwan Morgan,Morgan,3.290909160267223,22,3500,UTA@HOU,UTA,HOU,,,,,,PF
57530-117291,SG,Armoni,Armoni Brooks,Brooks,13.333333333333334,6,3500,UTA@HOU,HOU,UTA,,,,,,SG
57530-117307,SF,DaQuan,DaQuan Jeffries,Jeffries,7.071428571428571,21,3500,UTA@HOU,HOU,UTA,,,,,,SF
57530-66108,PG,Jamal,Jamal Murray,Murray,35.83958435058594,48,3500,DEN@POR,DEN,POR,O,Knee,,,,PG
57530-15952,C,John,John Henson,Henson,16.460000610351564,40,3500,ATL@NY,NY,ATL,,,,,,C
57530-20064,PG,Matthew,Matthew Dellavedova,Dellavedova,12.61999969482422,10,3500,CHI@CLE,CLE,CHI,,,,,,PG
57530-63126,SF,Cedi,Cedi Osman,Osman,19.483673718510843,49,3500,CHI@CLE,CLE,CHI,,,,,,SF
57530-84668,SF,Troy,Troy Brown,Brown,10.514705882352942,34,3500,CHI@CLE,CHI,CLE,GTD,Ankle,,,,SF
57530-9920,PF,Anthony,Anthony Tolliver,Tolliver,5.900000095367432,1,3500,PHO@PHI,PHI,PHO,,,,,,PF
57530-84674,SF,Kevin,Kevin Knox,Knox,7.891891891891892,37,3500,ATL@NY,NY,ATL,,,,,,SF
57530-16071,PG,Tim,Tim Frazier,Frazier,6.433333079020183,3,3500,MEM@LAC,MEM,LAC,,,,,,PG
57530-84688,SF,Keita,Keita Bates-Diop,Bates-Diop,5.589473523591694,19,3500,MIA@SA,SA,MIA,,,,,,SF
57530-9939,SG,Patty,Patty Mills,Mills,18.662962736906827,54,3500,MIA@SA,SA,MIA,,,,,,SG
57530-84699,SG,Hamidou,Hamidou Diallo,Diallo,22.737209586210028,43,3500,DET@DAL,DET,DAL,,,,,,SG
57530-84701,C,Chimezie,Chimezie Metu,Metu,10.24,25,3500,MIN@SAC,SAC,MIN,,,,,,C
57530-84702,SG,Lonnie,Lonnie Walker,Walker,18.10909063165838,44,3500,MIA@SA,SA,MIA,,,,,,SG
57530-84707,SF,Chandler,Chandler Hutchison,Hutchison,8.546153728778545,13,3500,GS@WAS,WAS,GS,,,,,,SF
57530-58083,C,Jahlil,Jahlil Okafor,Okafor,7.972222222222222,18,3500,DET@DAL,DET,DAL,,,,,,C
57530-9956,SG,Wayne,Wayne Ellington,Ellington,15.239024092511434,41,3500,DET@DAL,DET,DAL,,,,,,SG
57530-58084,SF,Justise,Justise Winslow,Winslow,16.888235653147976,17,3500,MEM@LAC,MEM,LAC,,,,,,SF
57530-110309,SF,KZ,KZ Okpala,Okpala,6.693103658741918,29,3500,MIA@SA,MIA,SA,,,,,,SF
57530-110308,SF,Jarrell,Jarrell Brantley,Brantley,4.1400001525878904,20,3500,UTA@HOU,UTA,HOU,,,,,,SF
57530-110313,C,Bol,Bol Bol,Bol,4.733333269755046,24,3500,DEN@POR,DEN,POR,,,,,,C
57530-110317,PG,Jaylen,Jaylen Nowell,Nowell,16.37631546823602,38,3500,MIN@SAC,MIN,SAC,GTD,Lower leg,,,,PG
57530-42733,SF,David,David Nwaba,Nwaba,20.00333251953125,30,3500,UTA@HOU,HOU,UTA,O,Wrist,,,,SF
57530-67312,C,Thomas,Thomas Bryant,Bryant,26.370001220703124,10,3500,GS@WAS,WAS,GS,O,Knee,,,,C
57530-110323,C,Eric,Eric Paschall,Paschall,15.648717635717148,39,3500,GS@WAS,GS,WAS,O,Hip,,,,C
57530-84722,PF,Isaac,Isaac Bonga,Bonga,5.974285888671875,35,3500,GS@WAS,WAS,GS,,,,,,PF
57530-110324,SG,Miye,Miye Oni,Oni,5.126190548851376,42,3500,UTA@HOU,UTA,HOU,,,,,,SG
57530-110329,PF,Bruno,Bruno Fernando,Fernando,4.566666779694734,27,3500,ATL@NY,ATL,NY,,,,,,PF
57530-97018,PG,Chris,Chris Chiozza,Chiozza,10.7863637750799,22,3500,BKN@TOR,BKN,TOR,O,Hand,,,,PG
57530-110333,SF,Jarrett,Jarrett Culver,Culver,11.494117288028493,34,3500,MIN@SAC,MIN,SAC,,,,,,SF
57530-110334,SG,Justin,Justin James,James,3.3730768057016225,26,3500,MIN@SAC,SAC,MIN,,,,,,SG
57530-110341,SG,Dylan,Dylan Windler,Windler,12.899999803112399,31,3500,CHI@CLE,CLE,CHI,O,Knee,,,,SG
57530-110343,SF,Nassir,Nassir Little,Little,10.5052634791324,38,3500,DEN@POR,POR,DEN,,,,,,SF
57530-111371,PG,Justin,Justin Robinson,Robinson,6.914285932268415,7,3500,OKC@IND,OKC,IND,,,,,,PG
57530-110348,SG,Quinndary,Quinndary Weatherspoon,Weatherspoon,2.856250047683716,16,3500,MIA@SA,SA,MIA,,,,,,SG
57530-55055,PG,Dante,Dante Exum,Exum,12.316666920979818,6,3500,UTA@HOU,HOU,UTA,O,Calf,,,,PG
57530-55056,PF,Dario,Dario Saric,Saric,16.92820544120593,39,3500,PHO@PHI,PHO,PHI,GTD,Ankle,,,,PF
57530-111376,SG,John,John Konchar,Konchar,11.751514781605113,33,3500,MEM@LAC,MEM,LAC,,,,,,SG
57530-110355,SF,Mfiondu,Mfiondu Kabengele,Kabengele,2.992307809682993,26,3500,CHI@CLE,CLE,CHI,,,,,,SF
57530-110358,SG,Kyle,Kyle Guy,Guy,5.76818188753995,22,3500,MIN@SAC,SAC,MIN,,,,,,SG
57530-110365,PF,Alen,Alen Smailagic,Smailagic,4.087500095367432,8,3500,GS@WAS,GS,WAS,,,,,,PF
57530-119602,SF,Jontay,Jontay Porter,Porter,3.0499998728434243,6,3500,MEM@LAC,MEM,LAC,,,,,,SF
57530-20277,SG,Torrey,Torrey Craig,Craig,12.131428745814732,35,3500,PHO@PHI,PHO,PHI,,,,,,SG
57530-16183,PF,JaKarr,JaKarr Sampson,Sampson,7.114285423642113,21,3500,OKC@IND,IND,OKC,,,,,,PF
57530-82744,PG,Shaquille,Shaquille Harrison,Harrison,2.6842105263157894,19,3500,DEN@POR,DEN,POR,,,,,,PG
57530-40769,PF,Jordan,Jordan Bell,Bell,14.824999809265137,4,3500,GS@WAS,WAS,GS,,,,,,PF
57530-17230,SG,Langston,Langston Galloway,Galloway,7.294117647058823,34,3500,PHO@PHI,PHO,PHI,,,,,,SG
57530-111492,PF,Amir,Amir Coffey,Coffey,4.8174999237060545,40,3500,MEM@LAC,LAC,MEM,,,,,,PF
57530-145303,SG,Skylar,Skylar Mays,Mays,6.655555442527488,27,3500,ATL@NY,ATL,NY,,,,,,SG
57530-145306,SF,CJ,CJ Elleby,Elleby,5.114285786946614,21,3500,DEN@POR,POR,DEN,,,,,,SF
57530-145305,PF,Zeke,Zeke Nnaji,Nnaji,6.088888804117839,36,3500,DEN@POR,DEN,POR,,,,,,PF
57530-115612,SF,Kelan,Kelan Martin,Martin,4.395000076293945,20,3500,OKC@IND,IND,OKC,,,,,,SF
57530-58270,PG,Edmond,Edmond Sumner,Sumner,11.347726995294744,44,3500,OKC@IND,IND,OKC,,,,,,PG
57530-145309,C,Udoka,Udoka Azubuike,Azubuike,3.2999998728434243,12,3500,UTA@HOU,UTA,HOU,O,Ankle,,,,C
57530-145315,SF,Elijah,Elijah Hughes,Hughes,3.366666793823242,12,3500,UTA@HOU,UTA,HOU,,,,,,SF
57530-145322,PF,Jalen,Jalen Smith,Smith,2.7399999618530275,20,3500,PHO@PHI,PHO,PHI,,,,,,PF
57530-145323,PG,Tre,Tre Jones,Jones,3.311111167625145,27,3500,MIA@SA,SA,MIA,,,,,,PG
57530-145320,C,Daniel,Daniel Oturu,Oturu,3.5363637750799004,22,3500,MEM@LAC,LAC,MEM,,,,,,C
57530-80813,PG,Frank,Frank Ntilikina,Ntilikina,7.282608695652174,23,3500,ATL@NY,NY,ATL,,,,,,PG
57530-145326,PG,Tyrell,Tyrell Terry,Terry,3.6545455239035864,11,3500,DET@DAL,DAL,DET,O,Personal,,,,PG
57530-80815,PF,Zach,Zach Collins,Collins,18.16363664106889,11,3500,DEN@POR,POR,DEN,O,Ankle,,,,PF
57530-80814,PG,Dennis,Dennis Smith,Smith,18.282608695652176,23,3500,DET@DAL,DET,DAL,GTD,Knee,,,,PG
57530-145325,SG,Josh,Josh Green,Green,5.807143075125558,28,3500,DET@DAL,DAL,DET,,,,,,SG
57530-145330,PG,Isaiah,Isaiah Joe,Joe,6.243333435058593,30,3500,PHO@PHI,PHI,PHO,,,,,,PG
57530-148402,SF,Gabriel,Gabriel Deck,Deck,,,3500,OKC@IND,OKC,IND,,,,,,SF
57530-145331,SG,Tyrese,Tyrese Maxey,Maxey,12.022916158040365,48,3500,PHO@PHI,PHI,PHO,,,,,,SG
57530-80819,PF,Harry,Harry Giles,Giles,9.736666870117187,30,3500,DEN@POR,POR,DEN,,,,,,PF
57530-80818,PF,T.J.,T.J. Leaf,Leaf,7.739285605294364,28,3500,DEN@POR,POR,DEN,,,,,,PF
57530-145329,SF,Paul,Paul Reed,Reed,6.8941174675436585,17,3500,PHO@PHI,PHI,PHO,,,,,,SF
57530-145332,SF,Tyler,Tyler Bey,Bey,2.7363636710427026,11,3500,DET@DAL,DAL,DET,,,,,,SF
57530-58295,PF,D.J.,D.J. Wilson,Wilson,9.686206686085669,29,3500,UTA@HOU,HOU,UTA,,,,,,PF
57530-145338,PG,Jahmi'us,Jahmi'us Ramsey,Ramsey,3.0600000381469727,5,3500,MIN@SAC,SAC,MIN,,,,,,PG
57530-145339,SF,Obi,Obi Toppin,Toppin,8.222448855030294,49,3500,ATL@NY,NY,ATL,,,,,,SF
57530-145342,SG,Cassius,Cassius Stanley,Stanley,2.200000047683716,16,3500,OKC@IND,IND,OKC,,,,,,SG
57530-145343,PG,Jalen,Jalen Harris,Harris,2.9000000953674316,4,3500,BKN@TOR,TOR,BKN,O,Hip,,,,PG
57530-145340,PF,Reggie,Reggie Perry,Perry,9.438095092773438,21,3500,BKN@TOR,BKN,TOR,GTD,Covid-19,,,,PF
57530-145347,C,James,James Wiseman,Wiseman,21.51794903094952,39,3500,GS@WAS,GS,WAS,O,Knee,,,,C
57530-145345,PG,Nico,Nico Mannion,Mannion,10.469565350076426,23,3500,GS@WAS,GS,WAS,,,,,,PG
57530-145350,PF,Robert,Robert Woodard,Woodard,3.290909160267223,11,3500,MIN@SAC,SAC,MIN,GTD,Back,,,,PF
57530-145349,PG,Cassius,Cassius Winston,Winston,4.1058825324563415,17,3500,GS@WAS,WAS,GS,,,,,,PG
57530-145354,SG,Devon,Devon Dotson,Dotson,3.4000000953674316,4,3500,CHI@CLE,CHI,CLE,,,,,,SG
57530-145352,SG,Trent,Trent Forrest,Forrest,3.6823528514188877,17,3500,UTA@HOU,UTA,HOU,,,,,,SG
57530-145358,PG,Markus,Markus Howard,Howard,2.081481509738498,27,3500,DEN@POR,DEN,POR,,,,,,PG
57530-145356,SF,Sean,Sean McDermott,McDermott,4.925000190734863,16,3500,MEM@LAC,MEM,LAC,,,,,,SF
57530-145357,PF,Lamar,Lamar Stevens,Stevens,9.9947365208676,38,3500,CHI@CLE,CLE,CHI,,,,,,PF
57530-16368,PF,Mike,Mike Scott,Scott,9.910526476408306,38,3500,PHO@PHI,PHI,PHO,,,,,,PF
57530-63478,C,Cristiano,Cristiano Felicio,Felicio,3.4636362249200996,11,3500,CHI@CLE,CHI,CLE,,,,,,C