Id,Position,First Name,Nickname,Last Name,FPPG,Played,Salary,Game,Team,Opponent,Injury Indicator,Injury Details,Tier,,,Roster Position
56827-9642,PG,Russell,Russell Westbrook,Westbrook,50.42954323508523,44,11300,WAS@PHO,WAS,PHO,,,,,,PG
56827-9644,SG,James,James Harden,Harden,52.14186273619186,43,11200,LAL@BKN,BKN,LAL,O,Hamstring,,,,SG
56827-14498,PG,Kyrie,Kyrie Irving,Irving,46.31578947368421,38,10200,LAL@BKN,BKN,LAL,,,,,,PG
56827-49111,C,Joel,Joel Embiid,Embiid,51.767646340762866,34,10100,PHI@OKC,PHI,OKC,GTD,Knee,,,,C
56827-9524,PG,Stephen,Stephen Curry,Curry,46.3,45,10000,HOU@GS,GS,HOU,,,,,,PG
56827-9488,SF,LeBron,LeBron James,James,47.083333333333336,42,9900,LAL@BKN,LAL,BKN,O,Ankle,,,,SF
56827-80810,PG,De'Aaron,De'Aaron Fox,Fox,41.95686370251226,51,9400,SAC@UTA,SAC,UTA,,,,,,PG
56827-9646,SF,Kevin,Kevin Durant,Durant,47.61000061035156,20,9300,LAL@BKN,BKN,LAL,,,,,,SF
56827-58460,SG,Devin,Devin Booker,Booker,37.70000051944814,47,9200,WAS@PHO,PHO,WAS,,,,,,SG
56827-20848,PG,Damian,Damian Lillard,Lillard,45.8039990234375,50,9000,DET@POR,POR,DET,,,,,,PG
56827-15755,PF,Anthony,Anthony Davis,Davis,44.54782502547555,23,9000,LAL@BKN,LAL,BKN,O,Calf,,,,PF
56827-60021,PF,Pascal,Pascal Siakam,Siakam,39.60000113553779,43,8900,TOR@CLE,TOR,CLE,,,,,,PF
56827-9623,PG,Chris,Chris Paul,Paul,37.64901912913603,51,8800,WAS@PHO,PHO,WAS,,,,,,PG
56827-12332,PG,John,John Wall,Wall,37.15757427793561,33,8700,HOU@GS,HOU,GS,,,,,,PG
56827-40203,C,Rudy,Rudy Gobert,Gobert,40.805659456073116,53,8600,SAC@UTA,UTA,SAC,,,,,,C
56827-66113,SG,Donovan,Donovan Mitchell,Mitchell,40.16,50,8500,SAC@UTA,UTA,SAC,,,,,,SG
56827-15595,SG,Bradley,Bradley Beal,Beal,45.043182373046875,44,8200,WAS@PHO,WAS,PHO,GTD,Back,,,,SG
56827-19067,SG,CJ,CJ McCollum,McCollum,38.834615854116585,26,8100,DET@POR,POR,DET,,,,,,SG
56827-84673,C,Deandre,Deandre Ayton,Ayton,33.12549067478554,51,7900,WAS@PHO,PHO,WAS,,,,,,C
56827-42202,PF,Christian,Christian Wood,Wood,39.248274178340516,29,7800,HOU@GS,HOU,GS,,,,,,PF
56827-14518,PF,Tobias,Tobias Harris,Harris,38.123405294215424,47,7700,PHI@OKC,PHI,OKC,,,,,,PF
56827-68090,SF,OG,OG Anunoby,Anunoby,29.955882352941178,34,7700,TOR@CLE,TOR,CLE,,,,,,SF
56827-15860,PF,Draymond,Draymond Green,Green,30.8545448996804,44,7600,HOU@GS,GS,HOU,,,,,,PF
56827-20992,PF,Larry,Larry Nance,Nance,28.879310344827587,29,7400,TOR@CLE,CLE,TOR,O,Illness,,,,PF
56827-66115,PG,Ben,Ben Simmons,Simmons,38.47727272727273,44,7400,PHI@OKC,PHI,OKC,,,,,,PG
56827-24247,SG,Fred,Fred VanVleet,VanVleet,39.6181807084517,44,7400,TOR@CLE,TOR,CLE,O,Hip,,,,SG
56827-84667,SG,Collin,Collin Sexton,Sexton,34.8340897993608,44,7400,TOR@CLE,CLE,TOR,,,,,,SG
56827-49116,SG,Andrew,Andrew Wiggins,Wiggins,31.12884521484375,52,7300,HOU@GS,GS,HOU,,,,,,SG
56827-58377,SF,Kyle,Kyle Kuzma,Kuzma,24.42199951171875,50,7000,LAL@BKN,LAL,BKN,GTD,Calf,,,,SF
56827-84680,SG,Shai,Shai Gilgeous-Alexander,Gilgeous-Alexander,39.53428431919643,35,7000,PHI@OKC,OKC,PHI,O,Foot,,,,SG
56827-40201,PG,Dennis,Dennis Schroder,Schroder,28.90625,48,7000,LAL@BKN,LAL,BKN,,,,,,PG
56827-23831,PF,Jerami,Jerami Grant,Grant,35.958333333333336,48,7000,DET@POR,DET,POR,GTD,Knee,,,,PF
56827-80821,C,Jarrett,Jarrett Allen,Allen,32.41363525390625,44,7000,TOR@CLE,CLE,TOR,O,Concussion,,,,C
56827-9575,PG,Mike,Mike Conley,Conley,30.572092455486917,43,6800,SAC@UTA,UTA,SAC,,,,,,PG
56827-16293,SF,Norman,Norman Powell,Powell,28.112244897959183,49,6700,DET@POR,POR,DET,,,,,,SF
56827-23776,C,Montrezl,Montrezl Harrell,Harrell,27.625,52,6600,LAL@BKN,LAL,BKN,,,,,,C
56827-110342,PG,Darius,Darius Garland,Garland,29.107142857142858,42,6600,TOR@CLE,CLE,TOR,,,,,,PG
56827-110345,SF,Kevin,Kevin Porter,Porter,29.793332926432292,15,6600,HOU@GS,HOU,GS,,,,,,SF
56827-58153,SF,Kelly,Kelly Oubre,Oubre,28.81800048828125,50,6600,HOU@GS,GS,HOU,,,,,,SF
56827-23572,SF,Taurean,Taurean Prince,Prince,18.92941104664522,34,6500,TOR@CLE,CLE,TOR,,,,,,SF
56827-68203,C,Chris,Chris Boucher,Boucher,29.846153846153847,52,6500,TOR@CLE,TOR,CLE,,,,,,C
56827-23447,C,Richaun,Richaun Holmes,Holmes,33.43958282470703,48,6500,SAC@UTA,SAC,UTA,,,,,,C
56827-22541,C,Kelly,Kelly Olynyk,Olynyk,25.44509708180147,51,6400,HOU@GS,HOU,GS,,,,,,C
56827-15946,PF,Harrison,Harrison Barnes,Barnes,30.395918865593114,49,6300,SAC@UTA,SAC,UTA,,,,,,PF
56827-84695,SG,Gary,Gary Trent,Trent,22.255102040816325,49,6300,TOR@CLE,TOR,CLE,,,,,,SG
56827-15590,C,Mason,Mason Plumlee,Plumlee,29.96666717529297,48,6200,DET@POR,DET,POR,GTD,Concussion,,,,C
56827-9535,PG,Kyle,Kyle Lowry,Lowry,35.47179549779647,39,6200,TOR@CLE,TOR,CLE,GTD,Foot,,,,PG
56827-15557,C,Andre,Andre Drummond,Drummond,41.05555555555556,27,6100,LAL@BKN,LAL,BKN,,,,,,C
56827-85305,SF,Kenrich,Kenrich Williams,Williams,17.78846153846154,52,6100,PHI@OKC,OKC,PHI,,,,,,SF
56827-23665,SF,Buddy,Buddy Hield,Hield,28.311537522536057,52,6000,SAC@UTA,SAC,UTA,,,,,,SF
56827-145337,SG,Tyrese,Tyrese Haliburton,Haliburton,28.48478367017663,46,6000,SAC@UTA,SAC,UTA,,,,,,SG
56827-145344,PG,Malachi,Malachi Flynn,Flynn,10.300000226056135,27,6000,TOR@CLE,TOR,CLE,,,,,,PG
56827-20491,PF,Robert,Robert Covington,Covington,27.3551025390625,49,5900,DET@POR,POR,DET,,,,,,PF
56827-9874,PF,Kevin,Kevin Love,Love,19.649999618530273,8,5800,TOR@CLE,CLE,TOR,,,,,,PF
56827-20640,PG,Jordan,Jordan Clarkson,Clarkson,26.45098039215686,51,5800,SAC@UTA,UTA,SAC,GTD,Ankle,,,,PG
56827-110349,SF,Rui,Rui Hachimura,Hachimura,24.964285714285715,42,5800,WAS@PHO,WAS,PHO,,,,,,SF
56827-15636,SF,Kentavious,Kentavious Caldwell-Pope,Caldwell-Pope,16.4562505086263,48,5800,LAL@BKN,LAL,BKN,,,,,,SF
56827-9688,C,LaMarcus,LaMarcus Aldridge,Aldridge,25.38,25,5800,LAL@BKN,BKN,LAL,,,,,,C
56827-145536,PG,Theo,Theo Maledon,Maledon,19.973912778108016,46,5700,PHI@OKC,OKC,PHI,,,,,,PG
56827-145576,PF,Jae'Sean,Jae'Sean Tate,Tate,23.951923076923077,52,5700,HOU@GS,HOU,GS,,,,,,PF
56827-110337,SG,Talen,Talen Horton-Tucker,Horton-Tucker,17.461702387383642,47,5700,LAL@BKN,LAL,BKN,,,,,,SG
56827-9648,SF,Jeff,Jeff Green,Green,18.983333587646484,48,5700,LAL@BKN,BKN,LAL,,,,,,SF
56827-145538,PF,Aleksej,Aleksej Pokusevski,Pokusevski,19.071874618530273,32,5600,PHI@OKC,OKC,PHI,,,,,,PF
56827-111273,SF,Luguentz,Luguentz Dort,Dort,21.273171029439787,41,5600,PHI@OKC,OKC,PHI,GTD,Concussion,,,,SF
56827-49336,SG,DeAndre',DeAndre' Bembry,Bembry,13.845714460100446,35,5600,TOR@CLE,TOR,CLE,,,,,,SG
56827-84670,SF,Mikal,Mikal Bridges,Bridges,26.760785271139707,51,5600,WAS@PHO,PHO,WAS,,,,,,SF
56827-55057,C,Jusuf,Jusuf Nurkic,Nurkic,25.877777099609375,18,5600,DET@POR,POR,DET,O,Rest,,,,C
56827-84694,SG,Bruce,Bruce Brown,Brown,18.985416412353516,48,5500,LAL@BKN,BKN,LAL,,,,,,SG
56827-84699,SG,Hamidou,Hamidou Diallo,Diallo,24.135897122896633,39,5400,DET@POR,DET,POR,,,,,,SG
56827-145328,SF,Saddiq,Saddiq Bey,Bey,19.005999755859374,50,5400,DET@POR,DET,POR,,,,,,SF
56827-14511,PF,Markieff,Markieff Morris,Morris,15.230434251868207,46,5300,LAL@BKN,LAL,BKN,,,,,,PF
56827-14530,SF,Bojan,Bojan Bogdanovic,Bogdanovic,22.59423123873197,52,5300,SAC@UTA,UTA,SAC,,,,,,SF
56827-16363,SF,Joe,Joe Harris,Harris,22.998077392578125,52,5300,LAL@BKN,BKN,LAL,,,,,,SF
56827-9758,SF,Danny,Danny Green,Green,22.07884568434495,52,5200,PHI@OKC,PHI,OKC,,,,,,SF
56827-59318,SG,Joe,Joe Ingles,Ingles,23.29791768391927,48,5200,SAC@UTA,UTA,SAC,,,,,,SG
56827-80823,PF,Tony,Tony Bradley,Bradley,16.88888888888889,27,5200,PHI@OKC,OKC,PHI,,,,,,PF
56827-117286,C,Moses,Moses Brown,Brown,23.16521686056386,23,5100,PHI@OKC,OKC,PHI,,,,,,C
56827-14529,PG,Cory,Cory Joseph,Joseph,17.064151404038917,53,5100,DET@POR,DET,POR,,,,,,PG
56827-84679,PF,Marvin,Marvin Bagley,Bagley,25.87837837837838,37,5100,SAC@UTA,SAC,UTA,O,Hand,,,,PF
56827-15800,PF,Jae,Jae Crowder,Crowder,21.964584350585938,48,5100,WAS@PHO,PHO,WAS,,,,,,PF
56827-80825,PF,Isaiah,Isaiah Hartenstein,Hartenstein,12.817143031529017,35,5100,TOR@CLE,CLE,TOR,,,,,,PF
56827-110637,PF,Darius,Darius Bazley,Bazley,24.77777777777778,36,5000,PHI@OKC,OKC,PHI,GTD,Shoulder,,,,PF
56827-14516,C,Enes,Enes Kanter,Kanter,30.292157341452207,51,5000,DET@POR,POR,DET,,,,,,C
56827-110883,PF,Dean,Dean Wade,Wade,11.879069483557412,43,4900,TOR@CLE,CLE,TOR,,,,,,PF
56827-9560,PF,Blake,Blake Griffin,Griffin,23.785185637297452,27,4900,LAL@BKN,BKN,LAL,,,,,,PF
56827-145307,PF,Isaiah,Isaiah Stewart,Stewart,18.86199951171875,50,4900,DET@POR,DET,POR,,,,,,PF
56827-145347,C,James,James Wiseman,Wiseman,21.81578947368421,38,4800,HOU@GS,GS,HOU,,,,,,C
56827-145539,SF,Deni,Deni Avdija,Avdija,16.061702647107712,47,4700,WAS@PHO,WAS,PHO,,,,,,SF
56827-110346,PF,Isaiah,Isaiah Roby,Roby,21.06511599518532,43,4700,PHI@OKC,OKC,PHI,GTD,Concussion,,,,PF
56827-9873,C,Robin,Robin Lopez,Lopez,16.88039263556985,51,4600,WAS@PHO,WAS,PHO,,,,,,C
56827-9581,C,Marc,Marc Gasol,Gasol,17.407142275855655,42,4600,LAL@BKN,LAL,BKN,GTD,Hamstring,,,,C
56827-84691,PG,Shake,Shake Milton,Milton,21.91136308149858,44,4500,PHI@OKC,PHI,OKC,,,,,,PG
56827-9508,SF,Carmelo,Carmelo Anthony,Anthony,22.9539990234375,50,4500,DET@POR,POR,DET,,,,,,SF
56827-80809,SG,Josh,Josh Jackson,Jackson,23.43404307263963,47,4500,DET@POR,DET,POR,,,,,,SG
56827-9799,SG,Wesley,Wesley Matthews,Matthews,10.6613637750799,44,4400,LAL@BKN,LAL,BKN,,,,,,SG
56827-9556,SF,Eric,Eric Gordon,Gordon,25.44814724392361,27,4400,HOU@GS,HOU,GS,O,Groin,,,,SF
56827-40830,PG,Delon,Delon Wright,Wright,26.53953374818314,43,4400,SAC@UTA,SAC,UTA,,,,,,PG
56827-18600,PG,Tyler,Tyler Johnson,Johnson,9.783870573966734,31,4300,LAL@BKN,BKN,LAL,O,Knee,,,,PG
56827-14543,PF,Davis,Davis Bertans,Bertans,17.78974327674279,39,4300,WAS@PHO,WAS,PHO,,,,,,PF
56827-23981,PG,Alex,Alex Caruso,Caruso,16.207143147786457,42,4300,LAL@BKN,LAL,BKN,GTD,Knee,,,,PG
56827-9660,C,Dwight,Dwight Howard,Howard,20.244229830228367,52,4300,PHI@OKC,PHI,OKC,,,,,,C
56827-12351,C,Derrick,Derrick Favors,Favors,17.68800048828125,50,4200,SAC@UTA,UTA,SAC,,,,,,C
56827-15583,SG,Seth,Seth Curry,Curry,20.86341522961128,41,4200,PHI@OKC,PHI,OKC,,,,,,SG
56827-110322,PG,Jordan,Jordan Poole,Poole,15.432257867628529,31,4200,HOU@GS,GS,HOU,,,,,,PG
56827-110354,PF,Nicolas,Nicolas Claxton,Claxton,19.530000305175783,20,4200,LAL@BKN,BKN,LAL,,,,,,PF
56827-9703,PG,George,George Hill,Hill,21.021427699497767,14,4200,PHI@OKC,PHI,OKC,O,Thumb,,,,PG
56827-58350,SF,Stanley,Stanley Johnson,Johnson,9.782608695652174,46,4200,TOR@CLE,TOR,CLE,,,,,,SF
56827-145489,PG,Killian,Killian Hayes,Hayes,13.430000305175781,10,4100,DET@POR,DET,POR,,,,,,PG
56827-15542,SG,Spencer,Spencer Dinwiddie,Dinwiddie,17.6999994913737,3,4100,LAL@BKN,BKN,LAL,O,Knee,,,,SG
56827-84713,SG,Svi,Svi Mykhailiuk,Mykhailiuk,14.752082824707031,48,4100,PHI@OKC,OKC,PHI,,,,,,SG
56827-110316,SF,Cameron,Cameron Johnson,Johnson,17.8022216796875,45,4100,WAS@PHO,PHO,WAS,,,,,,SF
56827-110331,SG,Ty,Ty Jerome,Jerome,20.0105269582648,19,4100,PHI@OKC,OKC,PHI,,,,,,SG
56827-40262,SG,Sterling,Sterling Brown,Brown,18.035999755859375,50,4100,HOU@GS,HOU,GS,,,,,,SG
56827-15814,C,Alex,Alex Len,Len,15.962791265443315,43,4100,WAS@PHO,WAS,PHO,,,,,,C
56827-15904,SG,Rodney,Rodney Hood,Hood,9.759523664202009,42,4000,TOR@CLE,TOR,CLE,GTD,Hip,,,,SG
56827-12363,C,Hassan,Hassan Whiteside,Whiteside,19.64666748046875,30,4000,SAC@UTA,SAC,UTA,,,,,,C
56827-115802,SF,Jaylen,Jaylen Hoard,Hoard,18.3000005086263,3,4000,PHI@OKC,OKC,PHI,,,,,,SF
56827-116340,SG,Terence,Terence Davis,Davis,12.88048720941311,41,4000,SAC@UTA,SAC,UTA,,,,,,SG
56827-84724,SG,Landry,Landry Shamet,Shamet,13.014633550876525,41,4000,LAL@BKN,BKN,LAL,GTD,Ankle,,,,SG
56827-55056,PF,Dario,Dario Saric,Saric,17.300000739820074,33,4000,WAS@PHO,PHO,WAS,,,,,,PF
56827-19781,SF,Kent,Kent Bazemore,Bazemore,14.695999755859376,50,4000,HOU@GS,GS,HOU,,,,,,SF
56827-18338,PF,Royce,Royce O'Neale,O'Neale,21.14423076923077,52,4000,SAC@UTA,UTA,SAC,,,,,,PF
56827-80814,PG,Dennis,Dennis Smith,Smith,18.5,22,4000,DET@POR,DET,POR,,,,,,PG
56827-145341,SG,Isaac,Isaac Okoro,Okoro,17.019565748131793,46,4000,TOR@CLE,CLE,TOR,,,,,,SG
56827-145533,PF,Kenyon,Kenyon Martin,Martin,17.27199951171875,25,3900,HOU@GS,HOU,GS,,,,,,PF
56827-12511,PG,Ish,Ish Smith,Smith,17.791304878566574,23,3900,WAS@PHO,WAS,PHO,,,,,,PG
56827-9466,PG,D.J.,D.J. Augustin,Augustin,14.230611995774872,49,3900,HOU@GS,HOU,GS,,,,,,PG
56827-9561,C,DeAndre,DeAndre Jordan,Jordan,21.623913308848504,46,3900,LAL@BKN,BKN,LAL,,,,,,C
56827-15727,SG,Ben,Ben McLemore,McLemore,12.381818366773201,33,3900,LAL@BKN,LAL,BKN,,,,,,SG
56827-66968,SF,Derrick,Derrick Jones,Jones,18.652173913043477,46,3900,DET@POR,POR,DET,,,,,,SF
56827-145310,PG,Saben,Saben Lee,Lee,14.603333536783854,30,3900,DET@POR,DET,POR,,,,,,PG
56827-37931,C,Aron,Aron Baynes,Baynes,14.585714534837372,49,3800,TOR@CLE,TOR,CLE,,,,,,C
56827-70825,SF,Timothe,Timothe Luwawu-Cabarrot,Luwawu-Cabarrot,13.0977783203125,45,3800,LAL@BKN,BKN,LAL,,,,,,SF
56827-84717,PG,Anfernee,Anfernee Simons,Simons,12.959091186523438,44,3800,DET@POR,POR,DET,,,,,,PG
56827-84718,PF,Alize,Alize Johnson,Johnson,19.719999694824217,5,3800,LAL@BKN,BKN,LAL,,,,,,PF
56827-110325,PF,Daniel,Daniel Gafford,Gafford,13.978787508877842,33,3800,WAS@PHO,WAS,PHO,O,Ankle,,,,PF
56827-85238,SG,Yuta,Yuta Watanabe,Watanabe,9.73939375443892,33,3800,TOR@CLE,TOR,CLE,,,,,,SG
56827-40208,PG,Raul,Raul Neto,Neto,16.764444986979168,45,3800,WAS@PHO,WAS,PHO,,,,,,PG
56827-20277,SG,Torrey,Torrey Craig,Craig,11.524138351966595,29,3800,WAS@PHO,PHO,WAS,,,,,,SG
56827-12334,SG,Avery,Avery Bradley,Bradley,13.835293938131894,17,3700,HOU@GS,HOU,GS,,,,,,SG
56827-117301,PF,Devontae,Devontae Cacok,Cacok,6.669230534480168,13,3700,LAL@BKN,LAL,BKN,,,,,,PF
56827-63126,SF,Cedi,Cedi Osman,Osman,19.85434756071671,46,3700,TOR@CLE,CLE,TOR,,,,,,SF
56827-70826,SG,Furkan,Furkan Korkmaz,Korkmaz,14.807316477705793,41,3700,PHI@OKC,PHI,OKC,,,,,,SG
56827-58576,C,Kevon,Kevon Looney,Looney,12.882927127000762,41,3700,HOU@GS,GS,HOU,,,,,,C
56827-97018,PG,Chris,Chris Chiozza,Chiozza,10.669999694824218,20,3700,LAL@BKN,BKN,LAL,,,,,,PG
56827-110343,SF,Nassir,Nassir Little,Little,10.646875381469727,32,3700,DET@POR,POR,DET,,,,,,SF
56827-145329,SF,Paul,Paul Reed,Reed,7.778571537562779,14,3700,PHI@OKC,PHI,OKC,,,,,,SF
56827-48567,PG,Cameron,Cameron Payne,Payne,16.24250030517578,40,3700,WAS@PHO,PHO,WAS,,,,,,PG
56827-145345,PG,Nico,Nico Mannion,Mannion,12.18421052631579,19,3700,HOU@GS,GS,HOU,,,,,,PG
56827-16368,PF,Mike,Mike Scott,Scott,9.954545454545455,33,3700,PHI@OKC,PHI,OKC,,,,,,PF
56827-111622,SF,Garrison,Garrison Mathews,Mathews,10.831110975477431,45,3600,WAS@PHO,WAS,PHO,,,,,,SF
56827-117779,PF,Juan,Juan Toscano-Anderson,Toscano-Anderson,14.294285365513392,35,3600,HOU@GS,GS,HOU,GTD,Elbow,,,,PF
56827-110639,PF,Sekou,Sekou Doumbouya,Doumbouya,7.858139392941497,43,3600,DET@POR,DET,POR,,,,,,PF
56827-23156,PF,Georges,Georges Niang,Niang,9.476922842172476,52,3600,SAC@UTA,UTA,SAC,,,,,,PF
56827-58083,C,Jahlil,Jahlil Okafor,Okafor,8.76923076923077,13,3600,DET@POR,DET,POR,,,,,,C
56827-9956,SG,Wayne,Wayne Ellington,Ellington,15.25,38,3600,DET@POR,DET,POR,O,Rest,,,,SG
56827-110320,SF,Matisse,Matisse Thybulle,Thybulle,14.18979566924426,49,3600,PHI@OKC,PHI,OKC,,,,,,SF
56827-111371,PG,Justin,Justin Robinson,Robinson,10.266666412353516,3,3600,PHI@OKC,OKC,PHI,,,,,,PG
56827-16178,SF,Maurice,Maurice Harkless,Harkless,6.283333248562283,18,3600,SAC@UTA,SAC,UTA,,,,,,SF
56827-58295,PF,D.J.,D.J. Wilson,Wilson,9.617391171662703,23,3600,HOU@GS,HOU,GS,,,,,,PF
56827-80824,PG,Frank,Frank Jackson,Jackson,9.508695519488791,23,3600,DET@POR,DET,POR,,,,,,PG
56827-18376,SG,Damion,Damion Lee,Lee,13.96078431372549,51,3600,HOU@GS,GS,HOU,,,,,,SG
56827-18435,SF,Alfonzo,Alfonzo McKinnie,McKinnie,3.906666564941406,30,3500,LAL@BKN,LAL,BKN,,,,,,SF
56827-101393,SG,Paul,Paul Watson,Watson,6.0625,24,3500,TOR@CLE,TOR,CLE,O,Covid-19,,,,SG
56827-117273,SF,Mychal,Mychal Mulder,Mulder,6.2439024390243905,41,3500,HOU@GS,GS,HOU,,,,,,SF
56827-117274,PF,Chris,Chris Silva,Silva,6.169230534480168,13,3500,SAC@UTA,SAC,UTA,,,,,,PF
56827-117289,PF,Juwan,Juwan Morgan,Morgan,2.8000000401547083,19,3500,SAC@UTA,UTA,SAC,GTD,Calf,,,,PF
56827-117291,SG,Armoni,Armoni Brooks,Brooks,1.2000000476837158,1,3500,HOU@GS,HOU,GS,,,,,,SG
56827-110638,SF,Deividas,Deividas Sirvydis,Sirvydis,2.241666634877523,12,3500,DET@POR,DET,POR,,,,,,SF
56827-117307,SF,DaQuan,DaQuan Jeffries,Jeffries,7.015789634303043,19,3500,HOU@GS,HOU,GS,,,,,,SF
56827-117821,PG,Keljin,Keljin Blevins,Blevins,1.5399999618530273,10,3500,DET@POR,POR,DET,,,,,,PG
56827-16448,PF,Frank,Frank Kaminsky,Kaminsky,15.112500190734863,32,3500,WAS@PHO,PHO,WAS,,,,,,PF
56827-20064,PG,Matthew,Matthew Dellavedova,Dellavedova,14.25,4,3500,TOR@CLE,CLE,TOR,,,,,,PG
56827-41082,C,Damian,Damian Jones,Jones,7.104545593261719,22,3500,SAC@UTA,SAC,UTA,GTD,Not injury related,,,,C
56827-23676,PG,Damyean,Damyean Dotson,Dotson,12.82857142857143,35,3500,TOR@CLE,CLE,TOR,,,,,,PG
56827-145548,PF,Anthony,Anthony Gill,Gill,4.074999809265137,16,3500,WAS@PHO,WAS,PHO,,,,,,PF
56827-58519,SG,Gary,Gary Payton II,Payton II,13.137931034482758,29,3500,HOU@GS,GS,HOU,,,,,,SG
56827-42148,PF,Rondae,Rondae Hollis-Jefferson,Hollis-Jefferson,17.74333292643229,60,3500,DET@POR,POR,DET,,,,,,PF
56827-14509,SG,Klay,Klay Thompson,Thompson,,,3500,HOU@GS,GS,HOU,O,Achilles,,,,SG
56827-145588,SF,Anthony,Anthony Lamb,Lamb,6.229999923706055,10,3500,HOU@GS,HOU,GS,,,,,,SF
56827-84696,SG,Jevon,Jevon Carter,Carter,7.546153533153045,39,3500,WAS@PHO,PHO,WAS,,,,,,SG
56827-14554,SF,E'Twaun,E'Twaun Moore,Moore,10.03749974568685,24,3500,WAS@PHO,PHO,WAS,,,,,,SF
56827-145624,SG,Ty-Shon,Ty-Shon Alexander,Alexander,1.3166666825612385,6,3500,WAS@PHO,PHO,WAS,,,,,,SG
56827-84701,C,Chimezie,Chimezie Metu,Metu,10.173684371145148,19,3500,SAC@UTA,SAC,UTA,,,,,,C
56827-84707,SF,Chandler,Chandler Hutchison,Hutchison,8.491666793823242,12,3500,WAS@PHO,WAS,PHO,,,,,,SF
56827-110308,SF,Jarrell,Jarrell Brantley,Brantley,3.764705882352941,17,3500,SAC@UTA,UTA,SAC,,,,,,SF
56827-145643,SG,Mason,Mason Jones,Jones,9.860714503696986,28,3500,PHI@OKC,PHI,OKC,,,,,,SG
56827-110827,SG,Matt,Matt Thomas,Thomas,4.513333129882812,30,3500,SAC@UTA,UTA,SAC,,,,,,SG
56827-9453,PF,Al,Al Horford,Horford,31.735713413783483,28,3500,PHI@OKC,OKC,PHI,O,Coach's decision,,,,PF
56827-42733,SF,David,David Nwaba,Nwaba,20.00333251953125,30,3500,HOU@GS,HOU,GS,O,Wrist,,,,SF
56827-67312,C,Thomas,Thomas Bryant,Bryant,26.370001220703124,10,3500,WAS@PHO,WAS,PHO,O,Knee,,,,C
56827-110323,C,Eric,Eric Paschall,Paschall,15.648717635717148,39,3500,HOU@GS,GS,HOU,O,Hip,,,,C
56827-84722,PF,Isaac,Isaac Bonga,Bonga,6.1064517113470265,31,3500,WAS@PHO,WAS,PHO,,,,,,PF
56827-84725,PF,Kostas,Kostas Antetokounmpo,Antetokounmpo,2.7399999618530275,10,3500,LAL@BKN,LAL,BKN,,,,,,PF
56827-110324,SG,Miye,Miye Oni,Oni,5.372222052680121,36,3500,SAC@UTA,UTA,SAC,,,,,,SG
56827-23294,SF,Danuel,Danuel House,House,19.02258103893649,31,3500,HOU@GS,HOU,GS,O,Ankle,,,,SF
56827-110334,SG,Justin,Justin James,James,3.5079998779296875,25,3500,SAC@UTA,SAC,UTA,,,,,,SG
56827-110341,SG,Dylan,Dylan Windler,Windler,12.899999803112399,31,3500,TOR@CLE,CLE,TOR,O,Knee,,,,SG
56827-19726,SF,Abdel,Abdel Nader,Nader,12.53749974568685,24,3500,WAS@PHO,PHO,WAS,O,Knee,,,,SF
56827-55055,PG,Dante,Dante Exum,Exum,12.316666920979818,6,3500,HOU@GS,HOU,GS,GTD,Calf,,,,PG
56827-110358,SG,Kyle,Kyle Guy,Guy,5.947619120279948,21,3500,SAC@UTA,SAC,UTA,,,,,,SG
56827-115994,PF,Tyler,Tyler Cook,Cook,6.706666564941406,15,3500,DET@POR,DET,POR,,,,,,PF
56827-110365,PF,Alen,Alen Smailagic,Smailagic,3.5200000762939454,5,3500,HOU@GS,GS,HOU,,,,,,PF
56827-145737,SG,Brodric,Brodric Thomas,Thomas,7.706666564941406,15,3500,TOR@CLE,CLE,TOR,,,,,,SG
56827-17230,SG,Langston,Langston Galloway,Galloway,7.294117647058823,34,3500,WAS@PHO,PHO,WAS,,,,,,SG
56827-9598,PF,Ersan,Ersan Ilyasova,Ilyasova,4.566666603088379,6,3500,SAC@UTA,UTA,SAC,,,,,,PF
56827-15744,SG,Rodney,Rodney McGruder,McGruder,10.087499618530273,16,3500,DET@POR,DET,POR,O,Elbow,,,,SG
56827-15762,SF,Darius,Darius Miller,Miller,9.961111280653212,18,3500,PHI@OKC,OKC,PHI,O,Groin,,,,SF
56827-145306,SF,CJ,CJ Elleby,Elleby,5.389473764519942,19,3500,DET@POR,POR,DET,,,,,,SF
56827-145309,C,Udoka,Udoka Azubuike,Azubuike,3.2999998728434243,12,3500,SAC@UTA,UTA,SAC,O,Ankle,,,,C
56827-145821,SF,Josh,Josh Hall,Hall,6.174999872843425,12,3500,PHI@OKC,OKC,PHI,GTD,Concussion,,,,SF
56827-145315,SF,Elijah,Elijah Hughes,Hughes,3.672727411443537,11,3500,SAC@UTA,UTA,SAC,,,,,,SF
56827-145827,PF,Freddie,Freddie Gillespie,Gillespie,,,3500,TOR@CLE,TOR,CLE,O,Not injury related,,,,PF
56827-145322,PF,Jalen,Jalen Smith,Smith,2.7764706331140854,17,3500,WAS@PHO,PHO,WAS,,,,,,PF
56827-80815,PF,Zach,Zach Collins,Collins,18.16363664106889,11,3500,DET@POR,POR,DET,O,Ankle,,,,PF
56827-145330,PG,Isaiah,Isaiah Joe,Joe,6.7296295166015625,27,3500,PHI@OKC,PHI,OKC,,,,,,PG
56827-145331,SG,Tyrese,Tyrese Maxey,Maxey,12.147727272727273,44,3500,PHI@OKC,PHI,OKC,,,,,,SG
56827-80819,PF,Harry,Harry Giles,Giles,10.289285932268415,28,3500,DET@POR,POR,DET,,,,,,PF
56827-80818,PF,T.J.,T.J. Leaf,Leaf,7.739285605294364,28,3500,DET@POR,POR,DET,GTD,Not injury related,,,,PF
56827-145338,PG,Jahmi'us,Jahmi'us Ramsey,Ramsey,3.0600000381469727,5,3500,SAC@UTA,SAC,UTA,,,,,,PG
56827-145343,PG,Jalen,Jalen Harris,Harris,2.9000000953674316,4,3500,TOR@CLE,TOR,CLE,O,Hip,,,,PG
56827-145340,PF,Reggie,Reggie Perry,Perry,10.177777608235678,18,3500,LAL@BKN,BKN,LAL,,,,,,PF
56827-145350,PF,Robert,Robert Woodard,Woodard,3.290909160267223,11,3500,SAC@UTA,SAC,UTA,,,,,,PF
56827-145349,PG,Cassius,Cassius Winston,Winston,4.314285823277065,14,3500,WAS@PHO,WAS,PHO,,,,,,PG
56827-145352,SG,Trent,Trent Forrest,Forrest,4.278571537562779,14,3500,SAC@UTA,UTA,SAC,,,,,,SG
56827-9677,SF,Jared,Jared Dudley,Dudley,3.6636362942782315,11,3500,LAL@BKN,LAL,BKN,O,Knee,,,,SF
56827-145357,PF,Lamar,Lamar Stevens,Stevens,10.525714111328124,35,3500,TOR@CLE,CLE,TOR,,,,,,PF
56827-116178,PG,Rayjon,Rayjon Tucker,Tucker,3.459999847412109,5,3500,PHI@OKC,PHI,OKC,,,,,,PG
56827-17894,C,Mike,Mike Muscala,Muscala,16.440000697544644,35,3500,PHI@OKC,OKC,PHI,O,Ankle,,,,C