Id,Position,First Name,Nickname,Last Name,FPPG,Played,Salary,Game,Team,Opponent,Injury Indicator,Injury Details,Tier,,,Roster Position
55825-9644,SG,James,James Harden,Harden,52.94722154405382,36,11300,BKN@ORL,BKN,ORL,,,,,,SG
55825-55062,C,Nikola,Nikola Jokic,Jokic,55.75365615472561,41,11000,CHI@DEN,DEN,CHI,,,,,,C
55825-14528,SF,Jimmy,Jimmy Butler,Butler,47.57777687355324,27,10600,IND@MIA,MIA,IND,,,,,,SF
55825-84669,PG,Luka,Luka Doncic,Doncic,52.54054054054054,37,10400,DAL@POR,DAL,POR,,,,,,PG
55825-20848,PG,Damian,Damian Lillard,Lillard,47.46499938964844,40,10300,DAL@POR,POR,DAL,,,,,,PG
55825-14514,C,Nikola,Nikola Vucevic,Vucevic,46.6268280773628,41,9700,BKN@ORL,ORL,BKN,,,,,,C
55825-58462,C,Karl-Anthony,Karl-Anthony Towns,Towns,45.98571486700149,21,9600,MIN@PHO,MIN,PHO,,,,,,C
55825-59358,PF,Domantas,Domantas Sabonis,Sabonis,44.272500610351564,40,9300,IND@MIA,IND,MIA,,,,,,PF
55825-80810,PG,De'Aaron,De'Aaron Fox,Fox,41.12564165164263,39,9200,SAC@BOS,SAC,BOS,,,,,,PG
55825-14498,PG,Kyrie,Kyrie Irving,Irving,45.03000081380208,30,9100,BKN@ORL,BKN,ORL,GTD,Groin,,,,PG
55825-9524,PG,Stephen,Stephen Curry,Curry,45.897500610351564,40,9000,GS@MEM,GS,MEM,GTD,Lower body,,,,PG
55825-80808,PF,Jayson,Jayson Tatum,Tatum,43.333333333333336,36,8900,SAC@BOS,BOS,SAC,,,,,,PF
55825-9646,SF,Kevin,Kevin Durant,Durant,48.542104620682565,19,8800,BKN@ORL,BKN,ORL,O,Hamstring,,,,SF
55825-40783,SG,Zach,Zach LaVine,LaVine,42.47999877929688,40,8700,CHI@DEN,CHI,DEN,,,,,,SG
55825-9714,SG,DeMar,DeMar DeRozan,DeRozan,39.01333414713542,30,8600,SA@CLE,SA,CLE,O,Personal,,,,SG
55825-40203,C,Rudy,Rudy Gobert,Gobert,40.26829268292683,41,8500,UTA@TOR,UTA,TOR,,,,,,C
55825-19067,SG,CJ,CJ McCollum,McCollum,39.460001627604164,15,8400,DAL@POR,POR,DAL,,,,,,SG
55825-24247,SG,Fred,Fred VanVleet,VanVleet,40.411429268973215,35,8200,UTA@TOR,TOR,UTA,,,,,,SG
55825-9535,PG,Kyle,Kyle Lowry,Lowry,36.76666814630682,33,8200,UTA@TOR,TOR,UTA,,,,,,PG
55825-12332,PG,John,John Wall,Wall,35.46800048828125,25,8100,DET@HOU,HOU,DET,GTD,Knee,,,,PG
55825-42202,PF,Christian,Christian Wood,Wood,41.422220865885414,18,8100,DET@HOU,HOU,DET,,,,,,PF
55825-15684,SG,Victor,Victor Oladipo,Oladipo,37.003702799479164,27,8100,DET@HOU,HOU,DET,,,,,,SG
55825-66113,SG,Donovan,Donovan Mitchell,Mitchell,39.13333208133013,39,8000,UTA@TOR,UTA,TOR,,,,,,SG
55825-80817,PF,Bam,Bam Adebayo,Adebayo,41.294287109375,35,8000,IND@MIA,MIA,IND,,,,,,PF
55825-63122,PF,Kristaps,Kristaps Porzingis,Porzingis,36.99583435058594,24,7900,DAL@POR,DAL,POR,,,,,,PF
55825-16293,SF,Norman,Norman Powell,Powell,28.18421052631579,38,7800,UTA@TOR,TOR,UTA,,,,,,SF
55825-60021,PF,Pascal,Pascal Siakam,Siakam,39.122582220262096,31,7700,UTA@TOR,TOR,UTA,,,,,,PF
55825-58460,SG,Devin,Devin Booker,Booker,36.642857142857146,35,7500,MIN@PHO,PHO,MIN,,,,,,SG
55825-67708,PG,Dejounte,Dejounte Murray,Murray,34.954055373733105,37,7500,SA@CLE,SA,CLE,,,,,,PG
55825-110344,PG,Ja,Ja Morant,Morant,35.220690497036635,29,7500,GS@MEM,MEM,GS,,,,,,PG
55825-67026,SF,Jaylen,Jaylen Brown,Brown,39.192106548108555,38,7500,SAC@BOS,BOS,SAC,,,,,,SF
55825-68203,C,Chris,Chris Boucher,Boucher,30.564999389648438,40,7400,UTA@TOR,TOR,UTA,,,,,,C
55825-84667,SG,Collin,Collin Sexton,Sexton,34.259999302455356,35,7400,SA@CLE,CLE,SA,,,,,,SG
55825-14503,C,Jonas,Jonas Valanciunas,Valanciunas,34.734375,32,7300,GS@MEM,MEM,GS,,,,,,C
55825-23447,C,Richaun,Richaun Holmes,Holmes,32.144443088107636,36,7100,SAC@BOS,SAC,BOS,,,,,,C
55825-145321,SG,Anthony,Anthony Edwards,Edwards,27.553657345655488,41,7100,MIN@PHO,MIN,PHO,,,,,,SG
55825-110345,SF,Kevin,Kevin Porter,Porter,40.720001220703125,5,7000,DET@HOU,HOU,DET,,,,,,SF
55825-23831,PF,Jerami,Jerami Grant,Grant,37.42702834670608,37,7000,DET@HOU,DET,HOU,,,,,,PF
55825-16359,PG,Malcolm,Malcolm Brogdon,Brogdon,38.19736842105263,38,7000,IND@MIA,IND,MIA,,,,,,PG
55825-9623,PG,Chris,Chris Paul,Paul,37.279487805488785,39,6900,MIN@PHO,PHO,MIN,,,,,,PG
55825-80821,C,Jarrett,Jarrett Allen,Allen,31.992306440304485,39,6700,SA@CLE,CLE,SA,,,,,,C
55825-9666,PF,Thaddeus,Thaddeus Young,Young,30.251429966517858,35,6600,CHI@DEN,CHI,DEN,,,,,,PF
55825-15860,PF,Draymond,Draymond Green,Green,30.305712890625,35,6600,GS@MEM,GS,MEM,,,,,,PF
55825-66108,PG,Jamal,Jamal Murray,Murray,34.98684210526316,38,6500,CHI@DEN,DEN,CHI,,,,,,PG
55825-84682,SF,Michael,Michael Porter,Porter,30.05666707356771,30,6500,CHI@DEN,DEN,CHI,,,,,,SF
55825-23096,SF,Evan,Evan Fournier,Fournier,30.259091463955965,22,6400,BKN@ORL,ORL,BKN,,,,,,SF
55825-14507,PG,Kemba,Kemba Walker,Walker,31.047825025475543,23,6400,SAC@BOS,BOS,SAC,,,,,,PG
55825-23665,SG,Buddy,Buddy Hield,Hield,28.639999389648438,40,6300,SAC@BOS,SAC,BOS,,,,,,SG
55825-9575,PG,Mike,Mike Conley,Conley,30.790908351089016,33,6200,UTA@TOR,UTA,TOR,GTD,Hamstring,,,,PG
55825-58312,SG,D'Angelo,D'Angelo Russell,Russell,32.04500122070313,20,6200,MIN@PHO,MIN,PHO,O,Knee,,,,SG
55825-20491,PF,Robert,Robert Covington,Covington,26.221053274054277,38,6000,DAL@POR,POR,DAL,,,,,,PF
55825-14516,C,Enes,Enes Kanter,Kanter,30.442498779296876,40,6000,DAL@POR,POR,DAL,,,,,,C
55825-84673,C,Deandre,Deandre Ayton,Ayton,32.792308318309296,39,6000,MIN@PHO,PHO,MIN,,,,,,C
55825-58253,C,Myles,Myles Turner,Turner,34.03783849767736,37,6000,IND@MIA,IND,MIA,,,,,,C
55825-16405,SF,Terrence,Terrence Ross,Ross,26.552778455946182,36,5900,BKN@ORL,ORL,BKN,GTD,Knee,,,,SF
55825-15946,SF,Harrison,Harrison Barnes,Barnes,30.80270138302365,37,5900,SAC@BOS,SAC,BOS,,,,,,SF
55825-58153,SF,Kelly,Kelly Oubre,Oubre,28.44615447215545,39,5900,GS@MEM,GS,MEM,GTD,Foot,,,,SF
55825-145337,SG,Tyrese,Tyrese Haliburton,Haliburton,28.788234935087317,34,5900,SAC@BOS,SAC,BOS,,,,,,SG
55825-66064,SF,Malik,Malik Beasley,Beasley,31.124241684422348,33,5700,MIN@PHO,MIN,PHO,O,Suspension,,,,SF
55825-84708,C,Robert,Robert Williams,Williams,23.818181818181817,33,5700,SAC@BOS,BOS,SAC,,,,,,C
55825-15590,C,Mason,Mason Plumlee,Plumlee,30.086843390213815,38,5700,DET@HOU,DET,HOU,,,,,,C
55825-58378,C,Jakob,Jakob Poeltl,Poeltl,24.072973302892738,37,5600,SA@CLE,SA,CLE,,,,,,C
55825-23798,SG,Caris,Caris LeVert,LeVert,33.95333251953125,15,5600,IND@MIA,IND,MIA,,,,,,SG
55825-40830,PG,Delon,Delon Wright,Wright,28.539393569483902,33,5600,DET@HOU,DET,HOU,,,,,,PG
55825-80812,PF,Lauri,Lauri Markkanen,Markkanen,28.910525673314144,19,5600,CHI@DEN,CHI,DEN,,,,,,PF
55825-17333,SF,Will,Will Barton,Barton,24.31081081081081,37,5600,CHI@DEN,DEN,CHI,,,,,,SF
55825-22541,C,Kelly,Kelly Olynyk,Olynyk,24.535000610351563,40,5500,IND@MIA,MIA,IND,,,,,,C
55825-110342,PG,Darius,Darius Garland,Garland,28.148386309223792,31,5500,SA@CLE,CLE,SA,,,,,,PG
55825-41594,PF,Aaron,Aaron Gordon,Gordon,30.06190418061756,21,5400,BKN@ORL,ORL,BKN,,,,,,PF
55825-14496,PG,Ricky,Ricky Rubio,Rubio,24.076923076923077,39,5400,MIN@PHO,MIN,PHO,,,,,,PG
55825-84695,SG,Gary,Gary Trent,Trent,22.494736520867598,38,5400,DAL@POR,POR,DAL,,,,,,SG
55825-20992,SF,Larry,Larry Nance,Nance,27.90000053074049,23,5300,SA@CLE,CLE,SA,,,,,,SF
55825-110353,PF,Brandon,Brandon Clarke,Clarke,26.265625,32,5300,GS@MEM,MEM,GS,,,,,,PF
55825-9508,SF,Carmelo,Carmelo Anthony,Anthony,24.73076923076923,39,5300,DAL@POR,POR,DAL,,,,,,SF
55825-80805,PG,Markelle,Markelle Fultz,Fultz,26.1875,8,5300,BKN@ORL,ORL,BKN,O,Knee,,,,PG
55825-80814,PG,Dennis,Dennis Smith,Smith,19.381250381469727,16,5300,DET@HOU,DET,HOU,,,,,,PG
55825-145533,SF,Kenyon,Kenyon Martin,Martin,18.016666412353516,12,5200,DET@HOU,HOU,DET,,,,,,SF
55825-20640,PG,Jordan,Jordan Clarkson,Clarkson,27.352499389648436,40,5200,UTA@TOR,UTA,TOR,,,,,,PG
55825-14530,SF,Bojan,Bojan Bogdanovic,Bogdanovic,23.035000610351563,40,5200,UTA@TOR,UTA,TOR,,,,,,SF
55825-110312,SG,Tyler,Tyler Herro,Herro,28.130000813802084,30,5200,IND@MIA,MIA,IND,,,,,,SG
55825-110326,PG,Coby,Coby White,White,28.025641025641026,39,5200,CHI@DEN,CHI,DEN,,,,,,PG
55825-55057,C,Jusuf,Jusuf Nurkic,Nurkic,26.741666158040363,12,5200,DAL@POR,POR,DAL,O,Wrist,,,,C
55825-60233,SG,Dillon,Dillon Brooks,Brooks,26.067646699793197,34,5200,GS@MEM,MEM,GS,,,,,,SG
55825-16233,SF,Josh,Josh Richardson,Richardson,23.99666748046875,30,5200,DAL@POR,DAL,POR,,,,,,SF
55825-145327,PG,Cole,Cole Anthony,Anthony,23.28800048828125,25,5200,BKN@ORL,ORL,BKN,O,Ribs,,,,PG
55825-49116,SG,Andrew,Andrew Wiggins,Wiggins,29.434147532393293,41,5200,GS@MEM,GS,MEM,,,,,,SG
55825-68090,SF,OG,OG Anunoby,Anunoby,28.539131496263586,23,5200,UTA@TOR,TOR,UTA,,,,,,SF
55825-145576,PF,Jae'Sean,Jae'Sean Tate,Tate,22.620513133513622,39,5100,DET@HOU,HOU,DET,,,,,,PF
55825-84679,PF,Marvin,Marvin Bagley,Bagley,25.87837837837838,37,5100,SAC@BOS,SAC,BOS,O,Hand,,,,PF
55825-9560,PF,Blake,Blake Griffin,Griffin,25.064999389648438,20,5100,BKN@ORL,BKN,ORL,O,Coach's decision,,,,PF
55825-23670,SG,Marcus,Marcus Smart,Smart,28.55714343843006,21,5000,SAC@BOS,BOS,SAC,,,,,,SG
55825-9729,PF,Paul,Paul Millsap,Millsap,22.45,30,4900,CHI@DEN,DEN,CHI,,,,,,PF
55825-23716,SF,Kyle,Kyle Anderson,Anderson,28.714285714285715,35,4900,GS@MEM,MEM,GS,,,,,,SF
55825-84670,SF,Mikal,Mikal Bridges,Bridges,27.289744841746796,39,4900,MIN@PHO,PHO,MIN,,,,,,SF
55825-84676,C,Wendell,Wendell Carter,Carter,27.082142421177455,28,4900,CHI@DEN,CHI,DEN,,,,,,C
55825-84703,SG,De'Anthony,De'Anthony Melton,Melton,23.12800048828125,25,4900,GS@MEM,MEM,GS,,,,,,SG
55825-49675,PG,Derrick,Derrick White,White,24.54615431565505,13,4800,SA@CLE,SA,CLE,,,,,,PG
55825-84690,PG,Jalen,Jalen Brunson,Brunson,21.942857142857143,35,4800,DAL@POR,DAL,POR,,,,,,PG
55825-110347,SF,Keldon,Keldon Johnson,Johnson,26.41176470588235,34,4800,SA@CLE,SA,CLE,,,,,,SF
55825-9577,PF,Rudy,Rudy Gay,Gay,21.906450825352824,31,4800,SA@CLE,SA,CLE,,,,,,PF
55825-80809,SG,Josh,Josh Jackson,Jackson,24.755555894639755,36,4800,DET@HOU,DET,HOU,,,,,,SG
55825-80811,SF,Jonathan,Jonathan Isaac,Isaac,32.2705867991728,34,4800,BKN@ORL,ORL,BKN,O,Knee,,,,SF
55825-9673,PG,Goran,Goran Dragic,Dragic,24.796296296296298,27,4800,IND@MIA,MIA,IND,,,,,,PG
55825-66061,SG,Dwayne,Dwayne Bacon,Bacon,16.685000610351562,40,4700,BKN@ORL,ORL,BKN,,,,,,SG
55825-15557,C,Andre,Andre Drummond,Drummond,42.5360009765625,25,4700,SA@CLE,CLE,SA,O,Not injury related,,,,C
55825-16201,PG,Michael,Michael Carter-Williams,Carter-Williams,21.905000305175783,20,4700,BKN@ORL,ORL,BKN,GTD,Illness,,,,PG
55825-9556,SF,Eric,Eric Gordon,Gordon,25.44814724392361,27,4700,DET@HOU,HOU,DET,O,Groin,,,,SF
55825-110317,PG,Jaylen,Jaylen Nowell,Nowell,16.533333107277198,27,4600,MIN@PHO,MIN,PHO,,,,,,PG
55825-110322,PG,Jordan,Jordan Poole,Poole,13.169999694824218,20,4600,GS@MEM,GS,MEM,,,,,,PG
55825-101329,PG,Kendrick,Kendrick Nunn,Nunn,23.803030303030305,33,4600,IND@MIA,MIA,IND,,,,,,PG
55825-12363,C,Hassan,Hassan Whiteside,Whiteside,19.420833587646484,24,4500,SAC@BOS,SAC,BOS,,,,,,C
55825-58084,SF,Justise,Justise Winslow,Winslow,19.289999389648436,10,4500,GS@MEM,MEM,GS,,,,,,SF
55825-16363,SF,Joe,Joe Harris,Harris,22.934146043730944,41,4500,BKN@ORL,BKN,ORL,,,,,,SF
55825-23097,PG,Tomas,Tomas Satoransky,Satoransky,18.264285496303014,28,4400,CHI@DEN,CHI,DEN,,,,,,PG
55825-20064,PG,Matthew,Matthew Dellavedova,Dellavedova,9.543859649122806,57,4400,SA@CLE,CLE,SA,O,Abdomen,,,,PG
55825-9538,SF,Trevor,Trevor Ariza,Ariza,19.824527380601417,53,4400,IND@MIA,MIA,IND,O,Covid-19,,,,SF
55825-40262,PG,Sterling,Sterling Brown,Brown,18.0621618322424,37,4400,DET@HOU,HOU,DET,,,,,,PG
55825-9561,C,DeAndre,DeAndre Jordan,Jordan,22.597435584435097,39,4400,BKN@ORL,BKN,ORL,,,,,,C
55825-18338,PF,Royce,Royce O'Neale,O'Neale,22.477499389648436,40,4400,UTA@TOR,UTA,TOR,,,,,,PF
55825-59318,SG,Joe,Joe Ingles,Ingles,23.333333333333332,36,4400,UTA@TOR,UTA,TOR,,,,,,SG
55825-85137,SF,Duncan,Duncan Robinson,Robinson,21.065853956269056,41,4300,IND@MIA,MIA,IND,,,,,,SF
55825-145328,SF,Saddiq,Saddiq Bey,Bey,18.56578947368421,38,4300,DET@HOU,DET,HOU,,,,,,SF
55825-81529,PF,Daniel,Daniel Theis,Theis,21.43684146278783,38,4200,SAC@BOS,BOS,SAC,,,,,,PF
55825-9874,PF,Kevin,Kevin Love,Love,11.524999618530273,4,4200,SA@CLE,CLE,SA,O,Calf,,,,PF
55825-42733,SF,David,David Nwaba,Nwaba,20.00333251953125,30,4200,DET@HOU,HOU,DET,O,Wrist,,,,SF
55825-9648,PF,Jeff,Jeff Green,Green,18.594594594594593,37,4200,BKN@ORL,BKN,ORL,,,,,,PF
55825-9688,PF,LaMarcus,LaMarcus Aldridge,Aldridge,24.419047037760418,21,4200,SA@CLE,SA,CLE,O,Not injury related,,,,PF
55825-15846,SG,Tim,Tim Hardaway,Hardaway,23.923683568050986,38,4200,DAL@POR,DAL,POR,,,,,,SG
55825-12368,PF,Nemanja,Nemanja Bjelica,Bjelica,15.91304347826087,23,4100,SAC@BOS,SAC,BOS,,,,,,PF
55825-63126,SF,Cedi,Cedi Osman,Osman,21.03589806189904,39,4100,SA@CLE,CLE,SA,,,,,,SF
55825-14501,C,Tristan,Tristan Thompson,Thompson,20.705556233723957,36,4100,SAC@BOS,BOS,SAC,O,Covid-19,,,,C
55825-15542,SG,Spencer,Spencer Dinwiddie,Dinwiddie,17.6999994913737,3,4100,BKN@ORL,BKN,ORL,O,Knee,,,,SG
55825-84699,PG,Hamidou,Hamidou Diallo,Diallo,24.203125,32,4100,DET@HOU,DET,HOU,O,Groin,,,,PG
55825-110336,SF,Chuma,Chuma Okeke,Okeke,14.770833333333334,24,4100,BKN@ORL,ORL,BKN,,,,,,SF
55825-12342,PF,Al-Farouq,Al-Farouq Aminu,Aminu,15.023077157827524,13,4000,BKN@ORL,ORL,BKN,,,,,,PF
55825-9939,SG,Patty,Patty Mills,Mills,20.262162492081927,37,4000,SA@CLE,SA,CLE,,,,,,SG
55825-84694,SG,Bruce,Bruce Brown,Brown,17.945945945945947,37,4000,BKN@ORL,BKN,ORL,,,,,,SG
55825-110354,PF,Nicolas,Nicolas Claxton,Claxton,21.52222188313802,9,4000,BKN@ORL,BKN,ORL,,,,,,PF
55825-15727,SG,Ben,Ben McLemore,McLemore,11.877778229890046,27,4000,DET@HOU,HOU,DET,GTD,Ankle,,,,SG
55825-66424,C,Justin,Justin Patton,Patton,19.40909090909091,11,4000,DET@HOU,HOU,DET,,,,,,C
55825-145308,PF,Patrick,Patrick Williams,Williams,20.473684210526315,38,4000,CHI@DEN,CHI,DEN,,,,,,PF
55825-18393,PG,T.J.,T.J. McConnell,McConnell,25.166666666666668,36,4000,IND@MIA,IND,MIA,,,,,,PG
55825-37931,C,Aron,Aron Baynes,Baynes,15.94324390308277,37,3900,UTA@TOR,TOR,UTA,,,,,,C
55825-23120,SF,T.J.,T.J. Warren,Warren,22.075000762939453,4,3900,IND@MIA,IND,MIA,O,Foot,,,,SF
55825-18600,PG,Tyler,Tyler Johnson,Johnson,9.459091186523438,22,3900,BKN@ORL,BKN,ORL,,,,,,PG
55825-49336,SG,DeAndre',DeAndre' Bembry,Bembry,12.286666870117188,30,3900,UTA@TOR,TOR,UTA,,,,,,SG
55825-16604,SF,Justin,Justin Holiday,Holiday,22.71025672325721,39,3900,IND@MIA,IND,MIA,,,,,,SF
55825-84702,SG,Lonnie,Lonnie Walker,Walker,18.640000697544643,35,3900,SA@CLE,SA,CLE,,,,,,SG
55825-145307,PF,Isaiah,Isaiah Stewart,Stewart,17.755263479132402,38,3900,DET@HOU,DET,HOU,,,,,,PF
55825-16376,SF,Dorian,Dorian Finney-Smith,Finney-Smith,20.079309923895472,29,3900,DAL@POR,DAL,POR,O,Personal,,,,SF
55825-67707,PF,Marquese,Marquese Chriss,Chriss,17.799999237060547,2,3800,GS@MEM,GS,MEM,O,Lower leg,,,,PF
55825-81621,PF,Maxi,Maxi Kleber,Kleber,19.155556007667823,27,3800,DAL@POR,DAL,POR,,,,,,PF
55825-84721,PF,Jarred,Jarred Vanderbilt,Vanderbilt,19.235897748898235,39,3800,MIN@PHO,MIN,PHO,,,,,,PF
55825-23294,SF,Danuel,Danuel House,House,19.108695652173914,23,3800,DET@HOU,HOU,DET,,,,,,SF
55825-55056,PF,Dario,Dario Saric,Saric,19.59047589983259,21,3800,MIN@PHO,PHO,MIN,,,,,,PF
55825-18256,SF,Doug,Doug McDermott,McDermott,20.26578883120888,38,3800,IND@MIA,IND,MIA,,,,,,SF
55825-66968,SF,Derrick,Derrick Jones,Jones,19.519444783528645,36,3800,DAL@POR,POR,DAL,,,,,,SF
55825-15800,PF,Jae,Jae Crowder,Crowder,21.511111789279514,36,3800,MIN@PHO,PHO,MIN,,,,,,PF
55825-145341,SG,Isaac,Isaac Okoro,Okoro,17.185714285714287,35,3800,SA@CLE,CLE,SA,,,,,,SG
55825-17491,SF,James,James Ennis,Ennis,16.275000254313152,24,3700,BKN@ORL,ORL,BKN,GTD,Calf,,,,SF
55825-58461,PF,Trey,Trey Lyles,Lyles,11.150000138716264,22,3700,SA@CLE,SA,CLE,,,,,,PF
55825-58576,C,Kevon,Kevon Looney,Looney,12.487096971081149,31,3700,GS@MEM,GS,MEM,,,,,,C
55825-84711,SG,Grayson,Grayson Allen,Allen,18.684000244140623,25,3700,GS@MEM,MEM,GS,,,,,,SG
55825-110995,C,Naz,Naz Reid,Reid,23.394872420873398,39,3700,MIN@PHO,MIN,PHO,,,,,,C
55825-48567,PG,Cameron,Cameron Payne,Payne,16.150000435965403,28,3700,MIN@PHO,PHO,MIN,,,,,,PG
55825-145347,C,James,James Wiseman,Wiseman,22.331033640894397,29,3700,GS@MEM,GS,MEM,O,Covid-19,,,,C
55825-16197,SG,Chasson,Chasson Randle,Randle,12.741666158040365,12,3600,BKN@ORL,ORL,BKN,,,,,,SG
55825-80815,PF,Zach,Zach Collins,Collins,18.16363664106889,11,3600,DAL@POR,POR,DAL,O,Ankle,,,,PF
55825-101387,PG,Gabe,Gabe Vincent,Vincent,9.496153611403246,26,3500,IND@MIA,MIA,IND,GTD,Knee,,,,PG
55825-9739,PF,JaVale,JaVale McGee,McGee,18.97741896106351,31,3500,SA@CLE,CLE,SA,,,,,,PF
55825-101393,SG,Paul,Paul Watson,Watson,5.384999847412109,20,3500,UTA@TOR,TOR,UTA,,,,,,SG
55825-117779,PF,Juan,Juan Toscano-Anderson,Toscano-Anderson,14.996296070240161,27,3500,GS@MEM,GS,MEM,,,,,,PF
55825-23572,SF,Taurean,Taurean Prince,Prince,18.096551303205818,29,3500,SA@CLE,CLE,SA,O,Shoulder,,,,SF
55825-117273,SF,Mychal,Mychal Mulder,Mulder,6.96176461612477,34,3500,GS@MEM,GS,MEM,,,,,,SF
55825-117274,PF,Chris,Chris Silva,Silva,7.6,10,3500,IND@MIA,MIA,IND,,,,,,PF
55825-15904,SG,Rodney,Rodney Hood,Hood,9.674285888671875,35,3500,DAL@POR,POR,DAL,,,,,,SG
55825-117285,SF,Vlatko,Vlatko Cancar,Cancar,4.091304281483525,23,3500,CHI@DEN,DEN,CHI,,,,,,SF
55825-117289,PF,Juwan,Juwan Morgan,Morgan,2.862499952316284,16,3500,UTA@TOR,UTA,TOR,,,,,,PF
55825-15405,PF,JaMychal,JaMychal Green,Green,18.832142421177455,28,3500,CHI@DEN,DEN,CHI,,,,,,PF
55825-12334,SG,Avery,Avery Bradley,Bradley,14.260000610351563,10,3500,IND@MIA,MIA,IND,GTD,Calf,,,,SG
55825-110639,PF,Sekou,Sekou Doumbouya,Doumbouya,8.288888719346788,36,3500,DET@HOU,DET,HOU,,,,,,PF
55825-110638,SG,Deividas,Deividas Sirvydis,Sirvydis,1.3166666825612385,6,3500,DET@HOU,DET,HOU,,,,,,SG
55825-110640,PF,Luka,Luka Samanic,Samanic,7.838461655836839,13,3500,SA@CLE,SA,CLE,,,,,,PF
55825-42550,PF,Jabari,Jabari Parker,Parker,5.566666920979817,3,3500,SAC@BOS,SAC,BOS,,,,,,PF
55825-117307,SF,DaQuan,DaQuan Jeffries,Jeffries,8.185714176722936,14,3500,SAC@BOS,SAC,BOS,,,,,,SF
55825-117821,PG,Keljin,Keljin Blevins,Blevins,1.711111068725586,9,3500,DAL@POR,POR,DAL,,,,,,PG
55825-12351,C,Derrick,Derrick Favors,Favors,17.3973677785773,38,3500,UTA@TOR,UTA,TOR,,,,,,C
55825-16448,PF,Frank,Frank Kaminsky,Kaminsky,15.206451416015625,31,3500,MIN@PHO,PHO,MIN,,,,,,PF
55825-112709,SG,Javonte,Javonte Green,Green,9.59999974568685,24,3500,SAC@BOS,BOS,SAC,,,,,,SG
55825-112708,SF,Max,Max Strus,Strus,9.40999984741211,20,3500,IND@MIA,MIA,IND,,,,,,SF
55825-112710,C,Tacko,Tacko Fall,Fall,9.644444783528646,9,3500,SAC@BOS,BOS,SAC,,,,,,C
55825-12365,C,Ed,Ed Davis,Davis,12.731578626130757,19,3500,MIN@PHO,MIN,PHO,,,,,,C
55825-145489,PG,Killian,Killian Hayes,Hayes,9.728571210588727,7,3500,DET@HOU,DET,HOU,O,Hip,,,,PG
55825-85597,PG,Jordan,Jordan McLaughlin,McLaughlin,17.695833841959637,24,3500,MIN@PHO,MIN,PHO,GTD,Covid-19,,,,PG
55825-23156,PF,Georges,Georges Niang,Niang,9.56500015258789,40,3500,UTA@TOR,UTA,TOR,,,,,,PF
55825-116340,SG,Terence,Terence Davis,Davis,12.393939393939394,33,3500,UTA@TOR,TOR,UTA,,,,,,SG
55825-41083,PF,Luke,Luke Kornet,Kornet,6.333333333333333,12,3500,CHI@DEN,CHI,DEN,,,,,,PF
55825-23676,PG,Damyean,Damyean Dotson,Dotson,13.051613100113407,31,3500,SA@CLE,CLE,SA,,,,,,PG
55825-145541,PG,R.J.,R.J. Hampton,Hampton,6.016666412353516,24,3500,CHI@DEN,DEN,CHI,,,,,,PG
55825-145547,PG,Facundo,Facundo Campazzo,Campazzo,13.382352941176471,34,3500,CHI@DEN,DEN,CHI,,,,,,PG
55825-66196,SG,PJ,PJ Dozier,Dozier,16.944000244140625,25,3500,CHI@DEN,DEN,CHI,,,,,,SG
55825-70822,PF,Juancho,Juancho Hernangomez,Hernangomez,13.577273282137783,22,3500,MIN@PHO,MIN,PHO,,,,,,PF
55825-70825,SF,Timothe,Timothe Luwawu-Cabarrot,Luwawu-Cabarrot,13.252777947319878,36,3500,BKN@ORL,BKN,ORL,,,,,,SF
55825-14509,SG,Klay,Klay Thompson,Thompson,,,3500,GS@MEM,GS,MEM,O,Achilles,,,,SG
55825-145588,SF,Anthony,Anthony Lamb,Lamb,10.640000152587891,5,3500,DET@HOU,HOU,DET,,,,,,SF
55825-23740,PG,Ryan,Ryan Arcidiacono,Arcidiacono,7.254545731977983,22,3500,CHI@DEN,CHI,DEN,,,,,,PG
55825-14529,PG,Cory,Cory Joseph,Joseph,15.092500305175781,40,3500,SAC@BOS,SAC,BOS,,,,,,PG
55825-84675,C,Mo,Mo Bamba,Bamba,12.847618466331845,21,3500,BKN@ORL,ORL,BKN,,,,,,C
55825-15559,SG,Jeremy,Jeremy Lamb,Lamb,20.818181818181817,22,3500,IND@MIA,IND,MIA,GTD,Knee,,,,SG
55825-84683,PF,Jaren,Jaren Jackson,Jackson,29.97931118669181,58,3500,GS@MEM,MEM,GS,O,Knee,,,,PF
55825-84689,SF,Josh,Josh Okogie,Okogie,12.599999820484834,34,3500,MIN@PHO,MIN,PHO,,,,,,SF
55825-16081,PF,Khem,Khem Birch,Birch,16.607692620693108,39,3500,BKN@ORL,ORL,BKN,,,,,,PF
55825-84688,SF,Keita,Keita Bates-Diop,Bates-Diop,5.53125,16,3500,SA@CLE,SA,CLE,O,Hamstring,,,,SF
55825-84696,SG,Jevon,Jevon Carter,Carter,7.837500095367432,32,3500,MIN@PHO,PHO,MIN,,,,,,SG
55825-14554,SF,E'Twaun,E'Twaun Moore,Moore,10.03749974568685,24,3500,MIN@PHO,PHO,MIN,,,,,,SF
55825-145624,SG,Ty-Shon,Ty-Shon Alexander,Alexander,0.9000000158945719,3,3500,MIN@PHO,PHO,MIN,,,,,,SG
55825-84701,C,Chimezie,Chimezie Metu,Metu,8.4636362249201,11,3500,SAC@BOS,SAC,BOS,O,Wrist,,,,C
55825-145631,SF,Greg,Greg Whittington,Whittington,0,4,3500,CHI@DEN,DEN,CHI,,,,,,SF
55825-15582,PG,Quinn,Quinn Cook,Cook,4.7549999237060545,20,3500,SA@CLE,CLE,SA,,,,,,PG
55825-58081,PG,Tyus,Tyus Jones,Jones,19.89189189189189,37,3500,GS@MEM,MEM,GS,,,,,,PG
55825-84707,SF,Chandler,Chandler Hutchison,Hutchison,5.857142857142857,7,3500,CHI@DEN,CHI,DEN,,,,,,SF
55825-145632,PF,Killian,Killian Tillie,Tillie,2.7999998728434243,3,3500,GS@MEM,MEM,GS,,,,,,PF
55825-58083,C,Jahlil,Jahlil Okafor,Okafor,7.991666793823242,12,3500,DET@HOU,DET,HOU,O,Knee,,,,C
55825-9956,SG,Wayne,Wayne Ellington,Ellington,15.953333536783854,30,3500,DET@HOU,DET,HOU,O,Groin,,,,SG
55825-23780,SF,Jake,Jake Layman,Layman,12.544827165274784,29,3500,MIN@PHO,MIN,PHO,,,,,,SF
55825-110309,SF,KZ,KZ Okpala,Okpala,6.674999872843425,24,3500,IND@MIA,MIA,IND,,,,,,SF
55825-110308,SF,Jarrell,Jarrell Brantley,Brantley,2.218181783502752,11,3500,UTA@TOR,UTA,TOR,,,,,,SF
55825-9446,PG,Jeff,Jeff Teague,Teague,12.978124618530273,32,3500,SAC@BOS,BOS,SAC,,,,,,PG
55825-110313,C,Bol,Bol Bol,Bol,4.172222137451172,18,3500,CHI@DEN,DEN,CHI,,,,,,C
55825-145643,SG,Mason,Mason Jones,Jones,10.180769700270433,26,3500,DET@HOU,HOU,DET,,,,,,SG
55825-110827,SG,Matt,Matt Thomas,Thomas,4.1,25,3500,UTA@TOR,TOR,UTA,,,,,,SG
55825-84717,PG,Anfernee,Anfernee Simons,Simons,13.417143031529017,35,3500,DAL@POR,POR,DAL,,,,,,PG
55825-110829,SG,Brian,Brian Bowen,Bowen,2.0999999046325684,2,3500,IND@MIA,IND,MIA,,,,,,SG
55825-110316,SF,Cameron,Cameron Johnson,Johnson,18.58823529411765,34,3500,MIN@PHO,PHO,MIN,O,Covid-19,,,,SF
55825-9966,PF,James,James Johnson,Johnson,15.800000420932111,29,3500,DAL@POR,DAL,POR,O,Covid-19,,,,PF
55825-84719,SG,Aaron,Aaron Holiday,Holiday,12.84871810521835,39,3500,IND@MIA,IND,MIA,,,,,,SG
55825-110319,PG,Tremont,Tremont Waters,Waters,9.259999847412109,10,3500,SAC@BOS,BOS,SAC,,,,,,PG
55825-110318,PF,Grant,Grant Williams,Williams,11.615625381469727,32,3500,SAC@BOS,BOS,SAC,,,,,,PF
55825-110321,SG,Romeo,Romeo Langford,Langford,5.771874904632568,32,3500,SAC@BOS,BOS,SAC,O,Covid-19,,,,SG
55825-110323,C,Eric,Eric Paschall,Paschall,15.618919578758446,37,3500,GS@MEM,GS,MEM,O,Covid-19,,,,C
55825-110325,PF,Daniel,Daniel Gafford,Gafford,13.20357186453683,28,3500,CHI@DEN,CHI,DEN,,,,,,PF
55825-84724,SG,Landry,Landry Shamet,Shamet,12.881081246040964,37,3500,BKN@ORL,BKN,ORL,,,,,,SG
55825-110324,SG,Miye,Miye Oni,Oni,4.657142639160156,28,3500,UTA@TOR,UTA,TOR,,,,,,SG
55825-85238,SG,Yuta,Yuta Watanabe,Watanabe,9.15769254244291,26,3500,UTA@TOR,TOR,UTA,,,,,,SG
55825-9466,PG,D.J.,D.J. Augustin,Augustin,13,37,3500,DET@HOU,HOU,DET,GTD,Not injury related,,,,PG
55825-97018,PG,Chris,Chris Chiozza,Chiozza,9.346666463216145,15,3500,BKN@ORL,BKN,ORL,,,,,,PG
55825-110333,SF,Jarrett,Jarrett Culver,Culver,15.947368421052632,19,3500,MIN@PHO,MIN,PHO,GTD,Toe,,,,SF
55825-110332,PG,Carsen,Carsen Edwards,Edwards,8.318750381469727,16,3500,SAC@BOS,BOS,SAC,,,,,,PG
55825-110334,SG,Justin,Justin James,James,4.029411764705882,17,3500,SAC@BOS,SAC,BOS,,,,,,SG
55825-110341,SG,Dylan,Dylan Windler,Windler,14.603846623347355,26,3500,SA@CLE,CLE,SA,,,,,,SG
55825-110343,SF,Nassir,Nassir Little,Little,10.035999755859375,25,3500,DAL@POR,POR,DAL,,,,,,SF
55825-15628,SF,Otto,Otto Porter,Porter,21.038094656808035,21,3500,CHI@DEN,CHI,DEN,,,,,,SF
55825-110348,SG,Quinndary,Quinndary Weatherspoon,Weatherspoon,3.3714286259242465,7,3500,SA@CLE,SA,CLE,,,,,,SG
55825-19726,SF,Abdel,Abdel Nader,Nader,12.422726717862217,22,3500,MIN@PHO,PHO,MIN,,,,,,SF
55825-23823,C,Willie,Willie Cauley-Stein,Cauley-Stein,14.628571428571428,35,3500,DAL@POR,DAL,POR,O,Covid-19,,,,C
55825-55055,PG,Dante,Dante Exum,Exum,12.316666920979818,6,3500,DET@HOU,HOU,DET,O,Calf,,,,PG
55825-111376,SG,John,John Konchar,Konchar,12.955000305175782,20,3500,GS@MEM,MEM,GS,,,,,,SG
55825-110359,C,Goga,Goga Bitadze,Bitadze,9.29000015258789,20,3500,IND@MIA,IND,MIA,,,,,,C
55825-110358,SG,Kyle,Kyle Guy,Guy,5.581250190734863,16,3500,SAC@BOS,SAC,BOS,,,,,,SG
55825-115994,PF,Tyler,Tyler Cook,Cook,1.600000023841858,4,3500,DET@HOU,DET,HOU,,,,,,PF
55825-110365,PF,Alen,Alen Smailagic,Smailagic,2,1,3500,GS@MEM,GS,MEM,,,,,,PF
55825-58658,SG,Patrick,Patrick McCaw,McCaw,2.3999999364217124,3,3500,UTA@TOR,TOR,UTA,,,,,,SG
55825-110883,PF,Dean,Dean Wade,Wade,7.996874809265137,32,3500,SA@CLE,CLE,SA,,,,,,PF
55825-110882,SG,Adam,Adam Mokoka,Mokoka,3.5999999046325684,8,3500,CHI@DEN,CHI,DEN,,,,,,SG
55825-145697,PG,Karim,Karim Mane,Mane,3.4166666666666665,6,3500,BKN@ORL,ORL,BKN,,,,,,PG
55825-48940,SG,Wes,Wes Iwundu,Iwundu,5.733333405994234,21,3500,DAL@POR,DAL,POR,,,,,,SG
55825-16178,SF,Maurice,Maurice Harkless,Harkless,5.099999861283735,11,3500,IND@MIA,MIA,IND,,,,,,SF
55825-119602,SF,Jontay,Jontay Porter,Porter,3.5999999046325684,1,3500,GS@MEM,MEM,GS,,,,,,SF
55825-20277,SG,Torrey,Torrey Craig,Craig,9.088889227973091,18,3500,MIN@PHO,PHO,MIN,O,Coach's decision,,,,SG
55825-16183,PF,JaKarr,JaKarr Sampson,Sampson,5.6200002034505205,15,3500,IND@MIA,IND,MIA,GTD,Knee,,,,PF
55825-11074,SF,Garrett,Garrett Temple,Temple,18.5,35,3500,CHI@DEN,CHI,DEN,O,Ankle,,,,SF
55825-16196,C,Dwight,Dwight Powell,Powell,11.3999997652494,26,3500,DAL@POR,DAL,POR,,,,,,C
55825-19781,SF,Kent,Kent Bazemore,Bazemore,14.443589430588942,39,3500,GS@MEM,GS,MEM,,,,,,SF
55825-145738,SG,Nate,Nate Hinton,Hinton,2,6,3500,DAL@POR,DAL,POR,,,,,,SG
55825-145737,SG,Brodric,Brodric Thomas,Thomas,5.5,6,3500,SA@CLE,CLE,SA,,,,,,SG
55825-17230,SG,Langston,Langston Galloway,Galloway,7.22592615198206,27,3500,MIN@PHO,PHO,MIN,,,,,,SG
55825-63826,C,Boban,Boban Marjanovic,Marjanovic,9.615789313065378,19,3500,DAL@POR,DAL,POR,,,,,,C
55825-9589,PF,Udonis,Udonis Haslem,Haslem,7.925000190734863,4,3500,IND@MIA,MIA,IND,,,,,,PF
55825-9598,PF,Ersan,Ersan Ilyasova,Ilyasova,14.903174990699405,63,3500,UTA@TOR,UTA,TOR,,,,,,PF
55825-15744,SG,Rodney,Rodney McGruder,McGruder,9.913333129882812,15,3500,DET@HOU,DET,HOU,O,Elbow,,,,SG
55825-16790,PG,Brad,Brad Wanamaker,Wanamaker,12.483783618823901,37,3500,GS@MEM,GS,MEM,,,,,,PG
55825-66455,PF,Henry,Henry Ellenson,Ellenson,18.450000762939453,2,3500,UTA@TOR,TOR,UTA,,,,,,PF
55825-145306,SF,CJ,CJ Elleby,Elleby,6.023077157827524,13,3500,DAL@POR,POR,DAL,,,,,,SF
55825-15771,C,Gorgui,Gorgui Dieng,Dieng,18.41363664106889,22,3500,GS@MEM,MEM,GS,,,,,,C
55825-145305,PF,Zeke,Zeke Nnaji,Nnaji,5.830769465519832,26,3500,CHI@DEN,DEN,CHI,,,,,,PF
55825-145310,PG,Saben,Saben Lee,Lee,13.731578626130757,19,3500,DET@HOU,DET,HOU,,,,,,PG
55825-115612,SF,Kelan,Kelan Martin,Martin,2.8769231942983775,13,3500,IND@MIA,IND,MIA,,,,,,SF
55825-58270,PG,Edmond,Edmond Sumner,Sumner,8.392307574932392,26,3500,IND@MIA,IND,MIA,,,,,,PG
55825-145309,C,Udoka,Udoka Azubuike,Azubuike,3.2999998728434243,12,3500,UTA@TOR,UTA,TOR,O,Ankle,,,,C
55825-145314,PF,Precious,Precious Achiuwa,Achiuwa,12.76923076923077,39,3500,IND@MIA,MIA,IND,,,,,,PF
55825-145315,SF,Elijah,Elijah Hughes,Hughes,3.8999998910086497,7,3500,UTA@TOR,UTA,TOR,,,,,,SF
55825-145319,PF,Jaden,Jaden McDaniels,McDaniels,14.664706061868106,34,3500,MIN@PHO,MIN,PHO,,,,,,PF
55825-145322,PF,Jalen,Jalen Smith,Smith,3.566666603088379,12,3500,MIN@PHO,PHO,MIN,,,,,,PF
55825-145323,PG,Tre,Tre Jones,Jones,2.987499952316284,16,3500,SA@CLE,SA,CLE,,,,,,PG
55825-145326,PG,Tyrell,Tyrell Terry,Terry,3.6545455239035864,11,3500,DAL@POR,DAL,POR,O,Personal,,,,PG
55825-145324,SG,Devin,Devin Vassell,Vassell,14.756667073567709,30,3500,SA@CLE,SA,CLE,,,,,,SG
55825-145325,SG,Josh,Josh Green,Green,5.7368421052631575,19,3500,DAL@POR,DAL,POR,,,,,,SG
55825-80819,PF,Harry,Harry Giles,Giles,11.527273004705256,22,3500,DAL@POR,POR,DAL,,,,,,PF
55825-145334,SG,Desmond,Desmond Bane,Bane,16.21212121212121,33,3500,GS@MEM,MEM,GS,,,,,,SG
55825-145335,PG,Payton,Payton Pritchard,Pritchard,14.27058859432445,34,3500,SAC@BOS,BOS,SAC,,,,,,PG
55825-145332,SF,Tyler,Tyler Bey,Bey,2.7600000381469725,5,3500,DAL@POR,DAL,POR,,,,,,SF
55825-58295,PF,D.J.,D.J. Wilson,Wilson,7.375,12,3500,DET@HOU,HOU,DET,GTD,Not injury related,,,,PF
55825-145333,SG,Aaron,Aaron Nesmith,Nesmith,8.357894897460938,19,3500,SAC@BOS,BOS,SAC,,,,,,SG
55825-80825,PF,Isaiah,Isaiah Hartenstein,Hartenstein,9.858620479189117,29,3500,CHI@DEN,DEN,CHI,,,,,,PF
55825-145338,PG,Jahmi'us,Jahmi'us Ramsey,Ramsey,3.0600000381469727,5,3500,SAC@BOS,SAC,BOS,,,,,,PG
55825-80824,PG,Frank,Frank Jackson,Jackson,5.745454614812678,11,3500,DET@HOU,DET,HOU,,,,,,PG
55825-145336,PF,Xavier,Xavier Tillman,Tillman,17.47741896106351,31,3500,GS@MEM,MEM,GS,,,,,,PF
55825-145342,SG,Cassius,Cassius Stanley,Stanley,2.3111110263400607,9,3500,IND@MIA,IND,MIA,,,,,,SG
55825-145343,PG,Jalen,Jalen Harris,Harris,2.9000000953674316,4,3500,UTA@TOR,TOR,UTA,,,,,,PG
55825-145340,PF,Reggie,Reggie Perry,Perry,9.942856924874443,14,3500,BKN@ORL,BKN,ORL,,,,,,PF
55825-9664,SG,Andre,Andre Iguodala,Iguodala,15.62631546823602,38,3500,IND@MIA,MIA,IND,GTD,Hip,,,,SG
55825-145344,PG,Malachi,Malachi Flynn,Flynn,5.2133331298828125,15,3500,UTA@TOR,TOR,UTA,,,,,,PG
55825-145345,PG,Nico,Nico Mannion,Mannion,11.563636086203836,11,3500,GS@MEM,GS,MEM,,,,,,PG
55825-145350,PF,Robert,Robert Woodard,Woodard,3.6000000635782876,6,3500,SAC@BOS,SAC,BOS,,,,,,PF
55825-18376,SG,Damion,Damion Lee,Lee,14.110000610351562,40,3500,GS@MEM,GS,MEM,,,,,,SG
55825-145354,SG,Devon,Devon Dotson,Dotson,5.199999809265137,1,3500,CHI@DEN,CHI,DEN,O,Not injury related,,,,SG
55825-145352,SG,Trent,Trent Forrest,Forrest,2.075000047683716,8,3500,UTA@TOR,UTA,TOR,,,,,,SG
55825-40396,PG,Monte,Monte Morris,Morris,20.474999321831596,36,3500,CHI@DEN,DEN,CHI,O,Quadriceps,,,,PG
55825-145358,PG,Markus,Markus Howard,Howard,2.095000076293945,20,3500,CHI@DEN,DEN,CHI,,,,,,PG
55825-145356,SF,Sean,Sean McDermott,McDermott,6.822222391764323,9,3500,GS@MEM,MEM,GS,,,,,,SF
55825-145357,PF,Lamar,Lamar Stevens,Stevens,9.811538696289062,26,3500,SA@CLE,CLE,SA,,,,,,PF
55825-101331,PF,Gary,Gary Clark,Clark,10,33,3500,BKN@ORL,ORL,BKN,,,,,,PF
55825-48598,SF,Semi,Semi Ojeleye,Ojeleye,10.472972972972974,37,3500,SAC@BOS,BOS,SAC,,,,,,SF
55825-24544,SG,Gary,Gary Harris,Harris,17.75789441560444,19,3500,CHI@DEN,DEN,CHI,O,Thigh,,,,SG
55825-24546,SF,Denzel,Denzel Valentine,Valentine,16.337142508370537,35,3500,CHI@DEN,CHI,DEN,,,,,,SF
55825-15843,PG,Trey,Trey Burke,Burke,11.69210494192023,38,3500,DAL@POR,DAL,POR,,,,,,PG
55825-116202,PG,Jalen,Jalen Lecque,Lecque,4.266666730244954,3,3500,IND@MIA,IND,MIA,,,,,,PG
55825-58350,SF,Stanley,Stanley Johnson,Johnson,9.744444105360243,36,3500,UTA@TOR,TOR,UTA,,,,,,SF
55825-97263,C,Drew,Drew Eubanks,Eubanks,13.414999389648438,20,3500,SA@CLE,SA,CLE,,,,,,C
55825-63478,C,Cristiano,Cristiano Felicio,Felicio,5.983333587646484,6,3500,CHI@DEN,CHI,DEN,,,,,,C