Id,Position,First Name,Nickname,Last Name,FPPG,Played,Salary,Game,Team,Opponent,Injury Indicator,Injury Details,Tier,,,Roster Position
56130-9644,SG,James,James Harden,Harden,52.828206380208336,39,11300,BKN@DET,BKN,DET,GTD,Neck,,,,SG
56130-40199,PF,Giannis,Giannis Antetokounmpo,Antetokounmpo,55.895240420386905,42,11100,BOS@MIL,MIL,BOS,,,,,,PF
56130-84669,PG,Luka,Luka Doncic,Doncic,51.9875,40,10800,IND@DAL,DAL,IND,,,,,,PG
56130-55062,C,Nikola,Nikola Jokic,Jokic,56.04222005208333,45,10500,DEN@NO,DEN,NO,,,,,,C
56130-58462,C,Karl-Anthony,Karl-Anthony Towns,Towns,45.395833333333336,24,10000,HOU@MIN,MIN,HOU,,,,,,C
56130-9488,SF,LeBron,LeBron James,James,47.083333333333336,42,9900,CLE@LAL,LAL,CLE,O,Ankle,,,,SF
56130-14498,PG,Kyrie,Kyrie Irving,Irving,45.640625,32,9600,BKN@DET,BKN,DET,O,Personal,,,,PG
56130-14528,SF,Jimmy,Jimmy Butler,Butler,46.480000813802086,30,9300,MIA@CHA,MIA,CHA,O,Illness,,,,SF
56130-20848,PG,Damian,Damian Lillard,Lillard,46.513635808771305,44,9200,POR@ORL,POR,ORL,,,,,,PG
56130-9524,PG,Stephen,Stephen Curry,Curry,45.897500610351564,40,9000,ATL@GS,GS,ATL,O,Lower body,,,,PG
56130-15755,PF,Anthony,Anthony Davis,Davis,44.54782502547555,23,9000,CLE@LAL,LAL,CLE,O,Calf,,,,PF
56130-9646,SF,Kevin,Kevin Durant,Durant,48.542104620682565,19,8800,BKN@DET,BKN,DET,O,Hamstring,,,,SF
56130-59358,PF,Domantas,Domantas Sabonis,Sabonis,43.763635808771305,44,8800,IND@DAL,IND,DAL,,,,,,PF
56130-84671,PG,Trae,Trae Young,Young,43.607142857142854,42,8700,ATL@GS,ATL,GS,,,,,,PG
56130-40203,C,Rudy,Rudy Gobert,Gobert,40.5204551003196,44,8600,MEM@UTA,UTA,MEM,,,,,,C
56130-80808,PF,Jayson,Jayson Tatum,Tatum,42.50769355969551,39,8600,BOS@MIL,BOS,MIL,,,,,,PF
56130-66113,SG,Donovan,Donovan Mitchell,Mitchell,39.81190418061756,42,8400,MEM@UTA,UTA,MEM,,,,,,SG
56130-66048,SF,Brandon,Brandon Ingram,Ingram,39.04883664153343,43,8300,DEN@NO,NO,DEN,,,,,,SF
56130-110310,PF,Zion,Zion Williamson,Williamson,40.7452392578125,42,8300,DEN@NO,NO,DEN,,,,,,PF
56130-12332,PG,John,John Wall,Wall,36.09655340786638,29,8200,HOU@MIN,HOU,MIN,,,,,,PG
56130-66236,PF,John,John Collins,Collins,33.10909201882102,44,8200,ATL@GS,ATL,GS,,,,,,PF
56130-58460,SG,Devin,Devin Booker,Booker,37.04102501502404,39,8100,PHO@TOR,PHO,TOR,,,,,,SG
56130-24247,SG,Fred,Fred VanVleet,VanVleet,40.31794934395032,39,8000,PHO@TOR,TOR,PHO,,,,,,SG
56130-55059,C,Clint,Clint Capela,Capela,40.413156609786185,38,8000,ATL@GS,ATL,GS,,,,,,C
56130-80817,C,Bam,Bam Adebayo,Adebayo,42.13589868790064,39,8000,MIA@CHA,MIA,CHA,,,,,,C
56130-67026,SF,Jaylen,Jaylen Brown,Brown,39.63333275204613,42,8000,BOS@MIL,BOS,MIL,,,,,,SF
56130-66108,PG,Jamal,Jamal Murray,Murray,35.43333217075893,42,7900,DEN@NO,DEN,NO,,,,,,PG
56130-60021,PF,Pascal,Pascal Siakam,Siakam,39.22857142857143,35,7900,PHO@TOR,TOR,PHO,,,,,,PF
56130-14503,C,Jonas,Jonas Valanciunas,Valanciunas,35.25,36,7800,MEM@UTA,MEM,UTA,,,,,,C
56130-23798,SG,Caris,Caris LeVert,LeVert,33.75789602179276,19,7800,IND@DAL,IND,DAL,,,,,,SG
56130-15684,SG,Victor,Victor Oladipo,Oladipo,36.85172245420259,29,7800,MIA@CHA,MIA,CHA,O,Not injury related,,,,SG
56130-9663,PG,Jrue,Jrue Holiday,Holiday,34.00302956321023,33,7800,BOS@MIL,MIL,BOS,,,,,,PG
56130-42202,C,Christian,Christian Wood,Wood,40.07727328213778,22,7700,HOU@MIN,HOU,MIN,,,,,,C
56130-16261,SF,Khris,Khris Middleton,Middleton,37.05116165515988,43,7700,BOS@MIL,MIL,BOS,,,,,,SF
56130-9623,PG,Chris,Chris Paul,Paul,37.416279637536334,43,7700,PHO@TOR,PHO,TOR,,,,,,PG
56130-145321,SG,Anthony,Anthony Edwards,Edwards,27.88863580877131,44,7600,HOU@MIN,MIN,HOU,,,,,,SG
56130-19067,SG,CJ,CJ McCollum,McCollum,38.25263093647204,19,7500,POR@ORL,POR,ORL,,,,,,SG
56130-63122,PF,Kristaps,Kristaps Porzingis,Porzingis,37.1629638671875,27,7500,IND@DAL,DAL,IND,,,,,,PF
56130-23776,C,Montrezl,Montrezl Harrell,Harrell,27.717778862847222,45,7500,CLE@LAL,LAL,CLE,,,,,,C
56130-110344,PG,Ja,Ja Morant,Morant,34.86060680042613,33,7500,MEM@UTA,MEM,UTA,,,,,,PG
56130-58153,SF,Kelly,Kelly Oubre,Oubre,28.493022120276162,43,7500,ATL@GS,GS,ATL,,,,,,SF
56130-16293,SF,Norman,Norman Powell,Powell,28.040475027901785,42,7500,POR@ORL,POR,ORL,O,Not injury related,,,,SF
56130-84667,SG,Collin,Collin Sexton,Sexton,34.473684210526315,38,7300,CLE@LAL,CLE,LAL,GTD,Hamstring,,,,SG
56130-23831,PF,Jerami,Jerami Grant,Grant,37.10499877929688,40,7300,BKN@DET,DET,BKN,,,,,,PF
56130-9535,PG,Kyle,Kyle Lowry,Lowry,36.27567435599662,37,7300,PHO@TOR,TOR,PHO,,,,,,PG
56130-58377,SF,Kyle,Kyle Kuzma,Kuzma,24.049998890269887,44,7200,CLE@LAL,LAL,CLE,,,,,,SF
56130-40201,PG,Dennis,Dennis Schroder,Schroder,27.8146347418064,41,7200,CLE@LAL,LAL,CLE,,,,,,PG
56130-12366,SF,Gordon,Gordon Hayward,Hayward,35.87179487179487,39,7000,MIA@CHA,CHA,MIA,,,,,,SF
56130-42677,PG,Terry,Terry Rozier,Rozier,32.94146281916921,41,7000,MIA@CHA,CHA,MIA,,,,,,PG
56130-15860,PF,Draymond,Draymond Green,Green,30.53421181126645,38,7000,ATL@GS,GS,ATL,O,Illness,,,,PF
56130-16405,SG,Terrence,Terrence Ross,Ross,26.552778455946182,36,6900,POR@ORL,ORL,POR,GTD,Knee,,,,SG
56130-14507,PG,Kemba,Kemba Walker,Walker,31.361539400540867,26,6800,BOS@MIL,BOS,MIL,,,,,,PG
56130-15590,C,Mason,Mason Plumlee,Plumlee,30.524390243902438,41,6800,BKN@DET,DET,BKN,,,,,,C
56130-110345,SF,Kevin,Kevin Porter,Porter,30.614286150251115,7,6800,HOU@MIN,HOU,MIN,GTD,Quadriceps,,,,SF
56130-49116,SG,Andrew,Andrew Wiggins,Wiggins,30.335555013020834,45,6800,ATL@GS,GS,ATL,,,,,,SG
56130-80821,C,Jarrett,Jarrett Allen,Allen,32.24418604651163,43,6700,CLE@LAL,CLE,LAL,,,,,,C
56130-68090,SF,OG,OG Anunoby,Anunoby,29.56923029972957,26,6700,PHO@TOR,TOR,PHO,,,,,,SF
56130-23096,SF,Evan,Evan Fournier,Fournier,30.673076923076923,26,6600,BOS@MIL,BOS,MIL,GTD,Not injury related,,,,SF
56130-80806,PG,Lonzo,Lonzo Ball,Ball,31.107894094366777,38,6600,DEN@NO,NO,DEN,GTD,Hip,,,,PG
56130-20992,SF,Larry,Larry Nance,Nance,28.17407452618634,27,6500,CLE@LAL,CLE,LAL,,,,,,SF
56130-84673,C,Deandre,Deandre Ayton,Ayton,32.934882585392444,43,6500,PHO@TOR,PHO,TOR,,,,,,C
56130-84682,SF,Michael,Michael Porter,Porter,30.05000035903033,34,6500,DEN@NO,DEN,NO,,,,,,SF
56130-110342,PG,Darius,Darius Garland,Garland,28.659999302455358,35,6500,CLE@LAL,CLE,LAL,,,,,,PG
56130-16359,PG,Malcolm,Malcolm Brogdon,Brogdon,37.7536591320503,41,6500,IND@DAL,IND,DAL,,,,,,PG
56130-68203,C,Chris,Chris Boucher,Boucher,29.402271617542613,44,6300,PHO@TOR,TOR,PHO,,,,,,C
56130-41594,PF,Aaron,Aaron Gordon,Gordon,30.46800048828125,25,6300,DEN@NO,DEN,NO,O,Not injury related,,,,PF
56130-110322,PG,Jordan,Jordan Poole,Poole,16.166666666666668,24,6200,ATL@GS,GS,ATL,,,,,,PG
56130-60233,SG,Dillon,Dillon Brooks,Brooks,26.665789152446546,38,6200,MEM@UTA,MEM,UTA,,,,,,SG
56130-58312,SG,D'Angelo,D'Angelo Russell,Russell,32.04500122070313,20,6200,HOU@MIN,MIN,HOU,O,Knee,,,,SG
56130-20491,PF,Robert,Robert Covington,Covington,26.333333333333332,42,6100,POR@ORL,POR,ORL,,,,,,PF
56130-14496,PG,Ricky,Ricky Rubio,Rubio,24.652381533668155,42,6000,HOU@MIN,MIN,HOU,,,,,,PG
56130-23716,SF,Kyle,Kyle Anderson,Anderson,28.530767978766026,39,6000,MEM@UTA,MEM,UTA,,,,,,SF
56130-14516,C,Enes,Enes Kanter,Kanter,30.709089799360797,44,6000,POR@ORL,POR,ORL,,,,,,C
56130-84708,C,Robert,Robert Williams,Williams,24.04594627586571,37,6000,BOS@MIL,BOS,MIL,,,,,,C
56130-110352,PF,P.J.,P.J. Washington,Washington,28.979485927483974,39,6000,MIA@CHA,CHA,MIA,,,,,,PF
56130-17333,SG,Will,Will Barton,Barton,24.514633550876525,41,5900,DEN@NO,DEN,NO,,,,,,SG
56130-40562,SG,Josh,Josh Hart,Hart,23.962791265443315,43,5800,DEN@NO,NO,DEN,,,,,,SG
56130-9575,PG,Mike,Mike Conley,Conley,30.60277642144097,36,5800,MEM@UTA,UTA,MEM,,,,,,PG
56130-66064,SF,Malik,Malik Beasley,Beasley,31.124241684422348,33,5700,HOU@MIN,MIN,HOU,O,Suspension,,,,SF
56130-23670,SG,Marcus,Marcus Smart,Smart,28.54,25,5700,BOS@MIL,BOS,MIL,,,,,,SG
56130-58253,C,Myles,Myles Turner,Turner,33.71499938964844,40,5700,IND@DAL,IND,DAL,,,,,,C
56130-9637,SF,Danilo,Danilo Gallinari,Gallinari,20.946874618530273,32,5700,ATL@GS,ATL,GS,,,,,,SF
56130-59318,SG,Joe,Joe Ingles,Ingles,23.764102251101765,39,5600,MEM@UTA,UTA,MEM,,,,,,SG
56130-23169,C,Steven,Steven Adams,Adams,24.855000305175782,40,5500,DEN@NO,NO,DEN,,,,,,C
56130-84681,SG,Donte,Donte DiVincenzo,DiVincenzo,24.430232558139537,43,5500,BOS@MIL,MIL,BOS,,,,,,SG
56130-23294,SF,Danuel,Danuel House,House,19.962962962962962,27,5500,HOU@MIN,HOU,MIN,,,,,,SF
56130-110337,SG,Talen,Talen Horton-Tucker,Horton-Tucker,17.05609726324314,41,5500,CLE@LAL,LAL,CLE,,,,,,SG
56130-16201,PG,Michael,Michael Carter-Williams,Carter-Williams,21.58695652173913,23,5500,POR@ORL,ORL,POR,,,,,,PG
56130-101329,PG,Kendrick,Kendrick Nunn,Nunn,23.80540507548564,37,5500,MIA@CHA,MIA,CHA,,,,,,PG
56130-145576,PF,Jae'Sean,Jae'Sean Tate,Tate,23.258138967114824,43,5400,HOU@MIN,HOU,MIN,,,,,,PF
56130-84704,SG,Kevin,Kevin Huerter,Huerter,24.761363636363637,44,5400,ATL@GS,ATL,GS,,,,,,SG
56130-110338,SF,De'Andre,De'Andre Hunter,Hunter,28.120001220703124,20,5400,ATL@GS,ATL,GS,GTD,Knee,,,,SF
56130-15846,SG,Tim,Tim Hardaway,Hardaway,24.282926233803355,41,5400,IND@DAL,DAL,IND,,,,,,SG
56130-84670,SF,Mikal,Mikal Bridges,Bridges,27.027905841206394,43,5300,PHO@TOR,PHO,TOR,GTD,Heel,,,,SF
56130-84676,C,Wendell,Wendell Carter,Carter,25.890625,32,5300,POR@ORL,ORL,POR,GTD,Not injury related,,,,C
56130-110353,PF,Brandon,Brandon Clarke,Clarke,26.127777099609375,36,5300,MEM@UTA,MEM,UTA,,,,,,PF
56130-110356,SG,Nickeil,Nickeil Alexander-Walker,Alexander-Walker,18.154286411830356,35,5300,DEN@NO,NO,DEN,,,,,,SG
56130-145328,SF,Saddiq,Saddiq Bey,Bey,18.89268233136433,41,5300,BKN@DET,DET,BKN,,,,,,SF
56130-84695,SG,Gary,Gary Trent,Trent,22.12682956602515,41,5200,PHO@TOR,TOR,PHO,GTD,Not injury related,,,,SG
56130-110312,SG,Tyler,Tyler Herro,Herro,28.238234576056986,34,5200,MIA@CHA,MIA,CHA,,,,,,SG
56130-97018,PG,Chris,Chris Chiozza,Chiozza,10.731249809265137,16,5200,BKN@DET,BKN,DET,,,,,,PG
56130-55057,C,Jusuf,Jusuf Nurkic,Nurkic,26.741666158040363,12,5200,POR@ORL,POR,ORL,GTD,Wrist,,,,C
56130-9508,SF,Carmelo,Carmelo Anthony,Anthony,24.40232671693314,43,5200,POR@ORL,POR,ORL,,,,,,SF
56130-16233,SF,Josh,Josh Richardson,Richardson,23.84545528527462,33,5200,IND@DAL,DAL,IND,,,,,,SF
56130-145327,PG,Cole,Cole Anthony,Anthony,23.28800048828125,25,5200,POR@ORL,ORL,POR,O,Ribs,,,,PG
56130-84706,SG,Devonte',Devonte' Graham,Graham,25.699999260179926,33,5100,MIA@CHA,CHA,MIA,,,,,,SG
56130-9621,C,Brook,Brook Lopez,Lopez,23.597674702489098,43,5100,BOS@MIL,MIL,BOS,,,,,,C
56130-22541,C,Kelly,Kelly Olynyk,Olynyk,23.830231422601745,43,5000,HOU@MIN,HOU,MIN,GTD,Not injury related,,,,C
56130-12368,PF,Nemanja,Nemanja Bjelica,Bjelica,14.711538461538462,26,5000,MIA@CHA,MIA,CHA,O,Not injury related,,,,PF
56130-17491,SF,James,James Ennis,Ennis,16.429629855685764,27,5000,POR@ORL,ORL,POR,,,,,,SF
56130-145533,PF,Kenyon,Kenyon Martin,Martin,17.712499618530273,16,5000,HOU@MIN,HOU,MIN,,,,,,PF
56130-42156,PF,Bobby,Bobby Portis,Portis,23.52558082757994,43,5000,BOS@MIL,MIL,BOS,,,,,,PF
56130-84694,SG,Bruce,Bruce Brown,Brown,18.212195419683688,41,5000,BKN@DET,BKN,DET,,,,,,SG
56130-110336,PF,Chuma,Chuma Okeke,Okeke,14.467857360839844,28,5000,POR@ORL,ORL,POR,,,,,,PF
56130-15628,SF,Otto,Otto Porter,Porter,20.424000244140625,25,5000,POR@ORL,ORL,POR,GTD,Not injury related,,,,SF
56130-40262,SG,Sterling,Sterling Brown,Brown,17.692683522294207,41,5000,HOU@MIN,HOU,MIN,,,,,,SG
56130-80814,PG,Dennis,Dennis Smith,Smith,19.42105263157895,19,5000,BKN@DET,DET,BKN,GTD,Back,,,,PG
56130-80816,SG,Malik,Malik Monk,Monk,18.816666666666666,30,5000,MIA@CHA,CHA,MIA,,,,,,SG
56130-18393,PG,T.J.,T.J. McConnell,McConnell,25.954998779296876,40,5000,IND@DAL,IND,DAL,,,,,,PG
56130-16363,SF,Joe,Joe Harris,Harris,22.67333306206597,45,5000,BKN@DET,BKN,DET,,,,,,SF
56130-110354,PF,Nicolas,Nicolas Claxton,Claxton,21.807692307692307,13,4900,BKN@DET,BKN,DET,,,,,,PF
56130-14530,SF,Bojan,Bojan Bogdanovic,Bogdanovic,22.6046511627907,43,4800,MEM@UTA,UTA,MEM,,,,,,SF
56130-16081,PF,Khem,Khem Birch,Birch,16.053488088208574,43,4800,POR@ORL,ORL,POR,,,,,,PF
56130-84690,PG,Jalen,Jalen Brunson,Brunson,21.736842105263158,38,4800,IND@DAL,DAL,IND,,,,,,PG
56130-84714,PF,Moritz,Moritz Wagner,Wagner,15.304000244140624,25,4800,BOS@MIL,BOS,MIL,GTD,Not injury related,,,,PF
56130-110339,SG,Cam,Cam Reddish,Reddish,21.588461068960335,26,4800,ATL@GS,ATL,GS,O,Achilles,,,,SG
56130-16196,C,Dwight,Dwight Powell,Powell,12.165516820447198,29,4800,IND@DAL,DAL,IND,,,,,,C
56130-9560,PF,Blake,Blake Griffin,Griffin,23.98636419122869,22,4800,BKN@DET,BKN,DET,,,,,,PF
56130-80809,SG,Josh,Josh Jackson,Jackson,24.41281988681891,39,4800,BKN@DET,DET,BKN,,,,,,SG
56130-80811,SF,Jonathan,Jonathan Isaac,Isaac,32.2705867991728,34,4800,POR@ORL,ORL,POR,O,Knee,,,,SF
56130-9673,PG,Goran,Goran Dragic,Dragic,24.871429443359375,28,4800,MIA@CHA,MIA,CHA,O,Back,,,,PG
56130-66061,SG,Dwayne,Dwayne Bacon,Bacon,16.079545454545453,44,4700,POR@ORL,ORL,POR,,,,,,SG
56130-14511,PF,Markieff,Markieff Morris,Morris,13.543590056590546,39,4700,CLE@LAL,LAL,CLE,,,,,,PF
56130-15557,C,Andre,Andre Drummond,Drummond,42.5360009765625,25,4700,CLE@LAL,CLE,LAL,O,Not injury related,,,,C
56130-84678,PF,Miles,Miles Bridges,Bridges,21.816278501998546,43,4700,MIA@CHA,CHA,MIA,,,,,,PF
56130-20640,PG,Jordan,Jordan Clarkson,Clarkson,26.497674986373546,43,4600,MEM@UTA,UTA,MEM,,,,,,PG
56130-84675,C,Mo,Mo Bamba,Bamba,12.418182373046875,22,4600,POR@ORL,ORL,POR,,,,,,C
56130-9648,PF,Jeff,Jeff Green,Green,18.048780487804876,41,4600,BKN@DET,BKN,DET,,,,,,PF
56130-15904,SG,Rodney,Rodney Hood,Hood,9.976315950092516,38,4500,PHO@TOR,TOR,PHO,GTD,Not injury related,,,,SG
56130-12355,SG,Eric,Eric Bledsoe,Bledsoe,22.49761962890625,42,4500,DEN@NO,NO,DEN,,,,,,SG
56130-15993,SG,Pat,Pat Connaughton,Connaughton,17.217500305175783,40,4500,BOS@MIL,MIL,BOS,,,,,,SG
56130-85137,SG,Duncan,Duncan Robinson,Robinson,20.8022216796875,45,4500,MIA@CHA,MIA,CHA,,,,,,SG
56130-84711,SG,Grayson,Grayson Allen,Allen,19.468964675377155,29,4500,MEM@UTA,MEM,UTA,,,,,,SG
56130-15636,SF,Kentavious,Kentavious Caldwell-Pope,Caldwell-Pope,15.860975312023628,41,4500,CLE@LAL,LAL,CLE,,,,,,SF
56130-9538,PF,Trevor,Trevor Ariza,Ariza,13.75,4,4500,MIA@CHA,MIA,CHA,,,,,,PF
56130-18338,PF,Royce,Royce O'Neale,O'Neale,22.11627906976744,43,4500,MEM@UTA,UTA,MEM,,,,,,PF
56130-15800,PF,Jae,Jae Crowder,Crowder,21.785000610351563,40,4500,PHO@TOR,PHO,TOR,,,,,,PF
56130-9729,PF,Paul,Paul Millsap,Millsap,22.05000035903033,34,4400,DEN@NO,DEN,NO,,,,,,PF
56130-18600,PG,Tyler,Tyler Johnson,Johnson,9.534615149864784,26,4400,BKN@DET,BKN,DET,,,,,,PG
56130-15559,SG,Jeremy,Jeremy Lamb,Lamb,20.803847092848557,26,4400,IND@DAL,IND,DAL,,,,,,SG
56130-84703,SG,De'Anthony,De'Anthony Melton,Melton,22.27930950296336,29,4400,MEM@UTA,MEM,UTA,,,,,,SG
56130-110317,PG,Jaylen,Jaylen Nowell,Nowell,17.14000040690104,30,4400,HOU@MIN,MIN,HOU,,,,,,PG
56130-15691,C,Cody,Cody Zeller,Zeller,23.40416717529297,24,4400,MIA@CHA,CHA,MIA,,,,,,C
56130-9556,SF,Eric,Eric Gordon,Gordon,25.44814724392361,27,4400,HOU@MIN,HOU,MIN,O,Groin,,,,SF
56130-9561,C,DeAndre,DeAndre Jordan,Jordan,22.251162506813227,43,4400,BKN@DET,BKN,DET,,,,,,C
56130-66968,SF,Derrick,Derrick Jones,Jones,19.42749938964844,40,4400,POR@ORL,POR,ORL,,,,,,SF
56130-9662,SG,Lou,Lou Williams,Williams,21.299999418712797,42,4400,ATL@GS,ATL,GS,GTD,Not injury related,,,,SG
56130-117779,PF,Juan,Juan Toscano-Anderson,Toscano-Anderson,16.266666666666666,30,4300,ATL@GS,GS,ATL,,,,,,PF
56130-145314,PF,Precious,Precious Achiuwa,Achiuwa,12.19767441860465,43,4300,MIA@CHA,MIA,CHA,,,,,,PF
56130-9874,PF,Kevin,Kevin Love,Love,11.524999618530273,4,4200,CLE@LAL,CLE,LAL,GTD,Calf,,,,PF
56130-58084,SF,Justise,Justise Winslow,Winslow,18.58571515764509,14,4200,MEM@UTA,MEM,UTA,,,,,,SF
56130-42733,SF,David,David Nwaba,Nwaba,20.00333251953125,30,4200,HOU@MIN,HOU,MIN,O,Wrist,,,,SF
56130-55060,SF,Bogdan,Bogdan Bogdanovic,Bogdanovic,18.726315146998356,19,4200,ATL@GS,ATL,GS,,,,,,SF
56130-145347,C,James,James Wiseman,Wiseman,21.93548387096774,31,4200,ATL@GS,GS,ATL,,,,,,C
56130-14501,C,Tristan,Tristan Thompson,Thompson,20.705556233723957,36,4100,BOS@MIL,BOS,MIL,O,Covid-19,,,,C
56130-15542,SG,Spencer,Spencer Dinwiddie,Dinwiddie,17.6999994913737,3,4100,BKN@DET,BKN,DET,O,Knee,,,,SG
56130-84699,PG,Hamidou,Hamidou Diallo,Diallo,24.203125,32,4100,BKN@DET,DET,BKN,GTD,Groin,,,,PG
56130-9581,C,Marc,Marc Gasol,Gasol,16.875,36,4100,CLE@LAL,LAL,CLE,,,,,,C
56130-145307,PF,Isaiah,Isaiah Stewart,Stewart,18.34390184355945,41,4100,BKN@DET,DET,BKN,,,,,,PF
56130-110318,PF,Grant,Grant Williams,Williams,11.850000169542101,36,4000,BOS@MIL,BOS,MIL,,,,,,PF
56130-23802,PG,Kris,Kris Dunn,Dunn,22.386273552389707,51,4000,ATL@GS,ATL,GS,O,Ankle,,,,PG
56130-20277,SG,Torrey,Torrey Craig,Craig,9.976190476190476,21,4000,PHO@TOR,PHO,TOR,,,,,,SG
56130-16197,SG,Chasson,Chasson Randle,Randle,11.866666666666667,15,4000,POR@ORL,ORL,POR,,,,,,SG
56130-19781,SF,Kent,Kent Bazemore,Bazemore,14.595348269440407,43,4000,ATL@GS,GS,ATL,,,,,,SF
56130-15727,SG,Ben,Ben McLemore,McLemore,11.996551513671875,29,4000,HOU@MIN,HOU,MIN,,,,,,SG
56130-58270,PG,Edmond,Edmond Sumner,Sumner,8.716666666666667,30,4000,IND@DAL,IND,DAL,,,,,,PG
56130-145313,PF,Jordan,Jordan Nwora,Nwora,6.933333079020183,12,4000,BOS@MIL,MIL,BOS,,,,,,PF
56130-23981,PG,Alex,Alex Caruso,Caruso,15.428571428571429,35,4000,CLE@LAL,LAL,CLE,,,,,,PG
56130-101331,PF,Gary,Gary Clark,Clark,9.668571254185268,35,4000,DEN@NO,DEN,NO,O,Not injury related,,,,PF
56130-58350,SF,Stanley,Stanley Johnson,Johnson,9.297436053936298,39,4000,PHO@TOR,TOR,PHO,,,,,,SF
56130-37931,C,Aron,Aron Baynes,Baynes,14.909755799828506,41,3900,PHO@TOR,TOR,PHO,,,,,,C
56130-23120,SF,T.J.,T.J. Warren,Warren,22.075000762939453,4,3900,IND@DAL,IND,DAL,O,Foot,,,,SF
56130-49336,SG,DeAndre',DeAndre' Bembry,Bembry,12.418749809265137,32,3900,PHO@TOR,TOR,PHO,,,,,,SG
56130-16604,SF,Justin,Justin Holiday,Holiday,22.723255246184593,43,3900,IND@DAL,IND,DAL,,,,,,SF
56130-58081,PG,Tyus,Tyus Jones,Jones,19.239024092511432,41,3900,MEM@UTA,MEM,UTA,,,,,,PG
56130-16376,SF,Dorian,Dorian Finney-Smith,Finney-Smith,20.164515341481856,31,3900,IND@DAL,DAL,IND,,,,,,SF
56130-9739,C,JaVale,JaVale McGee,McGee,19.439393939393938,33,3800,DEN@NO,DEN,NO,O,Not injury related,,,,C
56130-9799,SG,Wesley,Wesley Matthews,Matthews,9.894736842105264,38,3800,CLE@LAL,LAL,CLE,,,,,,SG
56130-112710,C,Tacko,Tacko Fall,Fall,8.88000030517578,10,3800,BOS@MIL,BOS,MIL,,,,,,C
56130-85597,PG,Jordan,Jordan McLaughlin,McLaughlin,17.695833841959637,24,3800,HOU@MIN,MIN,HOU,GTD,Rest,,,,PG
56130-145547,PG,Facundo,Facundo Campazzo,Campazzo,13.578947368421053,38,3800,DEN@NO,DEN,NO,,,,,,PG
56130-63127,C,Willy,Willy Hernangomez,Hernangomez,17.233333587646484,24,3800,DEN@NO,NO,DEN,,,,,,C
56130-14505,C,Bismack,Bismack Biyombo,Biyombo,17.202438726657775,41,3800,MIA@CHA,CHA,MIA,,,,,,C
56130-81621,PF,Maxi,Maxi Kleber,Kleber,19.463334147135416,30,3800,IND@DAL,DAL,IND,,,,,,PF
56130-23788,PG,Bryn,Bryn Forbes,Forbes,11.838095528738839,42,3800,BOS@MIL,MIL,BOS,GTD,Toe,,,,PG
56130-9466,PG,D.J.,D.J. Augustin,Augustin,13.247500610351562,40,3800,HOU@MIN,HOU,MIN,,,,,,PG
56130-110351,SG,Cody,Cody Martin,Martin,10.187096380418346,31,3800,MIA@CHA,CHA,MIA,,,,,,SG
56130-55056,PF,Dario,Dario Saric,Saric,17.56800048828125,25,3800,PHO@TOR,PHO,TOR,,,,,,PF
56130-18256,SF,Doug,Doug McDermott,McDermott,20.330952962239582,42,3800,IND@DAL,IND,DAL,,,,,,SF
56130-110995,C,Naz,Naz Reid,Reid,22.69047619047619,42,3800,HOU@MIN,MIN,HOU,,,,,,C
56130-101387,PG,Gabe,Gabe Vincent,Vincent,10.473333740234375,30,3700,MIA@CHA,MIA,CHA,,,,,,PG
56130-63126,SF,Cedi,Cedi Osman,Osman,20.5906982421875,43,3700,CLE@LAL,CLE,LAL,,,,,,SF
56130-70822,PF,Juancho,Juancho Hernangomez,Hernangomez,13.38800048828125,25,3700,HOU@MIN,MIN,HOU,,,,,,PF
56130-14529,PG,Cory,Cory Joseph,Joseph,15.222726995294744,44,3700,BKN@DET,DET,BKN,GTD,Not injury related,,,,PG
56130-58576,C,Kevon,Kevon Looney,Looney,13.1823533002068,34,3700,ATL@GS,GS,ATL,,,,,,C
56130-84689,SF,Josh,Josh Okogie,Okogie,12.941666497124565,36,3700,HOU@MIN,MIN,HOU,O,Covid-19,,,,SF
56130-145334,SG,Desmond,Desmond Bane,Bane,16.370270600190032,37,3700,MEM@UTA,MEM,UTA,,,,,,SG
56130-9664,SF,Andre,Andre Iguodala,Iguodala,15.565853956269056,41,3700,MIA@CHA,MIA,CHA,,,,,,SF
56130-145345,PG,Nico,Nico Mannion,Mannion,12.413333129882812,15,3700,ATL@GS,GS,ATL,,,,,,PG
56130-18376,SG,Damion,Damion Lee,Lee,14.352272727272727,44,3700,ATL@GS,GS,ATL,,,,,,SG
56130-48598,SF,Semi,Semi Ojeleye,Ojeleye,10.384999847412109,40,3700,BOS@MIL,BOS,MIL,O,Hip,,,,SF
56130-110340,C,Jaxson,Jaxson Hayes,Hayes,12.381250381469727,32,3600,DEN@NO,NO,DEN,,,,,,C
56130-145319,PF,Jaden,Jaden McDaniels,McDaniels,14.72432399440456,37,3600,HOU@MIN,MIN,HOU,,,,,,PF
56130-80815,PF,Zach,Zach Collins,Collins,18.16363664106889,11,3600,POR@ORL,POR,ORL,O,Ankle,,,,PF
56130-48567,PG,Cameron,Cameron Payne,Payne,16.184375762939453,32,3600,PHO@TOR,PHO,TOR,,,,,,PG
56130-145341,SG,Isaac,Isaac Okoro,Okoro,17.443589430588943,39,3600,CLE@LAL,CLE,LAL,,,,,,SG
56130-18435,SF,Alfonzo,Alfonzo McKinnie,McKinnie,3.9666665395100913,24,3500,CLE@LAL,LAL,CLE,,,,,,SF
56130-101393,SG,Paul,Paul Watson,Watson,6.0625,24,3500,PHO@TOR,TOR,PHO,,,,,,SG
56130-23572,SF,Taurean,Taurean Prince,Prince,18.096551303205818,29,3500,CLE@LAL,CLE,LAL,GTD,Shoulder,,,,SF
56130-117273,SF,Mychal,Mychal Mulder,Mulder,6.63783800279772,37,3500,ATL@GS,GS,ATL,,,,,,SF
56130-117285,SF,Vlatko,Vlatko Cancar,Cancar,4.233333269755046,24,3500,DEN@NO,DEN,NO,,,,,,SF
56130-117289,PF,Juwan,Juwan Morgan,Morgan,2.888888888888889,18,3500,MEM@UTA,UTA,MEM,,,,,,PF
56130-15405,PF,JaMychal,JaMychal Green,Green,17.856250762939453,32,3500,DEN@NO,DEN,NO,,,,,,PF
56130-12334,SG,Avery,Avery Bradley,Bradley,14.260000610351563,10,3500,HOU@MIN,HOU,MIN,GTD,Calf,,,,SG
56130-110639,PF,Sekou,Sekou Doumbouya,Doumbouya,7.8921051025390625,38,3500,BKN@DET,DET,BKN,,,,,,PF
56130-110638,SG,Deividas,Deividas Sirvydis,Sirvydis,1.1285714421953474,7,3500,BKN@DET,DET,BKN,,,,,,SG
56130-117301,PF,Devontae,Devontae Cacok,Cacok,5.862500190734863,8,3500,CLE@LAL,LAL,CLE,,,,,,PF
56130-15417,SF,Solomon,Solomon Hill,Hill,9.97441846270894,43,3500,ATL@GS,ATL,GS,,,,,,SF
56130-117821,PG,Keljin,Keljin Blevins,Blevins,1.711111068725586,9,3500,POR@ORL,POR,ORL,,,,,,PG
56130-12351,C,Derrick,Derrick Favors,Favors,17.60731766863567,41,3500,MEM@UTA,UTA,MEM,,,,,,C
56130-16448,PF,Frank,Frank Kaminsky,Kaminsky,15.112500190734863,32,3500,PHO@TOR,PHO,TOR,,,,,,PF
56130-112708,SF,Max,Max Strus,Strus,9.217391304347826,23,3500,MIA@CHA,MIA,CHA,,,,,,SF
56130-12365,C,Ed,Ed Davis,Davis,12.731578626130757,19,3500,HOU@MIN,MIN,HOU,,,,,,C
56130-145485,PG,LaMelo,LaMelo Ball,Ball,35.08536585365854,41,3500,MIA@CHA,CHA,MIA,O,Wrist,,,,PG
56130-145491,PF,Nathan,Nathan Knight,Knight,8.237500190734863,16,3500,ATL@GS,ATL,GS,,,,,,PF
56130-145489,PG,Killian,Killian Hayes,Hayes,9.728571210588727,7,3500,BKN@DET,DET,BKN,O,Hip,,,,PG
56130-20064,PG,Matthew,Matthew Dellavedova,Dellavedova,9.543859649122806,57,3500,CLE@LAL,CLE,LAL,GTD,Abdomen,,,,PG
56130-110697,PF,Nicolo,Nicolo Melli,Melli,7.813636086203835,22,3500,IND@DAL,DAL,IND,GTD,Not injury related,,,,PF
56130-17517,SG,Tony,Tony Snell,Snell,11.006452006678428,31,3500,ATL@GS,ATL,GS,,,,,,SG
56130-113267,SF,Caleb,Caleb Martin,Martin,12.35,30,3500,MIA@CHA,CHA,MIA,,,,,,SF
56130-23156,PF,Georges,Georges Niang,Niang,9.481395632721657,43,3500,MEM@UTA,UTA,MEM,,,,,,PF
56130-41077,SG,Sindarius,Sindarius Thornwell,Thornwell,3.0714285714285716,14,3500,DEN@NO,NO,DEN,,,,,,SG
56130-41083,PF,Luke,Luke Kornet,Kornet,5.846153846153846,13,3500,BOS@MIL,BOS,MIL,GTD,Not injury related,,,,PF
56130-23676,PG,Damyean,Damyean Dotson,Dotson,12.859375,32,3500,CLE@LAL,CLE,LAL,,,,,,PG
56130-145541,PG,R.J.,R.J. Hampton,Hampton,6.2,25,3500,POR@ORL,ORL,POR,GTD,Not injury related,,,,PG
56130-66196,SG,PJ,PJ Dozier,Dozier,16.744827796672954,29,3500,DEN@NO,DEN,NO,,,,,,SG
56130-70825,SF,Timothe,Timothe Luwawu-Cabarrot,Luwawu-Cabarrot,13.628948010896382,38,3500,BKN@DET,BKN,DET,,,,,,SF
56130-14509,SG,Klay,Klay Thompson,Thompson,,,3500,ATL@GS,GS,ATL,O,Achilles,,,,SG
56130-145588,SF,Anthony,Anthony Lamb,Lamb,8.200000217982701,7,3500,HOU@MIN,HOU,MIN,,,,,,SF
56130-84683,PF,Jaren,Jaren Jackson,Jackson,29.97931118669181,58,3500,MEM@UTA,MEM,UTA,O,Knee,,,,PF
56130-145623,PF,Mamadi,Mamadi Diakite,Diakite,7.300000190734863,2,3500,BOS@MIL,MIL,BOS,,,,,,PF
56130-84696,SG,Jevon,Jevon Carter,Carter,7.435294207404642,34,3500,PHO@TOR,PHO,TOR,,,,,,SG
56130-14554,SF,E'Twaun,E'Twaun Moore,Moore,10.03749974568685,24,3500,PHO@TOR,PHO,TOR,,,,,,SF
56130-145624,SG,Ty-Shon,Ty-Shon Alexander,Alexander,0.675000011920929,4,3500,PHO@TOR,PHO,TOR,,,,,,SG
56130-84700,PF,Rodions,Rodions Kurucs,Kurucs,3.924999952316284,16,3500,BOS@MIL,MIL,BOS,O,Oblique,,,,PF
56130-145631,SF,Greg,Greg Whittington,Whittington,0,4,3500,DEN@NO,DEN,NO,,,,,,SF
56130-15582,PG,Quinn,Quinn Cook,Cook,5.531818043101918,22,3500,CLE@LAL,CLE,LAL,,,,,,PG
56130-145632,PF,Killian,Killian Tillie,Tillie,6.375,4,3500,MEM@UTA,MEM,UTA,,,,,,PF
56130-58083,C,Jahlil,Jahlil Okafor,Okafor,7.991666793823242,12,3500,BKN@DET,DET,BKN,O,Knee,,,,C
56130-9956,SG,Wayne,Wayne Ellington,Ellington,16.183871361517138,31,3500,BKN@DET,DET,BKN,,,,,,SG
56130-23780,SF,Jake,Jake Layman,Layman,12.631250381469727,32,3500,HOU@MIN,MIN,HOU,,,,,,SF
56130-110309,SF,KZ,KZ Okpala,Okpala,6.94,25,3500,MIA@CHA,MIA,CHA,O,Covid-19,,,,SF
56130-110308,SF,Jarrell,Jarrell Brantley,Brantley,2.7230770404522238,13,3500,MEM@UTA,UTA,MEM,,,,,,SF
56130-110313,C,Bol,Bol Bol,Bol,4.473684210526316,19,3500,DEN@NO,DEN,NO,,,,,,C
56130-110827,SG,Matt,Matt Thomas,Thomas,4.219230651855469,26,3500,MEM@UTA,UTA,MEM,GTD,Not injury related,,,,SG
56130-84717,PG,Anfernee,Anfernee Simons,Simons,13.202702702702704,37,3500,POR@ORL,POR,ORL,,,,,,PG
56130-110829,SG,Brian,Brian Bowen,Bowen,2.0999999046325684,2,3500,IND@DAL,IND,DAL,,,,,,SG
56130-110316,SF,Cameron,Cameron Johnson,Johnson,18.20810843802787,37,3500,PHO@TOR,PHO,TOR,,,,,,SF
56130-9966,PF,James,James Johnson,Johnson,15.800000420932111,29,3500,DEN@NO,NO,DEN,GTD,Not injury related,,,,PF
56130-84719,SG,Aaron,Aaron Holiday,Holiday,12.475609756097562,41,3500,IND@DAL,IND,DAL,,,,,,SG
56130-110319,PG,Tremont,Tremont Waters,Waters,8.418181679465555,11,3500,BOS@MIL,BOS,MIL,,,,,,PG
56130-84718,PF,Alize,Alize Johnson,Johnson,50.5,1,3500,BKN@DET,BKN,DET,,,,,,PF
56130-84721,PF,Jarred,Jarred Vanderbilt,Vanderbilt,18.571428571428573,42,3500,HOU@MIN,MIN,HOU,,,,,,PF
56130-110321,SG,Romeo,Romeo Langford,Langford,5.771874904632568,32,3500,BOS@MIL,BOS,MIL,O,Covid-19,,,,SG
56130-110323,C,Eric,Eric Paschall,Paschall,15.618919578758446,37,3500,ATL@GS,GS,ATL,GTD,Illness,,,,C
56130-84725,PF,Kostas,Kostas Antetokounmpo,Antetokounmpo,5.159999847412109,5,3500,CLE@LAL,LAL,CLE,,,,,,PF
56130-84724,SG,Landry,Landry Shamet,Shamet,12.782051282051283,39,3500,BKN@DET,BKN,DET,O,Ankle,,,,SG
56130-110324,SG,Miye,Miye Oni,Oni,4.886666870117187,30,3500,MEM@UTA,UTA,MEM,,,,,,SG
56130-85238,SG,Yuta,Yuta Watanabe,Watanabe,9.062962849934896,27,3500,PHO@TOR,TOR,PHO,,,,,,SG
56130-110329,PF,Bruno,Bruno Fernando,Fernando,5.719047546386719,21,3500,ATL@GS,ATL,GS,,,,,,PF
56130-110333,SF,Jarrett,Jarrett Culver,Culver,14.259091463955967,22,3500,HOU@MIN,MIN,HOU,,,,,,SF
56130-110332,PG,Carsen,Carsen Edwards,Edwards,8.318750381469727,16,3500,BOS@MIL,BOS,MIL,,,,,,PG
56130-110341,SG,Dylan,Dylan Windler,Windler,13.223333740234375,30,3500,CLE@LAL,CLE,LAL,,,,,,SG
56130-110343,SF,Nassir,Nassir Little,Little,10.24642835344587,28,3500,POR@ORL,POR,ORL,,,,,,SF
56130-111372,SF,Thanasis,Thanasis Antetokounmpo,Antetokounmpo,6.3935482886529735,31,3500,BOS@MIL,MIL,BOS,,,,,,SF
56130-19726,SF,Abdel,Abdel Nader,Nader,12.53749974568685,24,3500,PHO@TOR,PHO,TOR,O,Knee,,,,SF
56130-23823,C,Willie,Willie Cauley-Stein,Cauley-Stein,14.628571428571428,35,3500,IND@DAL,DAL,IND,O,Covid-19,,,,C
56130-55055,PG,Dante,Dante Exum,Exum,12.316666920979818,6,3500,HOU@MIN,HOU,MIN,O,Calf,,,,PG
56130-110350,PF,Jalen,Jalen McDaniels,McDaniels,7.8285711379278276,21,3500,MIA@CHA,CHA,MIA,,,,,,PF
56130-111376,SG,John,John Konchar,Konchar,12.680951799665179,21,3500,MEM@UTA,MEM,UTA,,,,,,SG
56130-110359,C,Goga,Goga Bitadze,Bitadze,10.424999872843424,24,3500,IND@DAL,IND,DAL,,,,,,C
56130-115994,PF,Tyler,Tyler Cook,Cook,3.3142858232770647,7,3500,BKN@DET,DET,BKN,,,,,,PF
56130-110365,PF,Alen,Alen Smailagic,Smailagic,1.25,4,3500,ATL@GS,GS,ATL,,,,,,PF
56130-58658,SG,Patrick,Patrick McCaw,McCaw,4.1200000762939455,5,3500,PHO@TOR,TOR,PHO,O,Knee,,,,SG
56130-110883,PF,Dean,Dean Wade,Wade,9.527777777777779,36,3500,CLE@LAL,CLE,LAL,,,,,,PF
56130-145697,PG,Karim,Karim Mane,Mane,2.9285714285714284,7,3500,POR@ORL,ORL,POR,,,,,,PG
56130-48940,SG,Wes,Wes Iwundu,Iwundu,6.382608828337296,23,3500,DEN@NO,NO,DEN,GTD,Not injury related,,,,SG
56130-119602,SF,Jontay,Jontay Porter,Porter,3.5999999046325684,1,3500,MEM@UTA,MEM,UTA,,,,,,SF
56130-16183,PF,JaKarr,JaKarr Sampson,Sampson,5.6200002034505205,15,3500,IND@DAL,IND,DAL,,,,,,PF
56130-145730,SG,Nate,Nate Darling,Darling,2.25,2,3500,MIA@CHA,CHA,MIA,,,,,,SG
56130-145738,SG,Nate,Nate Hinton,Hinton,3.112499952316284,8,3500,IND@DAL,DAL,IND,,,,,,SG
56130-145737,SG,Brodric,Brodric Thomas,Thomas,6.766666836208767,9,3500,CLE@LAL,CLE,LAL,,,,,,SG
56130-17230,SG,Langston,Langston Galloway,Galloway,7.680645358177923,31,3500,PHO@TOR,PHO,TOR,,,,,,SG
56130-63826,C,Boban,Boban Marjanovic,Marjanovic,9.430000305175781,20,3500,IND@DAL,DAL,IND,,,,,,C
56130-145745,C,Will,Will Magnay,Magnay,-1,1,3500,DEN@NO,NO,DEN,,,,,,C
56130-23407,PF,P.J.,P.J. Tucker,Tucker,14.622856794084822,35,3500,BOS@MIL,MIL,BOS,GTD,Calf,,,,PF
56130-9589,PF,Udonis,Udonis Haslem,Haslem,7.925000190734863,4,3500,MIA@CHA,MIA,CHA,O,Covid-19,,,,PF
56130-66424,C,Justin,Justin Patton,Patton,18.383333841959637,12,3500,HOU@MIN,HOU,MIN,,,,,,C
56130-9598,PF,Ersan,Ersan Ilyasova,Ilyasova,1.4500000476837158,2,3500,MEM@UTA,UTA,MEM,,,,,,PF
56130-15744,SG,Rodney,Rodney McGruder,McGruder,9.913333129882812,15,3500,BKN@DET,DET,BKN,GTD,Elbow,,,,SG
56130-145303,SG,Skylar,Skylar Mays,Mays,6.5,19,3500,ATL@GS,ATL,GS,,,,,,SG
56130-16790,PG,Brad,Brad Wanamaker,Wanamaker,12.094872107872597,39,3500,MIA@CHA,CHA,MIA,GTD,Not injury related,,,,PG
56130-145306,SF,CJ,CJ Elleby,Elleby,5.678571428571429,14,3500,POR@ORL,POR,ORL,,,,,,SF
56130-145819,SF,Naji,Naji Marshall,Marshall,1.7333332697550456,6,3500,DEN@NO,NO,DEN,,,,,,SF
56130-145304,C,Onyeka,Onyeka Okongwu,Okongwu,7.831818320534446,22,3500,ATL@GS,ATL,GS,,,,,,C
56130-15771,C,Gorgui,Gorgui Dieng,Dieng,18.41363664106889,22,3500,MEM@UTA,MEM,UTA,,,,,,C
56130-145305,PF,Zeke,Zeke Nnaji,Nnaji,6.568965517241379,29,3500,DEN@NO,DEN,NO,,,,,,PF
56130-145310,PG,Saben,Saben Lee,Lee,12.959091186523438,22,3500,BKN@DET,DET,BKN,,,,,,PG
56130-115612,SF,Kelan,Kelan Martin,Martin,2.9928572518484935,14,3500,IND@DAL,IND,DAL,,,,,,SF
56130-145311,SG,Grant,Grant Riller,Riller,,,3500,MIA@CHA,CHA,MIA,,,,,,SG
56130-145309,C,Udoka,Udoka Azubuike,Azubuike,3.2999998728434243,12,3500,MEM@UTA,UTA,MEM,O,Ankle,,,,C
56130-145315,SF,Elijah,Elijah Hughes,Hughes,4.275000095367432,8,3500,MEM@UTA,UTA,MEM,,,,,,SF
56130-145312,PF,Vernon,Vernon Carey,Carey,2.7571427481515065,7,3500,MIA@CHA,CHA,MIA,,,,,,PF
56130-80805,PG,Markelle,Markelle Fultz,Fultz,26.1875,8,3500,POR@ORL,ORL,POR,O,Knee,,,,PG
56130-145318,C,Nick,Nick Richards,Richards,1.9636363983154297,11,3500,MIA@CHA,CHA,MIA,,,,,,C
56130-145316,PG,Kira,Kira Lewis,Lewis,12.096429007393974,28,3500,DEN@NO,NO,DEN,,,,,,PG
56130-145317,PG,Sam,Sam Merrill,Merrill,3.9705882352941178,17,3500,BOS@MIL,MIL,BOS,,,,,,PG
56130-145322,PF,Jalen,Jalen Smith,Smith,2.8666666666666667,15,3500,PHO@TOR,PHO,TOR,,,,,,PF
56130-145833,SG,Axel,Axel Toupane,Toupane,7.199999809265137,1,3500,BOS@MIL,MIL,BOS,,,,,,SG
56130-145326,PG,Tyrell,Tyrell Terry,Terry,3.6545455239035864,11,3500,IND@DAL,DAL,IND,O,Personal,,,,PG
56130-145325,SG,Josh,Josh Green,Green,5.404761904761905,21,3500,IND@DAL,DAL,IND,,,,,,SG
56130-80819,PF,Harry,Harry Giles,Giles,11.386956256368887,23,3500,POR@ORL,POR,ORL,,,,,,PF
56130-145335,PG,Payton,Payton Pritchard,Pritchard,13.734211168791118,38,3500,BOS@MIL,BOS,MIL,,,,,,PG
56130-145332,SF,Tyler,Tyler Bey,Bey,2.9857142312186107,7,3500,IND@DAL,DAL,IND,,,,,,SF
56130-9655,SF,JJ,JJ Redick,Redick,12.916128835370463,31,3500,IND@DAL,DAL,IND,GTD,Heel,,,,SF
56130-58295,PF,D.J.,D.J. Wilson,Wilson,8.237500190734863,16,3500,HOU@MIN,HOU,MIN,,,,,,PF
56130-145333,SG,Aaron,Aaron Nesmith,Nesmith,8.254545731977982,22,3500,BOS@MIL,BOS,MIL,,,,,,SG
56130-80825,PF,Isaiah,Isaiah Hartenstein,Hartenstein,10.016666666666667,30,3500,CLE@LAL,CLE,LAL,GTD,Not injury related,,,,PF
56130-80824,PG,Frank,Frank Jackson,Jackson,7.721428462437221,14,3500,BKN@DET,DET,BKN,,,,,,PG
56130-145336,PF,Xavier,Xavier Tillman,Tillman,17.381250381469727,32,3500,MEM@UTA,MEM,UTA,,,,,,PF
56130-145342,SG,Cassius,Cassius Stanley,Stanley,2.509090943769975,11,3500,IND@DAL,IND,DAL,,,,,,SG
56130-145343,PG,Jalen,Jalen Harris,Harris,2.9000000953674316,4,3500,PHO@TOR,TOR,PHO,,,,,,PG
56130-145340,PF,Reggie,Reggie Perry,Perry,11.153333536783855,15,3500,BKN@DET,BKN,DET,,,,,,PF
56130-145344,PG,Malachi,Malachi Flynn,Flynn,5.347368340743215,19,3500,PHO@TOR,TOR,PHO,,,,,,PG
56130-145352,SG,Trent,Trent Forrest,Forrest,2.35,10,3500,MEM@UTA,UTA,MEM,,,,,,SG
56130-40396,PG,Monte,Monte Morris,Morris,20.474999321831596,36,3500,DEN@NO,DEN,NO,O,Quadriceps,,,,PG
56130-145358,PG,Markus,Markus Howard,Howard,2.0904762631370906,21,3500,DEN@NO,DEN,NO,,,,,,PG
56130-9677,SF,Jared,Jared Dudley,Dudley,3.6636362942782315,11,3500,CLE@LAL,LAL,CLE,O,Knee,,,,SF
56130-145356,SF,Sean,Sean McDermott,McDermott,6.822222391764323,9,3500,MEM@UTA,MEM,UTA,,,,,,SF
56130-145357,PF,Lamar,Lamar Stevens,Stevens,10.744827796672952,29,3500,CLE@LAL,CLE,LAL,,,,,,PF
56130-85466,PF,Wenyen,Wenyen Gabriel,Gabriel,1.566666603088379,6,3500,DEN@NO,NO,DEN,,,,,,PF
56130-24544,SG,Gary,Gary Harris,Harris,17.75789441560444,19,3500,POR@ORL,ORL,POR,O,Thigh,,,,SG
56130-15843,PG,Trey,Trey Burke,Burke,11.448780338938644,41,3500,IND@DAL,DAL,IND,,,,,,PG
56130-96763,PG,Brandon,Brandon Goodwin,Goodwin,8.070370144314236,27,3500,ATL@GS,ATL,GS,,,,,,PG