Id,Position,First Name,Nickname,Last Name,FPPG,Played,Salary,Game,Team,Opponent,Injury Indicator,Injury Details,Tier,,,Roster Position
56217-9644,SG,James,James Harden,Harden,53.32750244140625,40,11300,MIN@BKN,BKN,MIN,,,,,,SG
56217-40199,PF,Giannis,Giannis Antetokounmpo,Antetokounmpo,55.318603515625,43,11100,MIL@LAC,MIL,LAC,,,,,,PF
56217-9642,PG,Russell,Russell Westbrook,Westbrook,48.883782464104726,37,11000,IND@WAS,WAS,IND,,,,,,PG
56217-84669,PG,Luka,Luka Doncic,Doncic,51.9875,40,10800,DAL@OKC,DAL,OKC,,,,,,PG
56217-58462,C,Karl-Anthony,Karl-Anthony Towns,Towns,46.18076735276442,26,10000,MIN@BKN,MIN,BKN,,,,,,C
56217-42669,PF,Julius,Julius Randle,Randle,44.141304347826086,46,9900,MIA@NY,NY,MIA,GTD,Thigh,,,,PF
56217-80810,PG,De'Aaron,De'Aaron Fox,Fox,42.075556098090274,45,9800,SAC@SA,SAC,SA,,,,,,PG
56217-14498,PG,Kyrie,Kyrie Irving,Irving,45.640625,32,9600,MIN@BKN,BKN,MIN,,,,,,PG
56217-14513,SF,Kawhi,Kawhi Leonard,Leonard,45.31794934395032,39,9600,MIL@LAC,LAC,MIL,,,,,,SF
56217-14528,SF,Jimmy,Jimmy Butler,Butler,46.319355626260084,31,9300,MIA@NY,MIA,NY,,,,,,SF
56217-14514,C,Nikola,Nikola Vucevic,Vucevic,46.35000212296195,46,9200,CHI@GS,CHI,GS,,,,,,C
56217-66113,SG,Donovan,Donovan Mitchell,Mitchell,40.27272727272727,44,9000,CLE@UTA,UTA,CLE,,,,,,SG
56217-110310,PF,Zion,Zion Williamson,Williamson,41.47272838245738,44,9000,NO@BOS,NO,BOS,,,,,,PF
56217-9524,PG,Stephen,Stephen Curry,Curry,45.897500610351564,40,9000,CHI@GS,GS,CHI,GTD,Lower body,,,,PG
56217-15595,SG,Bradley,Bradley Beal,Beal,45.63333275204613,42,8800,IND@WAS,WAS,IND,GTD,Hip,,,,SG
56217-9646,SF,Kevin,Kevin Durant,Durant,48.542104620682565,19,8800,MIN@BKN,BKN,MIN,O,Hamstring,,,,SF
56217-59358,PF,Domantas,Domantas Sabonis,Sabonis,43.77999945746528,45,8800,IND@WAS,IND,WAS,,,,,,PF
56217-12341,SG,Paul,Paul George,George,39.42973038956926,37,8700,MIL@LAC,LAC,MIL,,,,,,SG
56217-60021,PF,Pascal,Pascal Siakam,Siakam,39.50810942778716,37,8700,TOR@DET,TOR,DET,,,,,,PF
56217-80808,PF,Jayson,Jayson Tatum,Tatum,42.75609756097561,41,8500,NO@BOS,BOS,NO,,,,,,PF
56217-80817,C,Bam,Bam Adebayo,Adebayo,41.94750061035156,40,8500,MIA@NY,MIA,NY,,,,,,C
56217-9714,SG,DeMar,DeMar DeRozan,DeRozan,38.758334689670136,36,8400,SAC@SA,SA,SAC,,,,,,SG
56217-12332,PG,John,John Wall,Wall,36.5,31,8200,MEM@HOU,HOU,MEM,,,,,,PG
56217-40203,C,Rudy,Rudy Gobert,Gobert,40.57608695652174,46,8200,CLE@UTA,UTA,CLE,,,,,,C
56217-66048,SF,Brandon,Brandon Ingram,Ingram,38.41111111111111,45,8000,NO@BOS,NO,BOS,,,,,,SF
56217-63122,PF,Kristaps,Kristaps Porzingis,Porzingis,37.910714285714285,28,7900,DAL@OKC,DAL,OKC,,,,,,PF
56217-23447,C,Richaun,Richaun Holmes,Holmes,33.29761904761905,42,7900,SAC@SA,SAC,SA,,,,,,C
56217-15684,SG,Victor,Victor Oladipo,Oladipo,36.85172245420259,29,7800,MIA@NY,MIA,NY,O,Illness,,,,SG
56217-9663,PG,Jrue,Jrue Holiday,Holiday,33.69705738740809,34,7800,MIL@LAC,MIL,LAC,,,,,,PG
56217-42202,C,Christian,Christian Wood,Wood,40.04347826086956,23,7700,MEM@HOU,HOU,MEM,GTD,Illness,,,,C
56217-110357,SF,RJ,RJ Barrett,Barrett,30.604348887567934,46,7700,MIA@NY,NY,MIA,,,,,,SF
56217-16261,SF,Khris,Khris Middleton,Middleton,37.01818292791193,44,7700,MIL@LAC,MIL,LAC,,,,,,SF
56217-67026,SF,Jaylen,Jaylen Brown,Brown,39.02727161754262,44,7700,NO@BOS,BOS,NO,,,,,,SF
56217-23798,SG,Caris,Caris LeVert,LeVert,33.095001220703125,20,7600,IND@WAS,IND,WAS,,,,,,SG
56217-145321,SG,Anthony,Anthony Edwards,Edwards,28.00217338230299,46,7600,MIN@BKN,MIN,BKN,,,,,,SG
56217-84667,SG,Collin,Collin Sexton,Sexton,34.748716696714745,39,7500,CLE@UTA,CLE,UTA,,,,,,SG
56217-40783,SG,Zach,Zach LaVine,LaVine,41.06222330729167,45,7500,CHI@GS,CHI,GS,GTD,Ankle,,,,SG
56217-24247,SG,Fred,Fred VanVleet,VanVleet,40.09024271150915,41,7400,TOR@DET,TOR,DET,,,,,,SG
56217-14503,C,Jonas,Jonas Valanciunas,Valanciunas,35.389474969161185,38,7300,MEM@HOU,MEM,HOU,,,,,,C
56217-67708,PG,Dejounte,Dejounte Murray,Murray,34.771429152715776,42,7200,SAC@SA,SA,SAC,,,,,,PG
56217-110344,PG,Ja,Ja Morant,Morant,34.825714983258926,35,7100,MEM@HOU,MEM,HOU,,,,,,PG
56217-84680,SG,Shai,Shai Gilgeous-Alexander,Gilgeous-Alexander,39.53428431919643,35,7000,DAL@OKC,OKC,DAL,O,Foot,,,,SG
56217-49116,SG,Andrew,Andrew Wiggins,Wiggins,30.67391304347826,46,7000,CHI@GS,GS,CHI,,,,,,SG
56217-23831,PF,Jerami,Jerami Grant,Grant,36.528570265997026,42,6900,TOR@DET,DET,TOR,GTD,Quadriceps,,,,PF
56217-58153,SF,Kelly,Kelly Oubre,Oubre,28.60000055486506,44,6900,CHI@GS,GS,CHI,,,,,,SF
56217-80821,C,Jarrett,Jarrett Allen,Allen,32.41363525390625,44,6900,CLE@UTA,CLE,UTA,O,Concussion,,,,C
56217-20992,SF,Larry,Larry Nance,Nance,28.879310344827587,29,6800,CLE@UTA,CLE,UTA,,,,,,SF
56217-14507,PG,Kemba,Kemba Walker,Walker,31.603703251591437,27,6800,NO@BOS,BOS,NO,,,,,,PG
56217-110345,SF,Kevin,Kevin Porter,Porter,30.512500762939453,8,6800,MEM@HOU,HOU,MEM,,,,,,SF
56217-14510,SG,Alec,Alec Burks,Burks,24.220588235294116,34,6700,MIA@NY,NY,MIA,,,,,,SG
56217-15590,C,Mason,Mason Plumlee,Plumlee,30.537208734556685,43,6700,TOR@DET,DET,TOR,,,,,,C
56217-80806,PG,Lonzo,Lonzo Ball,Ball,31.107894094366777,38,6600,NO@BOS,NO,BOS,GTD,Hip,,,,PG
56217-15860,PF,Draymond,Draymond Green,Green,30.05640900440705,39,6600,CHI@GS,GS,CHI,,,,,,PF
56217-68090,SF,OG,OG Anunoby,Anunoby,29.75714329310826,28,6600,TOR@DET,TOR,DET,,,,,,SF
56217-117286,C,Moses,Moses Brown,Brown,22.262500762939453,16,6500,DAL@OKC,OKC,DAL,,,,,,C
56217-84708,C,Robert,Robert Williams,Williams,25.058974045973557,39,6500,NO@BOS,BOS,NO,,,,,,C
56217-9535,PG,Kyle,Kyle Lowry,Lowry,35.95263029399671,38,6500,TOR@DET,TOR,DET,GTD,Foot,,,,PG
56217-16359,PG,Malcolm,Malcolm Brogdon,Brogdon,37.657142275855655,42,6500,IND@WAS,IND,WAS,,,,,,PG
56217-110342,PG,Darius,Darius Garland,Garland,28.502702042863177,37,6300,CLE@UTA,CLE,UTA,,,,,,PG
56217-9666,PF,Thaddeus,Thaddeus Young,Young,30.147500610351564,40,6300,CHI@GS,CHI,GS,,,,,,PF
56217-23096,SF,Evan,Evan Fournier,Fournier,30.673076923076923,26,6200,NO@BOS,BOS,NO,GTD,Covid-19,,,,SF
56217-58312,SG,D'Angelo,D'Angelo Russell,Russell,32.04500122070313,20,6200,MIN@BKN,MIN,BKN,O,Knee,,,,SG
56217-110322,PG,Jordan,Jordan Poole,Poole,16.24,25,6100,CHI@GS,GS,CHI,,,,,,PG
56217-14496,PG,Ricky,Ricky Rubio,Rubio,24.813637473366477,44,6000,MIN@BKN,MIN,BKN,,,,,,PG
56217-23716,SF,Kyle,Kyle Anderson,Anderson,28.5634140386814,41,5900,MEM@HOU,MEM,HOU,,,,,,SF
56217-70827,C,Ivica,Ivica Zubac,Zubac,21.95957394863697,47,5900,MIL@LAC,LAC,MIL,,,,,,C
56217-60233,SG,Dillon,Dillon Brooks,Brooks,26.347500610351563,40,5900,MEM@HOU,MEM,HOU,,,,,,SG
56217-58378,C,Jakob,Jakob Poeltl,Poeltl,24.676743618277616,43,5800,SAC@SA,SA,SAC,,,,,,C
56217-15946,PF,Harrison,Harrison Barnes,Barnes,30.295347701671513,43,5800,SAC@SA,SAC,SA,,,,,,PF
56217-23665,SF,Buddy,Buddy Hield,Hield,28.59130328634511,46,5800,SAC@SA,SAC,SA,,,,,,SF
56217-110356,SG,Nickeil,Nickeil Alexander-Walker,Alexander-Walker,18.98378444362331,37,5800,NO@BOS,NO,BOS,,,,,,SG
56217-9575,PG,Mike,Mike Conley,Conley,30.397295977618242,37,5800,CLE@UTA,UTA,CLE,GTD,Hamstring,,,,PG
56217-101329,PG,Kendrick,Kendrick Nunn,Nunn,23.44210494192023,38,5800,MIA@NY,MIA,NY,O,Ankle,,,,PG
56217-49675,PG,Derrick,Derrick White,White,25.06842041015625,19,5700,SAC@SA,SA,SAC,,,,,,PG
56217-110312,SG,Tyler,Tyler Herro,Herro,28.011429268973213,35,5700,MIA@NY,MIA,NY,,,,,,SG
56217-58253,C,Myles,Myles Turner,Turner,34.01219512195122,41,5700,IND@WAS,IND,WAS,,,,,,C
56217-15846,SG,Tim,Tim Hardaway,Hardaway,24.618604083393894,43,5700,DAL@OKC,DAL,OKC,,,,,,SG
56217-66064,SF,Malik,Malik Beasley,Beasley,31.011765423943014,34,5600,MIN@BKN,MIN,BKN,,,,,,SF
56217-145576,PF,Jae'Sean,Jae'Sean Tate,Tate,23.728889973958335,45,5600,MEM@HOU,HOU,MEM,,,,,,PF
56217-23670,SG,Marcus,Marcus Smart,Smart,28.925925925925927,27,5500,NO@BOS,BOS,NO,,,,,,SG
56217-9475,PG,Derrick,Derrick Rose,Rose,25.56538508488582,26,5500,MIA@NY,NY,MIA,,,,,,PG
56217-110349,SF,Rui,Rui Hachimura,Hachimura,24.399999670080238,37,5500,IND@WAS,WAS,IND,,,,,,SF
56217-59318,SG,Joe,Joe Ingles,Ingles,24.09512254668445,41,5500,CLE@UTA,UTA,CLE,,,,,,SG
56217-145337,SG,Tyrese,Tyrese Haliburton,Haliburton,28.464999389648437,40,5500,SAC@SA,SAC,SA,,,,,,SG
56217-23169,C,Steven,Steven Adams,Adams,24.819048200334823,42,5400,NO@BOS,NO,BOS,,,,,,C
56217-110353,PF,Brandon,Brandon Clarke,Clarke,26.19210494192023,38,5400,MEM@HOU,MEM,HOU,,,,,,PF
56217-23825,C,Nerlens,Nerlens Noel,Noel,21.10749969482422,40,5400,MIA@NY,NY,MIA,,,,,,C
56217-40830,SG,Delon,Delon Wright,Wright,27.9702709301098,37,5400,SAC@SA,SAC,SA,,,,,,SG
56217-40562,SG,Josh,Josh Hart,Hart,23.92222222222222,45,5300,NO@BOS,NO,BOS,,,,,,SG
56217-84681,SG,Donte,Donte DiVincenzo,DiVincenzo,24.34318126331676,44,5300,MIL@LAC,MIL,LAC,,,,,,SG
56217-84709,C,Mitchell,Mitchell Robinson,Robinson,25.73871046496976,31,5300,MIA@NY,NY,MIA,O,Foot,,,,C
56217-9621,C,Brook,Brook Lopez,Lopez,23.764444986979168,45,5300,MIL@LAC,MIL,LAC,,,,,,C
56217-22541,C,Kelly,Kelly Olynyk,Olynyk,24.079545454545453,44,5200,MEM@HOU,HOU,MEM,,,,,,C
56217-97018,PG,Chris,Chris Chiozza,Chiozza,10.731249809265137,16,5200,MIN@BKN,BKN,MIN,,,,,,PG
56217-23294,SF,Danuel,Danuel House,House,19.962962962962962,27,5200,MEM@HOU,HOU,MEM,,,,,,SF
56217-145536,PG,Theo,Theo Maledon,Maledon,18.761538774539265,39,5100,DAL@OKC,OKC,DAL,,,,,,PG
56217-84679,PF,Marvin,Marvin Bagley,Bagley,25.87837837837838,37,5100,SAC@SA,SAC,SA,O,Hand,,,,PF
56217-110637,PF,Darius,Darius Bazley,Bazley,24.77777777777778,36,5000,DAL@OKC,OKC,DAL,GTD,Shoulder,,,,PF
56217-12368,PF,Nemanja,Nemanja Bjelica,Bjelica,14.711538461538462,26,5000,MIA@NY,MIA,NY,,,,,,PF
56217-20640,PG,Jordan,Jordan Clarkson,Clarkson,26.71333279079861,45,5000,CLE@UTA,UTA,CLE,,,,,,PG
56217-111273,SF,Luguentz,Luguentz Dort,Dort,21.273171029439787,41,5000,DAL@OKC,OKC,DAL,GTD,Concussion,,,,SF
56217-84690,PG,Jalen,Jalen Brunson,Brunson,21.80500030517578,40,5000,DAL@OKC,DAL,OKC,,,,,,PG
56217-110347,SF,Keldon,Keldon Johnson,Johnson,26.32250061035156,40,5000,SAC@SA,SA,SAC,,,,,,SF
56217-16233,SF,Josh,Josh Richardson,Richardson,23.72571498325893,35,5000,DAL@OKC,DAL,OKC,,,,,,SF
56217-145348,PG,Immanuel,Immanuel Quickley,Quickley,20.346341761147105,41,5000,MIA@NY,NY,MIA,,,,,,PG
56217-68203,C,Chris,Chris Boucher,Boucher,29.22826086956522,46,4900,TOR@DET,TOR,DET,,,,,,C
56217-42156,PF,Bobby,Bobby Portis,Portis,23.52558082757994,43,4900,MIL@LAC,MIL,LAC,O,Covid-19,,,,PF
56217-9957,PF,Serge,Serge Ibaka,Ibaka,24.6974362104367,39,4900,MIL@LAC,LAC,MIL,O,Back,,,,PF
56217-145538,PF,Aleksej,Aleksej Pokusevski,Pokusevski,16.919230534480167,26,4800,DAL@OKC,OKC,DAL,,,,,,PF
56217-40262,SG,Sterling,Sterling Brown,Brown,18.1046511627907,43,4800,MEM@HOU,HOU,MEM,,,,,,SG
56217-9560,PF,Blake,Blake Griffin,Griffin,24.056521208389945,23,4800,MIN@BKN,BKN,MIN,,,,,,PF
56217-9577,PF,Rudy,Rudy Gay,Gay,21.88333299424913,36,4800,SAC@SA,SA,SAC,,,,,,PF
56217-80812,PF,Lauri,Lauri Markkanen,Markkanen,27.40833282470703,24,4800,CHI@GS,CHI,GS,GTD,Calf,,,,PF
56217-145328,SF,Saddiq,Saddiq Bey,Bey,19.06511599518532,43,4800,TOR@DET,DET,TOR,,,,,,SF
56217-80823,PF,Tony,Tony Bradley,Bradley,15.514999389648438,20,4800,DAL@OKC,OKC,DAL,GTD,Not injury related,,,,PF
56217-9673,PG,Goran,Goran Dragic,Dragic,24.871429443359375,28,4800,MIA@NY,MIA,NY,GTD,Back,,,,PG
56217-9688,PF,LaMarcus,LaMarcus Aldridge,Aldridge,24.419047037760418,21,4800,MIN@BKN,BKN,MIN,GTD,Not injury related,,,,PF
56217-18393,PG,T.J.,T.J. McConnell,McConnell,25.912195717416157,41,4800,IND@WAS,IND,WAS,,,,,,PG
56217-16363,SF,Joe,Joe Harris,Harris,22.52608589504076,46,4800,MIN@BKN,BKN,MIN,,,,,,SF
56217-84695,SG,Gary,Gary Trent,Trent,21.68837152525436,43,4700,TOR@DET,TOR,DET,,,,,,SG
56217-84711,SG,Grayson,Grayson Allen,Allen,19.909677813130042,31,4700,MEM@HOU,MEM,HOU,,,,,,SG
56217-110346,PF,Isaiah,Isaiah Roby,Roby,20.992308005308495,39,4700,DAL@OKC,OKC,DAL,,,,,,PF
56217-80814,PG,Dennis,Dennis Smith,Smith,19.42105263157895,19,4700,TOR@DET,DET,TOR,O,Back,,,,PG
56217-15947,SG,Reggie,Reggie Bullock,Bullock,17.484616010616985,39,4600,MIA@NY,NY,MIA,GTD,Ankle,,,,SG
56217-15993,SG,Pat,Pat Connaughton,Connaughton,17.540476481119793,42,4600,MIL@LAC,MIL,LAC,,,,,,SG
56217-110326,PG,Coby,Coby White,White,27.277271617542613,44,4600,CHI@GS,CHI,GS,,,,,,PG
56217-110354,PF,Nicolas,Nicolas Claxton,Claxton,21.278570992606028,14,4600,MIN@BKN,BKN,MIN,,,,,,PF
56217-18338,PF,Royce,Royce O'Neale,O'Neale,22.13999972873264,45,4600,CLE@UTA,UTA,CLE,,,,,,PF
56217-23097,PG,Tomas,Tomas Satoransky,Satoransky,18.97878750887784,33,4500,CHI@GS,CHI,GS,,,,,,PG
56217-145533,PF,Kenyon,Kenyon Martin,Martin,17.52777777777778,18,4500,MEM@HOU,HOU,MEM,,,,,,PF
56217-85137,SG,Duncan,Duncan Robinson,Robinson,20.91956495202106,46,4500,MIA@NY,MIA,NY,,,,,,SG
56217-14512,PF,Marcus,Marcus Morris,Morris,19.97777811686198,36,4500,MIL@LAC,LAC,MIL,,,,,,PF
56217-19138,PG,Elfrid,Elfrid Payton,Payton,23.12162162162162,37,4500,MIA@NY,NY,MIA,,,,,,PG
56217-84702,SG,Lonnie,Lonnie Walker,Walker,18.921620961782093,37,4500,SAC@SA,SA,SAC,O,Wrist,,,,SG
56217-81529,PF,Daniel,Daniel Theis,Theis,22.011904761904763,42,4400,CHI@GS,CHI,GS,GTD,Personal,,,,PF
56217-18600,PG,Tyler,Tyler Johnson,Johnson,9.944444444444445,27,4400,MIN@BKN,BKN,MIN,,,,,,PG
56217-84694,SG,Bruce,Bruce Brown,Brown,17.990475609188987,42,4400,MIN@BKN,BKN,MIN,,,,,,SG
56217-85305,SF,Kenrich,Kenrich Williams,Williams,16.517777506510416,45,4400,DAL@OKC,OKC,DAL,,,,,,SF
56217-9538,PF,Trevor,Trevor Ariza,Ariza,19.660000610351563,5,4400,MIA@NY,MIA,NY,,,,,,PF
56217-16196,C,Dwight,Dwight Powell,Powell,11.754838512789819,31,4400,DAL@OKC,DAL,OKC,,,,,,C
56217-9556,SF,Eric,Eric Gordon,Gordon,25.44814724392361,27,4400,MEM@HOU,HOU,MEM,O,Groin,,,,SF
56217-9561,C,DeAndre,DeAndre Jordan,Jordan,22.240908536044035,44,4400,MIN@BKN,BKN,MIN,,,,,,C
56217-145313,PF,Jordan,Jordan Nwora,Nwora,9.114285605294365,14,4400,MIL@LAC,MIL,LAC,,,,,,PF
56217-12363,C,Hassan,Hassan Whiteside,Whiteside,19.814285278320312,28,4300,SAC@SA,SAC,SA,GTD,Knee,,,,C
56217-14523,PG,Reggie,Reggie Jackson,Jackson,17.561363913796164,44,4300,MIL@LAC,LAC,MIL,,,,,,PG
56217-117779,PF,Juan,Juan Toscano-Anderson,Toscano-Anderson,16.029032061176917,31,4200,CHI@GS,GS,CHI,,,,,,PF
56217-9874,PF,Kevin,Kevin Love,Love,11.524999618530273,4,4200,CLE@UTA,CLE,UTA,O,Calf,,,,PF
56217-42733,SF,David,David Nwaba,Nwaba,20.00333251953125,30,4200,MEM@HOU,HOU,MEM,O,Wrist,,,,SF
56217-9481,PF,Taj,Taj Gibson,Gibson,14.636842426500822,19,4200,MIA@NY,NY,MIA,,,,,,PF
56217-145307,PF,Isaiah,Isaiah Stewart,Stewart,18.097674702489098,43,4200,TOR@DET,DET,TOR,,,,,,PF
56217-80809,SG,Josh,Josh Jackson,Jackson,23.86829208746189,41,4200,TOR@DET,DET,TOR,,,,,,SG
56217-9648,PF,Jeff,Jeff Green,Green,17.990475609188987,42,4200,MIN@BKN,BKN,MIN,,,,,,PF
56217-12355,PG,Eric,Eric Bledsoe,Bledsoe,22.71818126331676,44,4100,NO@BOS,NO,BOS,,,,,,PG
56217-9809,SF,Nicolas,Nicolas Batum,Batum,21.563636086203836,44,4100,MIL@LAC,LAC,MIL,,,,,,SF
56217-63126,SF,Cedi,Cedi Osman,Osman,20.37727217240767,44,4100,CLE@UTA,CLE,UTA,,,,,,SF
56217-14501,C,Tristan,Tristan Thompson,Thompson,20.705556233723957,36,4100,NO@BOS,BOS,NO,O,Covid-19,,,,C
56217-15542,SG,Spencer,Spencer Dinwiddie,Dinwiddie,17.6999994913737,3,4100,MIN@BKN,BKN,MIN,O,Knee,,,,SG
56217-14530,SF,Bojan,Bojan Bogdanovic,Bogdanovic,22.268888346354167,45,4100,CLE@UTA,UTA,CLE,,,,,,SF
56217-15559,SG,Jeremy,Jeremy Lamb,Lamb,20.42962872540509,27,4100,IND@WAS,IND,WAS,,,,,,SG
56217-81621,PF,Maxi,Maxi Kleber,Kleber,19.71875,32,4100,DAL@OKC,DAL,OKC,,,,,,PF
56217-84699,PG,Hamidou,Hamidou Diallo,Diallo,23.7242431640625,33,4100,TOR@DET,DET,TOR,,,,,,PG
56217-84703,SG,De'Anthony,De'Anthony Melton,Melton,21.451612903225808,31,4100,MEM@HOU,MEM,HOU,,,,,,SG
56217-110315,SG,Terance,Terance Mann,Mann,13.456817626953125,44,4100,MIL@LAC,LAC,MIL,,,,,,SG
56217-110318,PF,Grant,Grant Williams,Williams,12.349999678762336,38,4100,NO@BOS,BOS,NO,,,,,,PF
56217-110331,SG,Ty,Ty Jerome,Jerome,20.400000939002403,13,4100,DAL@OKC,OKC,DAL,,,,,,SG
56217-111372,SF,Thanasis,Thanasis Antetokounmpo,Antetokounmpo,8.096970066879734,33,4100,MIL@LAC,MIL,LAC,,,,,,SF
56217-15904,SG,Rodney,Rodney Hood,Hood,10.042500305175782,40,4000,TOR@DET,TOR,DET,,,,,,SG
56217-14529,PG,Cory,Cory Joseph,Joseph,15.378261400305707,46,4000,TOR@DET,DET,TOR,,,,,,PG
56217-58084,SF,Justise,Justise Winslow,Winslow,17.524999618530273,16,4000,MEM@HOU,MEM,HOU,,,,,,SF
56217-110317,PG,Jaylen,Jaylen Nowell,Nowell,17.440624237060547,32,4000,MIN@BKN,MIN,BKN,,,,,,PG
56217-9466,PG,D.J.,D.J. Augustin,Augustin,13.711905343191964,42,4000,MEM@HOU,HOU,MEM,,,,,,PG
56217-58270,PG,Edmond,Edmond Sumner,Sumner,9.106451219128024,31,4000,IND@WAS,IND,WAS,,,,,,PG
56217-145314,PF,Precious,Precious Achiuwa,Achiuwa,12.284090909090908,44,4000,MIA@NY,MIA,NY,,,,,,PF
56217-145347,C,James,James Wiseman,Wiseman,22.0625,32,4000,CHI@GS,GS,CHI,,,,,,C
56217-58350,SF,Stanley,Stanley Johnson,Johnson,9.594999694824219,40,4000,TOR@DET,TOR,DET,,,,,,SF
56217-23120,SF,T.J.,T.J. Warren,Warren,22.075000762939453,4,3900,IND@WAS,IND,WAS,O,Foot,,,,SF
56217-49336,SG,DeAndre',DeAndre' Bembry,Bembry,12.418749809265137,32,3900,TOR@DET,TOR,DET,GTD,Covid-19,,,,SG
56217-12474,PG,Patrick,Patrick Beverley,Beverley,19.875862910829742,29,3900,MIL@LAC,LAC,MIL,O,Knee,,,,PG
56217-9956,SG,Wayne,Wayne Ellington,Ellington,16.439393939393938,33,3900,TOR@DET,DET,TOR,,,,,,SG
56217-63826,C,Boban,Boban Marjanovic,Marjanovic,10.538095383417039,21,3900,DAL@OKC,DAL,OKC,,,,,,C
56217-15727,SG,Ben,Ben McLemore,McLemore,12.716129426033266,31,3900,MEM@HOU,HOU,MEM,,,,,,SG
56217-15814,C,Alex,Alex Len,Len,15.152777777777779,36,3900,IND@WAS,WAS,IND,,,,,,C
56217-101387,PG,Gabe,Gabe Vincent,Vincent,10.377419748613912,31,3800,MIA@NY,MIA,NY,GTD,Knee,,,,PG
56217-12351,C,Derrick,Derrick Favors,Favors,17.84651219567587,43,3800,CLE@UTA,UTA,CLE,,,,,,C
56217-67707,PF,Marquese,Marquese Chriss,Chriss,17.799999237060547,2,3800,SAC@SA,SA,SAC,O,Lower leg,,,,PF
56217-9873,C,Robin,Robin Lopez,Lopez,16.113636363636363,44,3800,IND@WAS,WAS,IND,,,,,,C
56217-63127,C,Willy,Willy Hernangomez,Hernangomez,17.21199951171875,25,3800,NO@BOS,NO,BOS,,,,,,C
56217-14543,PF,Davis,Davis Bertans,Bertans,17.462857491629464,35,3800,IND@WAS,WAS,IND,O,Calf,,,,PF
56217-9939,SG,Patty,Patty Mills,Mills,19.8500002906436,42,3800,SAC@SA,SA,SAC,,,,,,SG
56217-16604,SF,Justin,Justin Holiday,Holiday,22.477272727272727,44,3800,IND@WAS,IND,WAS,,,,,,SF
56217-84714,PF,Moritz,Moritz Wagner,Wagner,14.566666214554399,27,3800,NO@BOS,BOS,NO,,,,,,PF
56217-23788,PG,Bryn,Bryn Forbes,Forbes,11.98181845925071,44,3800,MIL@LAC,MIL,LAC,,,,,,PG
56217-110325,PF,Daniel,Daniel Gafford,Gafford,13.690625190734863,32,3800,IND@WAS,WAS,IND,,,,,,PF
56217-110358,SG,Kyle,Kyle Guy,Guy,6.7055553860134545,18,3800,SAC@SA,SAC,SA,,,,,,SG
56217-110883,PF,Dean,Dean Wade,Wade,10.302631578947368,38,3800,CLE@UTA,CLE,UTA,,,,,,PF
56217-19781,SF,Kent,Kent Bazemore,Bazemore,14.368182095614346,44,3800,CHI@GS,GS,CHI,,,,,,SF
56217-145345,PG,Nico,Nico Mannion,Mannion,13.206250190734863,16,3800,CHI@GS,GS,CHI,,,,,,PG
56217-16376,SF,Dorian,Dorian Finney-Smith,Finney-Smith,19.966667406486742,33,3800,DAL@OKC,DAL,OKC,,,,,,SF
56217-12342,PF,Al-Farouq,Al-Farouq Aminu,Aminu,16.927778455946182,18,3700,CHI@GS,CHI,GS,,,,,,PF
56217-58461,PF,Trey,Trey Lyles,Lyles,11.052173780358356,23,3700,SAC@SA,SA,SAC,,,,,,PF
56217-70822,PF,Juancho,Juancho Hernangomez,Hernangomez,14.333333333333334,27,3700,MIN@BKN,MIN,BKN,,,,,,PF
56217-84689,SF,Josh,Josh Okogie,Okogie,12.941666497124565,36,3700,MIN@BKN,MIN,BKN,O,Covid-19,,,,SF
56217-145623,PF,Mamadi,Mamadi Diakite,Diakite,11.399999618530273,4,3700,MIL@LAC,MIL,LAC,,,,,,PF
56217-84713,SG,Svi,Svi Mykhailiuk,Mykhailiuk,13.670731707317072,41,3700,DAL@OKC,OKC,DAL,,,,,,SG
56217-18256,SF,Doug,Doug McDermott,McDermott,20.26976687409157,43,3700,IND@WAS,IND,WAS,GTD,Ankle,,,,SF
56217-145310,PG,Saben,Saben Lee,Lee,13.595832824707031,24,3700,TOR@DET,DET,TOR,,,,,,PG
56217-145319,PF,Jaden,Jaden McDaniels,McDaniels,15.14102564102564,39,3700,MIN@BKN,MIN,BKN,,,,,,PF
56217-145316,PG,Kira,Kira Lewis,Lewis,12.483333333333333,30,3700,NO@BOS,NO,BOS,,,,,,PG
56217-145317,PG,Sam,Sam Merrill,Merrill,5.947368421052632,19,3700,MIL@LAC,MIL,LAC,,,,,,PG
56217-145335,PG,Payton,Payton Pritchard,Pritchard,14.060000610351562,40,3700,NO@BOS,BOS,NO,,,,,,PG
56217-48598,SF,Semi,Semi Ojeleye,Ojeleye,10.384999847412109,40,3700,NO@BOS,BOS,NO,O,Hip,,,,SF
56217-111622,SF,Garrison,Garrison Mathews,Mathews,11.87631546823602,38,3600,IND@WAS,WAS,IND,,,,,,SF
56217-37931,C,Aron,Aron Baynes,Baynes,14.76976687409157,43,3600,TOR@DET,TOR,DET,,,,,,C
56217-112710,C,Tacko,Tacko Fall,Fall,8.5,12,3600,NO@BOS,BOS,NO,,,,,,C
56217-85597,PG,Jordan,Jordan McLaughlin,McLaughlin,17.357691838191105,26,3600,MIN@BKN,MIN,BKN,,,,,,PG
56217-23676,PG,Damyean,Damyean Dotson,Dotson,12.947059182559743,34,3600,CLE@UTA,CLE,UTA,,,,,,PG
56217-145539,SF,Deni,Deni Avdija,Avdija,14.99499969482422,40,3600,IND@WAS,WAS,IND,,,,,,SF
56217-58576,C,Kevon,Kevon Looney,Looney,13.125714111328126,35,3600,CHI@GS,GS,CHI,,,,,,C
56217-84701,C,Chimezie,Chimezie Metu,Metu,9.599999564034599,14,3600,SAC@SA,SAC,SA,,,,,,C
56217-58081,PG,Tyus,Tyus Jones,Jones,18.732558139534884,43,3600,MEM@HOU,MEM,HOU,,,,,,PG
56217-110340,C,Jaxson,Jaxson Hayes,Hayes,12.109091094045928,33,3600,NO@BOS,NO,BOS,GTD,Wrist,,,,C
56217-40208,PG,Raul,Raul Neto,Neto,16.943589430588943,39,3600,IND@WAS,WAS,IND,,,,,,PG
56217-145737,SG,Brodric,Brodric Thomas,Thomas,9.19999972256747,11,3600,CLE@UTA,CLE,UTA,,,,,,SG
56217-110995,C,Naz,Naz Reid,Reid,22.51818154074929,44,3600,MIN@BKN,MIN,BKN,,,,,,C
56217-145308,SF,Patrick,Patrick Williams,Williams,20.08139534883721,43,3600,CHI@GS,CHI,GS,,,,,,SF
56217-145334,SG,Desmond,Desmond Bane,Bane,15.958974984975962,39,3600,MEM@HOU,MEM,HOU,,,,,,SG
56217-58295,PF,D.J.,D.J. Wilson,Wilson,9.161110772026909,18,3600,MEM@HOU,HOU,MEM,,,,,,PF
56217-145341,SG,Isaac,Isaac Okoro,Okoro,16.973171327172256,41,3600,CLE@UTA,CLE,UTA,,,,,,SG
56217-9664,SF,Andre,Andre Iguodala,Iguodala,15.514285132998513,42,3600,MIA@NY,MIA,NY,,,,,,SF
56217-85521,SG,Theo,Theo Pinson,Pinson,0.3769230842590332,13,3500,MIA@NY,NY,MIA,,,,,,SG
56217-101393,SG,Paul,Paul Watson,Watson,6.0625,24,3500,TOR@DET,TOR,DET,GTD,Covid-19,,,,SG
56217-23572,SF,Taurean,Taurean Prince,Prince,18.096551303205818,29,3500,CLE@UTA,CLE,UTA,GTD,Shoulder,,,,SF
56217-117273,SF,Mychal,Mychal Mulder,Mulder,6.62105279219778,38,3500,CHI@GS,GS,CHI,,,,,,SF
56217-117274,PF,Chris,Chris Silva,Silva,7.090909090909091,11,3500,SAC@SA,SAC,SA,,,,,,PF
56217-117283,SF,Oshae,Oshae Brissett,Brissett,4.56315773411801,19,3500,IND@WAS,IND,WAS,,,,,,SF
56217-117289,PF,Juwan,Juwan Morgan,Morgan,2.8000000401547083,19,3500,CLE@UTA,UTA,CLE,,,,,,PF
56217-12334,SG,Avery,Avery Bradley,Bradley,14.260000610351563,10,3500,MEM@HOU,HOU,MEM,GTD,Calf,,,,SG
56217-110639,PF,Sekou,Sekou Doumbouya,Doumbouya,7.602500152587891,40,3500,TOR@DET,DET,TOR,,,,,,PF
56217-110638,SF,Deividas,Deividas Sirvydis,Sirvydis,1.2374999523162842,8,3500,TOR@DET,DET,TOR,,,,,,SF
56217-110640,PF,Luka,Luka Samanic,Samanic,7.775000095367432,16,3500,SAC@SA,SA,SAC,,,,,,PF
56217-12340,PF,Patrick,Patrick Patterson,Patterson,8.799999660915798,18,3500,MIL@LAC,LAC,MIL,,,,,,PF
56217-117307,SF,DaQuan,DaQuan Jeffries,Jeffries,7.981249809265137,16,3500,SAC@SA,SAC,SA,,,,,,SF
56217-117819,PG,Jared,Jared Harper,Harper,0,3,3500,MIA@NY,NY,MIA,,,,,,PG
56217-112709,SG,Javonte,Javonte Green,Green,9.334615267240084,26,3500,CHI@GS,CHI,GS,,,,,,SG
56217-112708,SF,Max,Max Strus,Strus,9.125,24,3500,MIA@NY,MIA,NY,,,,,,SF
56217-12365,C,Ed,Ed Davis,Davis,12.731578626130757,19,3500,MIN@BKN,MIN,BKN,,,,,,C
56217-145489,PG,Killian,Killian Hayes,Hayes,9.728571210588727,7,3500,TOR@DET,DET,TOR,O,Hip,,,,PG
56217-20064,PG,Matthew,Matthew Dellavedova,Dellavedova,9.543859649122806,57,3500,CLE@UTA,CLE,UTA,O,Abdomen,,,,PG
56217-110697,PF,Nicolo,Nicolo Melli,Melli,7.813636086203835,22,3500,DAL@OKC,DAL,OKC,,,,,,PF
56217-23156,PF,Georges,Georges Niang,Niang,9.446666802300347,45,3500,CLE@UTA,UTA,CLE,,,,,,PF
56217-41077,SG,Sindarius,Sindarius Thornwell,Thornwell,3.0714285714285716,14,3500,NO@BOS,NO,BOS,,,,,,SG
56217-116340,SG,Terence,Terence Davis,Davis,12.145714460100447,35,3500,SAC@SA,SAC,SA,,,,,,SG
56217-41083,PF,Luke,Luke Kornet,Kornet,6.464285714285714,14,3500,NO@BOS,BOS,NO,,,,,,PF
56217-145532,SG,Jay,Jay Scrubb,Scrubb,,,3500,MIL@LAC,LAC,MIL,O,Foot,,,,SG
56217-145548,PF,Anthony,Anthony Gill,Gill,4.061538402850811,13,3500,IND@WAS,WAS,IND,,,,,,PF
56217-70825,SF,Timothe,Timothe Luwawu-Cabarrot,Luwawu-Cabarrot,13.682050656049679,39,3500,MIN@BKN,BKN,MIN,,,,,,SF
56217-14509,SG,Klay,Klay Thompson,Thompson,,,3500,CHI@GS,GS,CHI,O,Achilles,,,,SG
56217-145588,SF,Anthony,Anthony Lamb,Lamb,7.300000190734863,8,3500,MEM@HOU,HOU,MEM,,,,,,SF
56217-23740,PG,Ryan,Ryan Arcidiacono,Arcidiacono,7.477777551721643,27,3500,CHI@GS,CHI,GS,,,,,,PG
56217-84668,SF,Troy,Troy Brown,Brown,9.563636086203836,22,3500,CHI@GS,CHI,GS,,,,,,SF
56217-84674,SF,Kevin,Kevin Knox,Knox,8.253125190734863,32,3500,MIA@NY,NY,MIA,,,,,,SF
56217-84677,PG,Jerome,Jerome Robinson,Robinson,11.021428789411273,14,3500,IND@WAS,WAS,IND,,,,,,PG
56217-84683,PF,Jaren,Jaren Jackson,Jackson,29.97931118669181,58,3500,MEM@HOU,MEM,HOU,O,Knee,,,,PF
56217-84688,SF,Keita,Keita Bates-Diop,Bates-Diop,5.53125,16,3500,SAC@SA,SA,SAC,O,Hamstring,,,,SF
56217-84700,PF,Rodions,Rodions Kurucs,Kurucs,3.924999952316284,16,3500,MIL@LAC,MIL,LAC,O,Oblique,,,,PF
56217-15582,PG,Quinn,Quinn Cook,Cook,5.713043212890625,23,3500,CLE@UTA,CLE,UTA,,,,,,PG
56217-12511,PG,Ish,Ish Smith,Smith,18.48421116879112,19,3500,IND@WAS,WAS,IND,O,Quadriceps,,,,PG
56217-84707,SF,Chandler,Chandler Hutchison,Hutchison,5.857142857142857,7,3500,IND@WAS,WAS,IND,,,,,,SF
56217-145632,PF,Killian,Killian Tillie,Tillie,6.540000152587891,5,3500,MEM@HOU,MEM,HOU,,,,,,PF
56217-58083,C,Jahlil,Jahlil Okafor,Okafor,7.991666793823242,12,3500,TOR@DET,DET,TOR,O,Knee,,,,C
56217-23780,SF,Jake,Jake Layman,Layman,12.248485218394887,33,3500,MIN@BKN,MIN,BKN,,,,,,SF
56217-110309,SF,KZ,KZ Okpala,Okpala,6.94,25,3500,MIA@NY,MIA,NY,O,Covid-19,,,,SF
56217-110308,SF,Jarrell,Jarrell Brantley,Brantley,2.8857143947056363,14,3500,CLE@UTA,UTA,CLE,,,,,,SF
56217-15592,PG,Austin,Austin Rivers,Rivers,13.685713995070685,21,3500,DAL@OKC,OKC,DAL,,,,,,PG
56217-110827,SG,Matt,Matt Thomas,Thomas,3.99629635281033,27,3500,CLE@UTA,UTA,CLE,,,,,,SG
56217-110829,SG,Brian,Brian Bowen,Bowen,1.3999999364217122,3,3500,IND@WAS,IND,WAS,,,,,,SG
56217-9453,PF,Al,Al Horford,Horford,31.735713413783483,28,3500,DAL@OKC,OKC,DAL,O,Coach's decision,,,,PF
56217-9966,PF,James,James Johnson,Johnson,15.800000420932111,29,3500,NO@BOS,NO,BOS,,,,,,PF
56217-84719,SG,Aaron,Aaron Holiday,Holiday,12.178571428571429,42,3500,IND@WAS,IND,WAS,,,,,,SG
56217-110319,PG,Tremont,Tremont Waters,Waters,7.841666539510091,12,3500,NO@BOS,BOS,NO,,,,,,PG
56217-9455,PG,Rajon,Rajon Rondo,Rondo,12.537037037037036,27,3500,MIL@LAC,LAC,MIL,O,Groin,,,,PG
56217-84718,PF,Alize,Alize Johnson,Johnson,50.5,1,3500,MIN@BKN,BKN,MIN,,,,,,PF
56217-84721,PF,Jarred,Jarred Vanderbilt,Vanderbilt,17.89999944513494,44,3500,MIN@BKN,MIN,BKN,,,,,,PF
56217-110321,SG,Romeo,Romeo Langford,Langford,5.771874904632568,32,3500,NO@BOS,BOS,NO,O,Covid-19,,,,SG
56217-67312,C,Thomas,Thomas Bryant,Bryant,26.370001220703124,10,3500,IND@WAS,WAS,IND,O,Knee,,,,C
56217-110323,C,Eric,Eric Paschall,Paschall,15.449999357524671,38,3500,CHI@GS,GS,CHI,,,,,,C
56217-84722,PF,Isaac,Isaac Bonga,Bonga,6.237930824016702,29,3500,IND@WAS,WAS,IND,,,,,,PF
56217-84724,SG,Landry,Landry Shamet,Shamet,12.782051282051283,39,3500,MIN@BKN,BKN,MIN,O,Ankle,,,,SG
56217-110324,SG,Miye,Miye Oni,Oni,4.951612903225806,31,3500,CLE@UTA,UTA,CLE,,,,,,SG
56217-85238,SG,Yuta,Yuta Watanabe,Watanabe,9.062962849934896,27,3500,TOR@DET,TOR,DET,,,,,,SG
56217-110333,SF,Jarrett,Jarrett Culver,Culver,13.778260604194973,23,3500,MIN@BKN,MIN,BKN,,,,,,SF
56217-110332,PG,Carsen,Carsen Edwards,Edwards,8.072222391764322,18,3500,NO@BOS,BOS,NO,,,,,,PG
56217-110334,SG,Justin,Justin James,James,3.668181679465554,22,3500,SAC@SA,SAC,SA,,,,,,SG
56217-110341,SG,Dylan,Dylan Windler,Windler,12.899999803112399,31,3500,CLE@UTA,CLE,UTA,,,,,,SG
56217-110348,SG,Quinndary,Quinndary Weatherspoon,Weatherspoon,2.2600000381469725,10,3500,SAC@SA,SA,SAC,,,,,,SG
56217-23823,C,Willie,Willie Cauley-Stein,Cauley-Stein,14.628571428571428,35,3500,DAL@OKC,DAL,OKC,O,Covid-19,,,,C
56217-55055,PG,Dante,Dante Exum,Exum,12.316666920979818,6,3500,MEM@HOU,HOU,MEM,O,Calf,,,,PG
56217-111376,SG,John,John Konchar,Konchar,12.472726995294744,22,3500,MEM@HOU,MEM,HOU,,,,,,SG
56217-58134,SF,Justin,Justin Jackson,Jackson,12.4,30,3500,DAL@OKC,OKC,DAL,,,,,,SF
56217-110359,C,Goga,Goga Bitadze,Bitadze,10.955999755859375,25,3500,IND@WAS,IND,WAS,,,,,,C
56217-115994,PF,Tyler,Tyler Cook,Cook,4.155555725097656,9,3500,TOR@DET,DET,TOR,,,,,,PF
56217-110365,PF,Alen,Alen Smailagic,Smailagic,1.25,4,3500,CHI@GS,GS,CHI,,,,,,PF
56217-110881,C,Vincent,Vincent Poirier,Poirier,3.279999923706055,10,3500,MIA@NY,NY,MIA,,,,,,C
56217-58658,SG,Patrick,Patrick McCaw,McCaw,4.1200000762939455,5,3500,TOR@DET,TOR,DET,GTD,Knee,,,,SG
56217-110882,SG,Adam,Adam Mokoka,Mokoka,3.422222137451172,9,3500,CHI@GS,CHI,GS,,,,,,SG
56217-48940,SG,Wes,Wes Iwundu,Iwundu,6.382608828337296,23,3500,NO@BOS,NO,BOS,,,,,,SG
56217-16178,SF,Maurice,Maurice Harkless,Harkless,4.858333269755046,12,3500,SAC@SA,SAC,SA,,,,,,SF
56217-119602,SF,Jontay,Jontay Porter,Porter,9.449999809265137,2,3500,MEM@HOU,MEM,HOU,,,,,,SF
56217-16183,PF,JaKarr,JaKarr Sampson,Sampson,5.28125,16,3500,IND@WAS,IND,WAS,,,,,,PF
56217-11074,SF,Garrett,Garrett Temple,Temple,18.447221544053818,36,3500,CHI@GS,CHI,GS,,,,,,SF
56217-145738,SG,Nate,Nate Hinton,Hinton,3.288888931274414,9,3500,DAL@OKC,DAL,OKC,,,,,,SG
56217-145745,C,Will,Will Magnay,Magnay,-1,1,3500,NO@BOS,NO,BOS,,,,,,C
56217-23407,PF,P.J.,P.J. Tucker,Tucker,14.622856794084822,35,3500,MIL@LAC,MIL,LAC,O,Calf,,,,PF
56217-9589,PF,Udonis,Udonis Haslem,Haslem,7.925000190734863,4,3500,MIA@NY,MIA,NY,O,Covid-19,,,,PF
56217-66424,C,Justin,Justin Patton,Patton,17.215384850135216,13,3500,MEM@HOU,HOU,MEM,,,,,,C
56217-9598,PF,Ersan,Ersan Ilyasova,Ilyasova,0.9666666984558105,3,3500,CLE@UTA,UTA,CLE,,,,,,PF
56217-15744,SG,Rodney,Rodney McGruder,McGruder,10.087499618530273,16,3500,TOR@DET,DET,TOR,GTD,Elbow,,,,SG
56217-111492,PF,Amir,Amir Coffey,Coffey,4.972413687870421,29,3500,MIL@LAC,LAC,MIL,,,,,,PF
56217-15762,SF,Darius,Darius Miller,Miller,9.12857164655413,14,3500,DAL@OKC,OKC,DAL,,,,,,SF
56217-101266,SG,Cameron,Cameron Reynolds,Reynolds,2,1,3500,SAC@SA,SA,SAC,,,,,,SG
56217-145819,SF,Naji,Naji Marshall,Marshall,1.4857142312186105,7,3500,NO@BOS,NO,BOS,,,,,,SF
56217-115612,SF,Kelan,Kelan Martin,Martin,2.9928572518484935,14,3500,IND@WAS,IND,WAS,,,,,,SF
56217-145309,C,Udoka,Udoka Azubuike,Azubuike,3.2999998728434243,12,3500,CLE@UTA,UTA,CLE,O,Ankle,,,,C
56217-145821,SF,Josh,Josh Hall,Hall,4.974999904632568,8,3500,DAL@OKC,OKC,DAL,,,,,,SF
56217-145315,SF,Elijah,Elijah Hughes,Hughes,3.8000000847710504,9,3500,CLE@UTA,UTA,CLE,,,,,,SF
56217-145323,PG,Tre,Tre Jones,Jones,2.964999961853027,20,3500,SAC@SA,SA,SAC,,,,,,PG
56217-145320,C,Daniel,Daniel Oturu,Oturu,4.320000203450521,15,3500,MIL@LAC,LAC,MIL,,,,,,C
56217-145833,SG,Axel,Axel Toupane,Toupane,6.533333460489909,3,3500,MIL@LAC,MIL,LAC,,,,,,SG
56217-80813,PG,Frank,Frank Ntilikina,Ntilikina,8.888235653147978,17,3500,MIA@NY,NY,MIA,,,,,,PG
56217-145326,PG,Tyrell,Tyrell Terry,Terry,3.6545455239035864,11,3500,DAL@OKC,DAL,OKC,O,Personal,,,,PG
56217-145324,SG,Devin,Devin Vassell,Vassell,13.76388888888889,36,3500,SAC@SA,SA,SAC,GTD,Ankle,,,,SG
56217-145325,SG,Josh,Josh Green,Green,5.486363497647372,22,3500,DAL@OKC,DAL,OKC,,,,,,SG
56217-80820,SG,Terrance,Terrance Ferguson,Ferguson,0.39999998532808745,13,3500,MIA@NY,NY,MIA,,,,,,SG
56217-145332,SF,Tyler,Tyler Bey,Bey,3.0625,8,3500,DAL@OKC,DAL,OKC,,,,,,SF
56217-9655,SF,JJ,JJ Redick,Redick,12.916128835370463,31,3500,DAL@OKC,DAL,OKC,O,Heel,,,,SF
56217-145333,SG,Aaron,Aaron Nesmith,Nesmith,8.216666539510092,24,3500,NO@BOS,BOS,NO,,,,,,SG
56217-80825,PF,Isaiah,Isaiah Hartenstein,Hartenstein,10.016666666666667,30,3500,CLE@UTA,CLE,UTA,GTD,Not injury related,,,,PF
56217-145338,PG,Jahmi'us,Jahmi'us Ramsey,Ramsey,3.0600000381469727,5,3500,SAC@SA,SAC,SA,O,Hamstring,,,,PG
56217-80824,PG,Frank,Frank Jackson,Jackson,8.524999618530273,16,3500,TOR@DET,DET,TOR,,,,,,PG
56217-145339,SF,Obi,Obi Toppin,Toppin,8.647221883138021,36,3500,MIA@NY,NY,MIA,,,,,,SF
56217-145336,PF,Xavier,Xavier Tillman,Tillman,16.921212861032195,33,3500,MEM@HOU,MEM,HOU,,,,,,PF
56217-145342,SG,Cassius,Cassius Stanley,Stanley,2.300000031789144,12,3500,IND@WAS,IND,WAS,,,,,,SG
56217-145343,PG,Jalen,Jalen Harris,Harris,2.9000000953674316,4,3500,TOR@DET,TOR,DET,GTD,Hip,,,,PG
56217-145340,PF,Reggie,Reggie Perry,Perry,11.153333536783855,15,3500,MIN@BKN,BKN,MIN,,,,,,PF
56217-145344,PG,Malachi,Malachi Flynn,Flynn,5.4000000726609,21,3500,TOR@DET,TOR,DET,,,,,,PG
56217-145350,PF,Robert,Robert Woodard,Woodard,3.075000047683716,8,3500,SAC@SA,SAC,SA,,,,,,PF
56217-145349,PG,Cassius,Cassius Winston,Winston,4.44000015258789,10,3500,IND@WAS,WAS,IND,,,,,,PG
56217-18376,SG,Damion,Damion Lee,Lee,14.279999457465278,45,3500,CHI@GS,GS,CHI,,,,,,SG
56217-145354,SG,Devon,Devon Dotson,Dotson,4.699999809265137,2,3500,CHI@GS,CHI,GS,,,,,,SG
56217-145352,SG,Trent,Trent Forrest,Forrest,2.51818188753995,11,3500,CLE@UTA,UTA,CLE,,,,,,SG
56217-145356,SF,Sean,Sean McDermott,McDermott,6.9,10,3500,MEM@HOU,MEM,HOU,,,,,,SF
56217-145357,PF,Lamar,Lamar Stevens,Stevens,10.799999606224798,31,3500,CLE@UTA,CLE,UTA,,,,,,PF
56217-85466,PF,Wenyen,Wenyen Gabriel,Gabriel,1.566666603088379,6,3500,NO@BOS,NO,BOS,,,,,,PF
56217-24546,SF,Denzel,Denzel Valentine,Valentine,15.497500610351562,40,3500,CHI@GS,CHI,GS,,,,,,SF
56217-15843,PG,Trey,Trey Burke,Burke,11.527907260628634,43,3500,DAL@OKC,DAL,OKC,,,,,,PG
56217-17894,C,Mike,Mike Muscala,Muscala,16.440000697544644,35,3500,DAL@OKC,OKC,DAL,O,Ankle,,,,C
56217-97263,C,Drew,Drew Eubanks,Eubanks,12.719231238731972,26,3500,SAC@SA,SA,SAC,,,,,,C
56217-63478,C,Cristiano,Cristiano Felicio,Felicio,4.612500190734863,8,3500,CHI@GS,CHI,GS,,,,,,C
56217-66046,SG,Luke,Luke Kennard,Kennard,14.373170433974847,41,3500,MIL@LAC,LAC,MIL,,,,,,SG