Id,Position,First Name,Nickname,Last Name,FPPG,Played,Salary,Game,Team,Opponent,Injury Indicator,Injury Details,Tier,,,Roster Position
56787-40199,PF,Giannis,Giannis Antetokounmpo,Antetokounmpo,55.19130540930706,46,11200,CHA@MIL,MIL,CHA,O,Knee,,,,PF
56787-9642,PG,Russell,Russell Westbrook,Westbrook,50.35116506177326,43,11200,WAS@GS,WAS,GS,,,,,,PG
56787-58462,C,Karl-Anthony,Karl-Anthony Towns,Towns,48.28125,32,11100,MIN@BOS,MIN,BOS,,,,,,C
56787-55059,C,Clint,Clint Capela,Capela,41.053333875868056,45,10400,CHI@ATL,ATL,CHI,,,,,,C
56787-49111,C,Joel,Joel Embiid,Embiid,52.448486328125,33,10200,PHI@NO,PHI,NO,,,,,,C
56787-55062,C,Nikola,Nikola Jokic,Jokic,54.99422983022836,52,10100,SA@DEN,DEN,SA,,,,,,C
56787-14513,SF,Kawhi,Kawhi Leonard,Leonard,45.43333333333333,45,10000,HOU@LAC,LAC,HOU,,,,,,SF
56787-14514,C,Nikola,Nikola Vucevic,Vucevic,46.24422983022836,52,9900,CHI@ATL,CHI,ATL,,,,,,C
56787-42669,PF,Julius,Julius Randle,Randle,44.13461538461539,52,9600,MEM@NY,NY,MEM,,,,,,PF
56787-9524,PG,Stephen,Stephen Curry,Curry,46.20000110973012,44,9600,WAS@GS,GS,WAS,,,,,,PG
56787-110310,PF,Zion,Zion Williamson,Williamson,41.63191385472074,47,9500,PHI@NO,NO,PHI,,,,,,PF
56787-59358,PF,Domantas,Domantas Sabonis,Sabonis,43.51250203450521,48,9000,IND@ORL,IND,ORL,GTD,Ankle,,,,PF
56787-80808,PF,Jayson,Jayson Tatum,Tatum,42.55957550698138,47,8800,MIN@BOS,BOS,MIN,,,,,,PF
56787-12332,PG,John,John Wall,Wall,37.15757427793561,33,8700,HOU@LAC,HOU,LAC,O,Rest,,,,PG
56787-12341,SG,Paul,Paul George,George,39.55853718083079,41,8700,HOU@LAC,LAC,HOU,O,Rest,,,,SG
56787-9663,PG,Jrue,Jrue Holiday,Holiday,35.42250061035156,40,8500,CHA@MIL,MIL,CHA,O,Knee,,,,PG
56787-15595,SG,Bradley,Bradley Beal,Beal,45.4720941587936,43,8300,WAS@GS,WAS,GS,GTD,Hip,,,,SG
56787-23798,SG,Caris,Caris LeVert,LeVert,33.47692401592548,26,8300,IND@ORL,IND,ORL,,,,,,SG
56787-67026,SF,Jaylen,Jaylen Brown,Brown,38.8469387755102,49,8300,MIN@BOS,BOS,MIN,,,,,,SF
56787-84671,PG,Trae,Trae Young,Young,42.89795918367347,49,8100,CHI@ATL,ATL,CHI,,,,,,PG
56787-66048,SF,Brandon,Brandon Ingram,Ingram,38.43912937330163,46,8000,PHI@NO,NO,PHI,GTD,Toe,,,,SF
56787-66108,PG,Jamal,Jamal Murray,Murray,35.840425531914896,47,8000,SA@DEN,DEN,SA,GTD,Knee,,,,PG
56787-16261,SF,Khris,Khris Middleton,Middleton,36.61199951171875,50,8000,CHA@MIL,MIL,CHA,GTD,Knee,,,,SF
56787-14518,PF,Tobias,Tobias Harris,Harris,38.1282614003057,46,7900,PHI@NO,PHI,NO,,,,,,PF
56787-42202,PF,Christian,Christian Wood,Wood,39.27142769949777,28,7800,HOU@LAC,HOU,LAC,,,,,,PF
56787-66236,PF,John,John Collins,Collins,33.09574468085106,47,7700,CHI@ATL,ATL,CHI,O,Ankle,,,,PF
56787-9714,SG,DeMar,DeMar DeRozan,DeRozan,38.31666782924107,42,7600,SA@DEN,SA,DEN,,,,,,SG
56787-67708,PG,Dejounte,Dejounte Murray,Murray,35.1063829787234,47,7500,SA@DEN,SA,DEN,,,,,,PG
56787-40783,SG,Zach,Zach LaVine,LaVine,40.51,50,7500,CHI@ATL,CHI,ATL,,,,,,SG
56787-80806,PG,Lonzo,Lonzo Ball,Ball,31.834145150533537,41,7500,PHI@NO,NO,PHI,GTD,Hip,,,,PG
56787-145321,SF,Anthony,Anthony Edwards,Edwards,29.286538931039665,52,7500,MIN@BOS,MIN,BOS,,,,,,SF
56787-15860,PF,Draymond,Draymond Green,Green,30.758138967114824,43,7500,WAS@GS,GS,WAS,,,,,,PF
56787-66115,PG,Ben,Ben Simmons,Simmons,38.39999886446221,43,7400,PHI@NO,PHI,NO,,,,,,PG
56787-42677,PG,Terry,Terry Rozier,Rozier,33.322916666666664,48,7300,CHA@MIL,CHA,MIL,,,,,,PG
56787-84682,SF,Michael,Michael Porter,Porter,31.102437833460368,41,7300,SA@DEN,DEN,SA,,,,,,SF
56787-55060,SF,Bogdan,Bogdan Bogdanovic,Bogdanovic,23.444444444444443,27,7300,CHI@ATL,ATL,CHI,,,,,,SF
56787-49116,SG,Andrew,Andrew Wiggins,Wiggins,30.92745193780637,51,7300,WAS@GS,GS,WAS,,,,,,SG
56787-14503,C,Jonas,Jonas Valanciunas,Valanciunas,35.725000554865055,44,7200,MEM@NY,MEM,NY,,,,,,C
56787-12366,SF,Gordon,Gordon Hayward,Hayward,35.25227217240767,44,7000,CHA@MIL,CHA,MIL,O,Foot,,,,SF
56787-110344,PG,Ja,Ja Morant,Morant,34.20975550209604,41,7000,MEM@NY,MEM,NY,,,,,,PG
56787-41594,PF,Aaron,Aaron Gordon,Gordon,29.667742329259074,31,6900,SA@DEN,DEN,SA,,,,,,PF
56787-23716,SF,Kyle,Kyle Anderson,Anderson,29.317021796043882,47,6900,MEM@NY,MEM,NY,,,,,,SF
56787-84676,C,Wendell,Wendell Carter,Carter,26.926316110711348,38,6800,IND@ORL,ORL,IND,,,,,,C
56787-84708,C,Robert,Robert Williams,Williams,25.897727272727273,44,6800,MIN@BOS,BOS,MIN,,,,,,C
56787-16405,SG,Terrence,Terrence Ross,Ross,26.953657941120426,41,6700,IND@ORL,ORL,IND,,,,,,SG
56787-16359,PG,Malcolm,Malcolm Brogdon,Brogdon,37.31363747336648,44,6700,IND@ORL,IND,ORL,GTD,Hip,,,,PG
56787-58378,C,Jakob,Jakob Poeltl,Poeltl,25.687754105548468,49,6600,SA@DEN,SA,DEN,,,,,,C
56787-84706,SG,Devonte',Devonte' Graham,Graham,26.792498779296874,40,6600,CHA@MIL,CHA,MIL,,,,,,SG
56787-110356,SG,Nickeil,Nickeil Alexander-Walker,Alexander-Walker,19.9682929806593,41,6500,PHI@NO,NO,PHI,O,Ankle,,,,SG
56787-9666,PF,Thaddeus,Thaddeus Young,Young,30.365218452785324,46,6500,CHI@ATL,CHI,ATL,,,,,,PF
56787-23670,SG,Marcus,Marcus Smart,Smart,29.169696229876894,33,6400,MIN@BOS,BOS,MIN,,,,,,SG
56787-110336,PF,Chuma,Chuma Okeke,Okeke,17.865713936941965,35,6400,IND@ORL,ORL,IND,,,,,,PF
56787-110345,SF,Kevin,Kevin Porter,Porter,29.228572300502233,14,6400,HOU@LAC,HOU,LAC,,,,,,SF
56787-58153,SF,Kelly,Kelly Oubre,Oubre,28.687754105548468,49,6400,WAS@GS,GS,WAS,,,,,,SF
56787-58253,C,Myles,Myles Turner,Turner,33.41304347826087,46,6400,IND@ORL,IND,ORL,O,Ankle,,,,C
56787-14507,PG,Kemba,Kemba Walker,Walker,31.353124618530273,32,6300,MIN@BOS,BOS,MIN,,,,,,PG
56787-58312,SG,D'Angelo,D'Angelo Russell,Russell,32.04999889026988,22,6300,MIN@BOS,MIN,BOS,,,,,,SG
56787-23096,SG,Evan,Evan Fournier,Fournier,29.413334147135416,30,6200,MIN@BOS,BOS,MIN,O,Covid-19,,,,SG
56787-110357,SF,RJ,RJ Barrett,Barrett,29.946152907151443,52,6200,MEM@NY,NY,MEM,,,,,,SF
56787-18393,PG,T.J.,T.J. McConnell,McConnell,26.52127659574468,47,6100,IND@ORL,IND,ORL,,,,,,PG
56787-22541,C,Kelly,Kelly Olynyk,Olynyk,25.4,50,6000,HOU@LAC,HOU,LAC,,,,,,C
56787-14496,PG,Ricky,Ricky Rubio,Rubio,25.0124994913737,48,6000,MIN@BOS,MIN,BOS,,,,,,PG
56787-9966,PF,James,James Johnson,Johnson,17.91470516429228,34,5900,PHI@NO,NO,PHI,,,,,,PF
56787-110352,PF,P.J.,P.J. Washington,Washington,28.00217338230299,46,5900,CHA@MIL,CHA,MIL,,,,,,PF
56787-17333,SG,Will,Will Barton,Barton,25.120834350585938,48,5900,SA@DEN,DEN,SA,,,,,,SG
56787-12355,SG,Eric,Eric Bledsoe,Bledsoe,23.33,50,5800,PHI@NO,NO,PHI,,,,,,SG
56787-42156,PF,Bobby,Bobby Portis,Portis,24.05531862948803,47,5800,CHA@MIL,MIL,CHA,,,,,,PF
56787-84678,PF,Miles,Miles Bridges,Bridges,22.3839990234375,50,5800,CHA@MIL,CHA,MIL,,,,,,PF
56787-110349,SF,Rui,Rui Hachimura,Hachimura,24.926829268292682,41,5800,WAS@GS,WAS,GS,,,,,,SF
56787-16201,PG,Michael,Michael Carter-Williams,Carter-Williams,22.733332881221063,27,5800,IND@ORL,ORL,IND,,,,,,PG
56787-49675,PG,Derrick,Derrick White,White,26.33199951171875,25,5700,SA@DEN,SA,DEN,,,,,,PG
56787-66064,SF,Malik,Malik Beasley,Beasley,29.767568227407093,37,5700,MIN@BOS,MIN,BOS,O,Hamstring,,,,SF
56787-23097,PG,Tomas,Tomas Satoransky,Satoransky,20.28974327674279,39,5700,CHI@ATL,CHI,ATL,,,,,,PG
56787-9637,PF,Danilo,Danilo Gallinari,Gallinari,21.30000064247533,38,5700,CHI@ATL,ATL,CHI,,,,,,PF
56787-9758,SF,Danny,Danny Green,Green,22.11176374846814,51,5500,PHI@NO,PHI,NO,,,,,,SF
56787-145576,PF,Jae'Sean,Jae'Sean Tate,Tate,23.99215638403799,51,5500,HOU@LAC,HOU,LAC,,,,,,PF
56787-84681,SG,Donte,Donte DiVincenzo,DiVincenzo,24.71199951171875,50,5500,CHA@MIL,MIL,CHA,O,Hip,,,,SG
56787-23169,C,Steven,Steven Adams,Adams,24.695743641954788,47,5400,PHI@NO,NO,PHI,,,,,,C
56787-84704,SG,Kevin,Kevin Huerter,Huerter,23.85192401592548,52,5400,CHI@ATL,ATL,CHI,,,,,,SG
56787-84711,SG,Grayson,Grayson Allen,Allen,20.288889567057293,36,5400,MEM@NY,MEM,NY,,,,,,SG
56787-110338,SF,De'Andre,De'Andre Hunter,Hunter,28.120001220703124,20,5400,CHI@ATL,ATL,CHI,O,Knee,,,,SF
56787-110353,PF,Brandon,Brandon Clarke,Clarke,26.024390243902438,41,5400,MEM@NY,MEM,NY,GTD,Calf,,,,PF
56787-60233,SG,Dillon,Dillon Brooks,Brooks,26.24782661769701,46,5400,MEM@NY,MEM,NY,,,,,,SG
56787-9621,C,Brook,Brook Lopez,Lopez,23.723529890471813,51,5200,CHA@MIL,MIL,CHA,GTD,Back,,,,C
56787-15628,SF,Otto,Otto Porter,Porter,20.389286586216517,28,5100,IND@ORL,ORL,IND,O,Foot,,,,SF
56787-14523,PG,Reggie,Reggie Jackson,Jackson,18.16199951171875,50,5000,HOU@LAC,LAC,HOU,GTD,Eye,,,,PG
56787-110326,PG,Coby,Coby White,White,26.67659678357713,47,5000,CHI@ATL,CHI,ATL,,,,,,PG
56787-110347,SF,Keldon,Keldon Johnson,Johnson,25.628261400305707,46,5000,SA@DEN,SA,DEN,,,,,,SF
56787-80816,SG,Malik,Malik Monk,Monk,19.546875,32,5000,CHA@MIL,CHA,MIL,O,Ankle,,,,SG
56787-9957,PF,Serge,Serge Ibaka,Ibaka,24.6974362104367,39,4900,HOU@LAC,LAC,HOU,O,Back,,,,PF
56787-110359,C,Goga,Goga Bitadze,Bitadze,12.716129426033266,31,4900,IND@ORL,IND,ORL,,,,,,C
56787-15691,C,Cody,Cody Zeller,Zeller,23.31935562626008,31,4900,CHA@MIL,CHA,MIL,,,,,,C
56787-17491,SF,James,James Ennis,Ennis,17.426470588235293,34,4800,IND@ORL,ORL,IND,,,,,,SF
56787-145541,PG,R.J.,R.J. Hampton,Hampton,9.003226003339213,31,4800,IND@ORL,ORL,IND,,,,,,PG
56787-84691,PG,Shake,Shake Milton,Milton,22.1046511627907,43,4800,PHI@NO,PHI,NO,,,,,,PG
56787-84703,SG,De'Anthony,De'Anthony Melton,Melton,21.7971435546875,35,4800,MEM@NY,MEM,NY,O,Leg,,,,SG
56787-110339,SG,Cam,Cam Reddish,Reddish,21.588461068960335,26,4800,CHI@ATL,ATL,CHI,O,Achilles,,,,SG
56787-23825,C,Nerlens,Nerlens Noel,Noel,21.01086956521739,46,4800,MEM@NY,NY,MEM,,,,,,C
56787-145319,PF,Jaden,Jaden McDaniels,McDaniels,16.462221950954863,45,4800,MIN@BOS,MIN,BOS,,,,,,PF
56787-80811,SF,Jonathan,Jonathan Isaac,Isaac,32.2705867991728,34,4800,IND@ORL,ORL,IND,O,Knee,,,,SF
56787-145347,C,James,James Wiseman,Wiseman,21.71081048089105,37,4800,WAS@GS,GS,WAS,,,,,,C
56787-14512,PF,Marcus,Marcus Morris,Morris,20.253659132050306,41,4700,HOU@LAC,LAC,HOU,,,,,,PF
56787-9475,PG,Derrick,Derrick Rose,Rose,24.538710071194558,31,4700,MEM@NY,NY,MEM,,,,,,PG
56787-145304,C,Onyeka,Onyeka Okongwu,Okongwu,10.383333333333333,30,4700,CHI@ATL,ATL,CHI,,,,,,C
56787-80812,PF,Lauri,Lauri Markkanen,Markkanen,25.973333740234374,30,4700,CHI@ATL,CHI,ATL,,,,,,PF
56787-145327,PG,Cole,Cole Anthony,Anthony,23.303847092848557,26,4700,IND@ORL,ORL,IND,,,,,,PG
56787-9873,C,Robin,Robin Lopez,Lopez,16.565999755859377,50,4600,WAS@GS,WAS,GS,,,,,,C
56787-70827,C,Ivica,Ivica Zubac,Zubac,21.76603727520637,53,4600,HOU@LAC,LAC,HOU,,,,,,C
56787-14510,SG,Alec,Alec Burks,Burks,23.282499694824217,40,4600,MEM@NY,NY,MEM,,,,,,SG
56787-16604,SF,Justin,Justin Holiday,Holiday,22.21,50,4600,IND@ORL,IND,ORL,,,,,,SF
56787-16790,PG,Brad,Brad Wanamaker,Wanamaker,12.456817626953125,44,4600,CHA@MIL,CHA,MIL,,,,,,PG
56787-9662,SG,Lou,Lou Williams,Williams,21.45744680851064,47,4600,CHI@ATL,ATL,CHI,,,,,,SG
56787-84702,SG,Lonnie,Lonnie Walker,Walker,18.921620961782093,37,4500,SA@DEN,SA,DEN,,,,,,SG
56787-110315,SG,Terance,Terance Mann,Mann,14.014000244140625,50,4500,HOU@LAC,LAC,HOU,,,,,,SG
56787-145308,SF,Patrick,Patrick Williams,Williams,20.622448979591837,49,4500,CHI@ATL,CHI,ATL,,,,,,SF
56787-9729,PF,Paul,Paul Millsap,Millsap,21.522500610351564,40,4400,SA@DEN,DEN,SA,,,,,,PF
56787-15947,SG,Reggie,Reggie Bullock,Bullock,17.82000054253472,45,4400,MEM@NY,NY,MEM,,,,,,SG
56787-9809,SF,Nicolas,Nicolas Batum,Batum,21.4439990234375,50,4400,HOU@LAC,LAC,HOU,,,,,,SF
56787-145491,PF,Nathan,Nathan Knight,Knight,7.586363358931108,22,4400,CHI@ATL,ATL,CHI,,,,,,PF
56787-81529,PF,Daniel,Daniel Theis,Theis,21.74468085106383,47,4400,CHI@ATL,CHI,ATL,,,,,,PF
56787-145539,SF,Deni,Deni Avdija,Avdija,16.034782077955164,46,4400,WAS@GS,WAS,GS,,,,,,SF
56787-84675,C,Mo,Mo Bamba,Bamba,14.803447854929956,29,4400,IND@ORL,ORL,IND,,,,,,C
56787-15583,SG,Seth,Seth Curry,Curry,21.207499694824218,40,4400,PHI@NO,PHI,NO,,,,,,SG
56787-9446,PG,Jeff,Jeff Teague,Teague,13.768421373869243,38,4400,CHA@MIL,MIL,CHA,,,,,,PG
56787-9556,SF,Eric,Eric Gordon,Gordon,25.44814724392361,27,4400,HOU@LAC,HOU,LAC,O,Groin,,,,SF
56787-9577,PF,Rudy,Rudy Gay,Gay,22.36904761904762,42,4400,SA@DEN,SA,DEN,,,,,,PF
56787-14501,C,Tristan,Tristan Thompson,Thompson,20.89189189189189,37,4300,MIN@BOS,BOS,MIN,,,,,,C
56787-58081,PG,Tyus,Tyus Jones,Jones,18.740816077407526,49,4300,MEM@NY,MEM,NY,,,,,,PG
56787-110340,PF,Jaxson,Jaxson Hayes,Hayes,13.289743276742788,39,4300,PHI@NO,NO,PHI,,,,,,PF
56787-110350,PF,Jalen,Jalen McDaniels,McDaniels,8.792000122070313,25,4300,CHA@MIL,CHA,MIL,,,,,,PF
56787-145819,SF,Naji,Naji Marshall,Marshall,9.563636086203836,11,4300,PHI@NO,NO,PHI,,,,,,SF
56787-24546,SF,Denzel,Denzel Valentine,Valentine,15.431818181818182,44,4300,CHI@ATL,CHI,ATL,,,,,,SF
56787-66061,SG,Dwayne,Dwayne Bacon,Bacon,16.939216164981616,51,4200,IND@ORL,ORL,IND,,,,,,SG
56787-117779,PF,Juan,Juan Toscano-Anderson,Toscano-Anderson,14.294285365513392,35,4200,WAS@GS,GS,WAS,,,,,,PF
56787-15993,SG,Pat,Pat Connaughton,Connaughton,17.364583333333332,48,4200,CHA@MIL,MIL,CHA,,,,,,SG
56787-63127,C,Willy,Willy Hernangomez,Hernangomez,17.365517451845367,29,4200,PHI@NO,NO,PHI,,,,,,C
56787-19138,PG,Elfrid,Elfrid Payton,Payton,22.72093023255814,43,4200,MEM@NY,NY,MEM,,,,,,PG
56787-15559,SG,Jeremy,Jeremy Lamb,Lamb,21.130000813802084,30,4200,IND@ORL,IND,ORL,,,,,,SG
56787-84719,SG,Aaron,Aaron Holiday,Holiday,12.797916412353516,48,4200,IND@ORL,IND,ORL,,,,,,SG
56787-110322,PG,Jordan,Jordan Poole,Poole,15.873333740234376,30,4200,WAS@GS,GS,WAS,,,,,,PG
56787-9481,PF,Taj,Taj Gibson,Gibson,16.09199951171875,25,4200,MEM@NY,NY,MEM,,,,,,PF
56787-9660,C,Dwight,Dwight Howard,Howard,20.409804400275736,51,4200,PHI@NO,PHI,NO,,,,,,C
56787-9703,PG,George,George Hill,Hill,21.021427699497767,14,4200,PHI@NO,PHI,NO,O,Thumb,,,,PG
56787-66046,SG,Luke,Luke Kennard,Kennard,14.168085625831116,47,4200,HOU@LAC,LAC,HOU,,,,,,SG
56787-12362,C,DeMarcus,DeMarcus Cousins,Cousins,25.076923076923077,26,4100,HOU@LAC,LAC,HOU,,,,,,C
56787-110995,C,Naz,Naz Reid,Reid,21.96,50,4100,MIN@BOS,MIN,BOS,,,,,,C
56787-145313,PF,Jordan,Jordan Nwora,Nwora,7.799999839381168,19,4100,CHA@MIL,MIL,CHA,,,,,,PF
56787-145316,PG,Kira,Kira Lewis,Lewis,13.590909090909092,33,4100,PHI@NO,NO,PHI,GTD,Calf,,,,PG
56787-15814,C,Alex,Alex Len,Len,15.592857724144345,42,4100,WAS@GS,WAS,GS,,,,,,C
56787-145348,SG,Immanuel,Immanuel Quickley,Quickley,19.406382459275267,47,4100,MEM@NY,NY,MEM,,,,,,SG
56787-15405,PF,JaMychal,JaMychal Green,Green,17.4974365234375,39,4000,SA@DEN,DEN,SA,,,,,,PF
56787-40562,SG,Josh,Josh Hart,Hart,24.48723456200133,47,4000,PHI@NO,NO,PHI,O,Thumb,,,,SG
56787-58084,SF,Justise,Justise Winslow,Winslow,17.524999618530273,16,4000,MEM@NY,MEM,NY,O,Quadriceps,,,,SF
56787-23802,PG,Kris,Kris Dunn,Dunn,22.386273552389707,51,4000,CHI@ATL,ATL,CHI,O,Ankle,,,,PG
56787-18256,PF,Doug,Doug McDermott,McDermott,19.933333079020183,48,4000,IND@ORL,IND,ORL,,,,,,PF
56787-145336,PF,Xavier,Xavier Tillman,Tillman,16.687179174178684,39,4000,MEM@NY,MEM,NY,,,,,,PF
56787-15952,C,John,John Henson,Henson,16.460000610351564,40,3900,MEM@NY,NY,MEM,O,Calf,,,,C
56787-23120,SF,T.J.,T.J. Warren,Warren,22.075000762939453,4,3900,IND@ORL,IND,ORL,O,Foot,,,,SF
56787-145533,PF,Kenyon,Kenyon Martin,Martin,17.108333587646484,24,3900,HOU@LAC,HOU,LAC,,,,,,PF
56787-12474,PG,Patrick,Patrick Beverley,Beverley,19.44193587764617,31,3900,HOU@LAC,LAC,HOU,O,Hand,,,,PG
56787-14543,PF,Davis,Davis Bertans,Bertans,17.968420731393916,38,3900,WAS@GS,WAS,GS,,,,,,PF
56787-14559,PG,Isaiah,Isaiah Thomas,Thomas,14.449999809265137,2,3900,PHI@NO,NO,PHI,,,,,,PG
56787-110323,C,Eric,Eric Paschall,Paschall,15.648717635717148,39,3900,WAS@GS,GS,WAS,O,Hip,,,,C
56787-111372,SF,Thanasis,Thanasis Antetokounmpo,Antetokounmpo,8.34871810521835,39,3900,CHA@MIL,MIL,CHA,,,,,,SF
56787-58270,PG,Edmond,Edmond Sumner,Sumner,10.2810809161212,37,3900,IND@ORL,IND,ORL,,,,,,PG
56787-85597,PG,Jordan,Jordan McLaughlin,McLaughlin,17.428125381469727,32,3800,MIN@BOS,MIN,BOS,,,,,,PG
56787-17517,SF,Tony,Tony Snell,Snell,11.184615697616186,39,3800,CHI@ATL,ATL,CHI,,,,,,SF
56787-14505,C,Bismack,Bismack Biyombo,Biyombo,16.80851063829787,47,3800,CHA@MIL,CHA,MIL,,,,,,C
56787-84714,PF,Moritz,Moritz Wagner,Wagner,12.984375,32,3800,MIN@BOS,BOS,MIN,,,,,,PF
56787-110325,PF,Daniel,Daniel Gafford,Gafford,13.978787508877842,33,3800,WAS@GS,WAS,GS,O,Ankle,,,,PF
56787-19781,SF,Kent,Kent Bazemore,Bazemore,14.608163016183036,49,3800,WAS@GS,GS,WAS,,,,,,SF
56787-145334,SG,Desmond,Desmond Bane,Bane,16.94888916015625,45,3800,MEM@NY,MEM,NY,,,,,,SG
56787-145345,PG,Nico,Nico Mannion,Mannion,12.18421052631579,19,3800,WAS@GS,GS,WAS,,,,,,PG
56787-40396,PG,Monte,Monte Morris,Morris,20.28974327674279,39,3800,SA@DEN,DEN,SA,,,,,,PG
56787-9739,C,JaVale,JaVale McGee,McGee,19.071428571428573,35,3700,SA@DEN,DEN,SA,,,,,,C
56787-12334,SG,Avery,Avery Bradley,Bradley,14.100000381469727,16,3700,HOU@LAC,HOU,LAC,,,,,,SG
56787-110640,PF,Luka,Luka Samanic,Samanic,7.776190621512277,21,3700,SA@DEN,SA,DEN,,,,,,PF
56787-12342,PF,Al-Farouq,Al-Farouq Aminu,Aminu,16.927778455946182,18,3700,CHI@ATL,CHI,ATL,,,,,,PF
56787-15417,SF,Solomon,Solomon Hill,Hill,10.964706121706495,51,3700,CHI@ATL,ATL,CHI,,,,,,SF
56787-58461,PF,Trey,Trey Lyles,Lyles,11.052173780358356,23,3700,SA@DEN,SA,DEN,O,Ankle,,,,PF
56787-145547,PG,Facundo,Facundo Campazzo,Campazzo,13.242222764756944,45,3700,SA@DEN,DEN,SA,,,,,,PG
56787-66196,SG,PJ,PJ Dozier,Dozier,16.158333672417534,36,3700,SA@DEN,DEN,SA,,,,,,SG
56787-58576,C,Kevon,Kevon Looney,Looney,13.144999694824218,40,3700,WAS@GS,GS,WAS,,,,,,C
56787-145623,PF,Mamadi,Mamadi Diakite,Diakite,7.600000108991351,7,3700,CHA@MIL,MIL,CHA,,,,,,PF
56787-40208,PG,Raul,Raul Neto,Neto,16.99772782759233,44,3700,WAS@GS,WAS,GS,,,,,,PG
56787-16183,PF,JaKarr,JaKarr Sampson,Sampson,6.994999694824219,20,3700,IND@ORL,IND,ORL,,,,,,PF
56787-16197,SG,Chasson,Chasson Randle,Randle,11.64090936834162,22,3700,IND@ORL,ORL,IND,,,,,,SG
56787-112710,C,Tacko,Tacko Fall,Fall,8.239999898274739,15,3600,MIN@BOS,BOS,MIN,,,,,,C
56787-9939,SG,Patty,Patty Mills,Mills,19.368750254313152,48,3600,SA@DEN,SA,DEN,,,,,,SG
56787-12511,PG,Ish,Ish Smith,Smith,18.26363580877131,22,3600,WAS@GS,WAS,GS,,,,,,PG
56787-110317,PG,Jaylen,Jaylen Nowell,Nowell,17.03611077202691,36,3600,MIN@BOS,MIN,BOS,O,Lower leg,,,,PG
56787-110318,PF,Grant,Grant Williams,Williams,11.511363636363637,44,3600,MIN@BOS,BOS,MIN,,,,,,PF
56787-110320,SF,Matisse,Matisse Thybulle,Thybulle,14.314582824707031,48,3600,PHI@NO,PHI,NO,,,,,,SF
56787-9466,PG,D.J.,D.J. Augustin,Augustin,14.22499974568685,48,3600,HOU@LAC,HOU,LAC,,,,,,PG
56787-110351,SG,Cody,Cody Martin,Martin,10.697368421052632,38,3600,CHA@MIL,CHA,MIL,,,,,,SG
56787-40262,SG,Sterling,Sterling Brown,Brown,17.96938775510204,49,3600,HOU@LAC,HOU,LAC,,,,,,SG
56787-145335,PG,Payton,Payton Pritchard,Pritchard,13.717391304347826,46,3600,MIN@BOS,BOS,MIN,,,,,,PG
56787-58295,PF,D.J.,D.J. Wilson,Wilson,9.290908813476562,22,3600,HOU@LAC,HOU,LAC,,,,,,PF
56787-96775,PF,Norvel,Norvel Pelle,Pelle,7.340000152587891,5,3500,MEM@NY,NY,MEM,,,,,,PF
56787-111622,SF,Garrison,Garrison Mathews,Mathews,11.05000027743253,44,3500,WAS@GS,WAS,GS,,,,,,SF
56787-85521,SG,Theo,Theo Pinson,Pinson,0.3500000068119594,14,3500,MEM@NY,NY,MEM,,,,,,SG
56787-117273,SF,Mychal,Mychal Mulder,Mulder,6.2439024390243905,41,3500,WAS@GS,GS,WAS,,,,,,SF
56787-117283,SF,Oshae,Oshae Brissett,Brissett,3.700000047683716,2,3500,IND@ORL,IND,ORL,,,,,,SF
56787-117285,SF,Vlatko,Vlatko Cancar,Cancar,3.9555556685836226,27,3500,SA@DEN,DEN,SA,,,,,,SF
56787-117291,SG,Armoni,Armoni Brooks,Brooks,,,3500,HOU@LAC,HOU,LAC,,,,,,SG
56787-12340,PF,Patrick,Patrick Patterson,Patterson,9.545833587646484,24,3500,HOU@LAC,LAC,HOU,,,,,,PF
56787-117307,SF,DaQuan,DaQuan Jeffries,Jeffries,7.322222391764323,18,3500,HOU@LAC,HOU,LAC,,,,,,SF
56787-117819,PG,Jared,Jared Harper,Harper,0,4,3500,MEM@NY,NY,MEM,,,,,,PG
56787-112709,SG,Javonte,Javonte Green,Green,8.950000217982701,28,3500,CHI@ATL,CHI,ATL,,,,,,SG
56787-12365,C,Ed,Ed Davis,Davis,12.731578626130757,19,3500,MIN@BOS,MIN,BOS,,,,,,C
56787-145485,PG,LaMelo,LaMelo Ball,Ball,35.08536585365854,41,3500,CHA@MIL,CHA,MIL,O,Wrist,,,,PG
56787-113267,SF,Caleb,Caleb Martin,Martin,11.447222391764322,36,3500,CHA@MIL,CHA,MIL,,,,,,SF
56787-41077,SG,Sindarius,Sindarius Thornwell,Thornwell,3.0714285714285716,14,3500,PHI@NO,NO,PHI,,,,,,SG
56787-41083,PF,Luke,Luke Kornet,Kornet,8.37894720780222,19,3500,MIN@BOS,BOS,MIN,,,,,,PF
56787-145532,SG,Jay,Jay Scrubb,Scrubb,,,3500,HOU@LAC,LAC,HOU,GTD,Foot,,,,SG
56787-117889,SG,Devin,Devin Cannady,Cannady,5,1,3500,IND@ORL,ORL,IND,,,,,,SG
56787-145548,PF,Anthony,Anthony Gill,Gill,4.074999809265137,16,3500,WAS@GS,WAS,GS,,,,,,PF
56787-58519,SG,Gary,Gary Payton II,Payton II,13.137931034482758,29,3500,WAS@GS,GS,WAS,GTD,Not injury related,,,,SG
56787-70822,PF,Juancho,Juancho Hernangomez,Hernangomez,13.484848484848484,33,3500,MIN@BOS,MIN,BOS,,,,,,PF
56787-70826,SG,Furkan,Furkan Korkmaz,Korkmaz,14.792500305175782,40,3500,PHI@NO,PHI,NO,,,,,,SG
56787-14509,SG,Klay,Klay Thompson,Thompson,,,3500,WAS@GS,GS,WAS,O,Achilles,,,,SG
56787-145588,SF,Anthony,Anthony Lamb,Lamb,6.788888719346788,9,3500,HOU@LAC,HOU,LAC,,,,,,SF
56787-23740,PG,Ryan,Ryan Arcidiacono,Arcidiacono,7.335483674080141,31,3500,CHI@ATL,CHI,ATL,,,,,,PG
56787-84668,SF,Troy,Troy Brown,Brown,9.82222267433449,27,3500,CHI@ATL,CHI,ATL,,,,,,SF
56787-84674,SF,Kevin,Kevin Knox,Knox,8.357575387665719,33,3500,MEM@NY,NY,MEM,,,,,,SF
56787-84683,PF,Jaren,Jaren Jackson,Jackson,29.97931118669181,58,3500,MEM@NY,MEM,NY,O,Knee,,,,PF
56787-84689,SF,Josh,Josh Okogie,Okogie,12.648717635717148,39,3500,MIN@BOS,MIN,BOS,,,,,,SF
56787-84688,SF,Keita,Keita Bates-Diop,Bates-Diop,5.53125,16,3500,SA@DEN,SA,DEN,O,Hamstring,,,,SF
56787-84700,PF,Rodions,Rodions Kurucs,Kurucs,3.924999952316284,16,3500,CHA@MIL,MIL,CHA,,,,,,PF
56787-84707,SF,Chandler,Chandler Hutchison,Hutchison,8.491666793823242,12,3500,WAS@GS,WAS,GS,,,,,,SF
56787-145632,PF,Killian,Killian Tillie,Tillie,6.340000152587891,10,3500,MEM@NY,MEM,NY,,,,,,PF
56787-23780,SF,Jake,Jake Layman,Layman,11.265789634303042,38,3500,MIN@BOS,MIN,BOS,,,,,,SF
56787-84709,C,Mitchell,Mitchell Robinson,Robinson,25.73871046496976,31,3500,MEM@NY,NY,MEM,O,Foot,,,,C
56787-110313,C,Bol,Bol Bol,Bol,4.819047473725819,21,3500,SA@DEN,DEN,SA,,,,,,C
56787-145643,SG,Mason,Mason Jones,Jones,10.170370596426505,27,3500,PHI@NO,PHI,NO,,,,,,SG
56787-23788,PG,Bryn,Bryn Forbes,Forbes,11.875999755859375,50,3500,CHA@MIL,MIL,CHA,,,,,,PG
56787-110829,SG,Brian,Brian Bowen,Bowen,1.350000023841858,4,3500,IND@ORL,IND,ORL,,,,,,SG
56787-42733,SF,David,David Nwaba,Nwaba,20.00333251953125,30,3500,HOU@LAC,HOU,LAC,O,Wrist,,,,SF
56787-110319,PG,Tremont,Tremont Waters,Waters,7.666666666666667,15,3500,MIN@BOS,BOS,MIN,,,,,,PG
56787-9455,PG,Rajon,Rajon Rondo,Rondo,13.006667073567709,30,3500,HOU@LAC,LAC,HOU,GTD,Hip,,,,PG
56787-84721,PF,Jarred,Jarred Vanderbilt,Vanderbilt,17.147825821586277,46,3500,MIN@BOS,MIN,BOS,,,,,,PF
56787-110321,SG,Romeo,Romeo Langford,Langford,9.866666793823242,3,3500,MIN@BOS,BOS,MIN,,,,,,SG
56787-67312,C,Thomas,Thomas Bryant,Bryant,26.370001220703124,10,3500,WAS@GS,WAS,GS,O,Knee,,,,C
56787-84722,PF,Isaac,Isaac Bonga,Bonga,6.1064517113470265,31,3500,WAS@GS,WAS,GS,,,,,,PF
56787-110329,PF,Bruno,Bruno Fernando,Fernando,4.742307809682993,26,3500,CHI@ATL,ATL,CHI,,,,,,PF
56787-110333,SF,Jarrett,Jarrett Culver,Culver,12.689655172413794,29,3500,MIN@BOS,MIN,BOS,,,,,,SF
56787-110332,PG,Carsen,Carsen Edwards,Edwards,7.085714431036086,21,3500,MIN@BOS,BOS,MIN,,,,,,PG
56787-23294,SF,Danuel,Danuel House,House,19.02258103893649,31,3500,HOU@LAC,HOU,LAC,O,Ankle,,,,SF
56787-110348,SG,Quinndary,Quinndary Weatherspoon,Weatherspoon,2.7285714830671037,14,3500,SA@DEN,SA,DEN,,,,,,SG
56787-55055,PG,Dante,Dante Exum,Exum,12.316666920979818,6,3500,HOU@LAC,HOU,LAC,O,Calf,,,,PG
56787-111376,SG,John,John Konchar,Konchar,12.01153799203726,26,3500,MEM@NY,MEM,NY,,,,,,SG
56787-110365,PF,Alen,Alen Smailagic,Smailagic,3.5200000762939454,5,3500,WAS@GS,GS,WAS,,,,,,PF
56787-110882,SG,Adam,Adam Mokoka,Mokoka,3.422222137451172,9,3500,CHI@ATL,CHI,ATL,,,,,,SG
56787-145697,PG,Karim,Karim Mane,Mane,3.8666665818956165,9,3500,IND@ORL,ORL,IND,O,Hamstring,,,,PG
56787-48940,SG,Wes,Wes Iwundu,Iwundu,6.93793092924973,29,3500,PHI@NO,NO,PHI,,,,,,SG
56787-119602,SF,Jontay,Jontay Porter,Porter,3.6599998474121094,5,3500,MEM@NY,MEM,NY,,,,,,SF
56787-82744,PG,Shaquille,Shaquille Harrison,Harrison,2.4882352492388558,17,3500,SA@DEN,DEN,SA,GTD,Not injury related,,,,PG
56787-145730,SG,Nate,Nate Darling,Darling,2.174999952316284,4,3500,CHA@MIL,CHA,MIL,,,,,,SG
56787-11074,SF,Garrett,Garrett Temple,Temple,17.921620961782093,37,3500,CHI@ATL,CHI,ATL,O,Hamstring,,,,SF
56787-145745,C,Will,Will Magnay,Magnay,-1,1,3500,PHI@NO,NO,PHI,,,,,,C
56787-23407,PF,P.J.,P.J. Tucker,Tucker,14.622856794084822,35,3500,CHA@MIL,MIL,CHA,O,Calf,,,,PF
56787-111492,PF,Amir,Amir Coffey,Coffey,4.732352761661305,34,3500,HOU@LAC,LAC,HOU,,,,,,PF
56787-145303,SG,Skylar,Skylar Mays,Mays,6.608333587646484,24,3500,CHI@ATL,ATL,CHI,,,,,,SG
56787-15771,C,Gorgui,Gorgui Dieng,Dieng,16.82,25,3500,SA@DEN,SA,DEN,O,Shoulder,,,,C
56787-145305,PF,Zeke,Zeke Nnaji,Nnaji,6.378787878787879,33,3500,SA@DEN,DEN,SA,,,,,,PF
56787-115612,SF,Kelan,Kelan Martin,Martin,4.388888888888889,18,3500,IND@ORL,IND,ORL,,,,,,SF
56787-145311,SG,Grant,Grant Riller,Riller,0,1,3500,CHA@MIL,CHA,MIL,,,,,,SG
56787-145312,PF,Vernon,Vernon Carey,Carey,2.3666665818956165,9,3500,CHA@MIL,CHA,MIL,,,,,,PF
56787-80805,PG,Markelle,Markelle Fultz,Fultz,26.1875,8,3500,IND@ORL,ORL,IND,O,Knee,,,,PG
56787-145318,C,Nick,Nick Richards,Richards,1.869230710543119,13,3500,CHA@MIL,CHA,MIL,,,,,,C
56787-145317,PG,Sam,Sam Merrill,Merrill,5.380952380952381,21,3500,CHA@MIL,MIL,CHA,,,,,,PG
56787-145323,PG,Tre,Tre Jones,Jones,3,24,3500,SA@DEN,SA,DEN,,,,,,PG
56787-145320,C,Daniel,Daniel Oturu,Oturu,3.5368419446443258,19,3500,HOU@LAC,LAC,HOU,,,,,,C
56787-145833,SG,Axel,Axel Toupane,Toupane,3.1142856052943637,7,3500,CHA@MIL,MIL,CHA,,,,,,SG
56787-80813,PG,Frank,Frank Ntilikina,Ntilikina,8.766666836208767,18,3500,MEM@NY,NY,MEM,,,,,,PG
56787-145324,SG,Devin,Devin Vassell,Vassell,13.083333333333334,42,3500,SA@DEN,SA,DEN,,,,,,SG
56787-145330,PG,Isaiah,Isaiah Joe,Joe,6.988461421086238,26,3500,PHI@NO,PHI,NO,,,,,,PG
56787-145331,SG,Tyrese,Tyrese Maxey,Maxey,12.383720930232558,43,3500,PHI@NO,PHI,NO,,,,,,SG
56787-145329,SF,Paul,Paul Reed,Reed,8.376923194298378,13,3500,PHI@NO,PHI,NO,,,,,,SF
56787-145333,SG,Aaron,Aaron Nesmith,Nesmith,7.689655172413793,29,3500,MIN@BOS,BOS,MIN,,,,,,SG
56787-145339,SF,Obi,Obi Toppin,Toppin,8.680952526274181,42,3500,MEM@NY,NY,MEM,,,,,,SF
56787-145342,SG,Cassius,Cassius Stanley,Stanley,2.142857142857143,14,3500,IND@ORL,IND,ORL,,,,,,SG
56787-145349,PG,Cassius,Cassius Winston,Winston,4.314285823277065,14,3500,WAS@GS,WAS,GS,,,,,,PG
56787-18376,SG,Damion,Damion Lee,Lee,13.71800048828125,50,3500,WAS@GS,GS,WAS,,,,,,SG
56787-145354,SG,Devon,Devon Dotson,Dotson,3.133333206176758,3,3500,CHI@ATL,CHI,ATL,,,,,,SG
56787-145358,PG,Markus,Markus Howard,Howard,2.0458332697550454,24,3500,SA@DEN,DEN,SA,,,,,,PG
56787-145356,SF,Sean,Sean McDermott,McDermott,5.253333536783854,15,3500,MEM@NY,MEM,NY,,,,,,SF
56787-116178,PG,Rayjon,Rayjon Tucker,Tucker,3.459999847412109,5,3500,PHI@NO,PHI,NO,,,,,,PG
56787-48598,SF,Semi,Semi Ojeleye,Ojeleye,10.180952526274181,42,3500,MIN@BOS,BOS,MIN,,,,,,SF
56787-85466,PF,Wenyen,Wenyen Gabriel,Gabriel,3.033333248562283,9,3500,PHI@NO,NO,PHI,,,,,,PF
56787-24544,SG,Gary,Gary Harris,Harris,17.75789441560444,19,3500,IND@ORL,ORL,IND,,,,,,SG
56787-97263,C,Drew,Drew Eubanks,Eubanks,12.825806648500505,31,3500,SA@DEN,SA,DEN,,,,,,C
56787-16368,PF,Mike,Mike Scott,Scott,9.909375190734863,32,3500,PHI@NO,PHI,NO,,,,,,PF
56787-63478,C,Cristiano,Cristiano Felicio,Felicio,3.8099998474121093,10,3500,CHI@ATL,CHI,ATL,,,,,,C
56787-96763,PG,Brandon,Brandon Goodwin,Goodwin,8.27647040872013,34,3500,CHI@ATL,ATL,CHI,,,,,,PG