Id,Position,First Name,Nickname,Last Name,FPPG,Played,Salary,Game,Team,Opponent,Injury Indicator,Injury Details,Tier,,
55276-9644,SG,James,James Harden,Harden,52.19666748046875,30,11200,BKN@HOU,BKN,HOU,,,,,
55276-84669,PG,Luka,Luka Doncic,Doncic,53.071876525878906,32,10600,OKC@DAL,DAL,OKC,GTD,Back,,,
55276-9488,SF,LeBron,LeBron James,James,48.633334689670136,36,10500,LAL@SAC,LAL,SAC,O,Ankle,,,
55276-49111,C,Joel,Joel Embiid,Embiid,52.8724154768319,29,10400,UTA@PHI,PHI,UTA,,,,,
55276-9646,SF,Kevin,Kevin Durant,Durant,48.542104620682565,19,10200,BKN@HOU,BKN,HOU,O,Hamstring,,,
55276-20848,PG,Damian,Damian Lillard,Lillard,47.431251525878906,32,10100,GS@POR,POR,GS,,,,,
55276-14514,C,Nikola,Nikola Vucevic,Vucevic,47.31714215959821,35,9900,ATL@ORL,ORL,ATL,,,,,
55276-9524,PG,Stephen,Stephen Curry,Curry,46.376472024356616,34,9900,GS@POR,GS,POR,,,,,
55276-40783,SG,Zach,Zach LaVine,LaVine,42.89393939393939,33,9800,CHI@NO,CHI,NO,,,,,
55276-15755,PF,Anthony,Anthony Davis,Davis,44.54782502547555,23,9800,LAL@SAC,LAL,SAC,O,Calf,,,
55276-58462,C,Karl-Anthony,Karl-Anthony Towns,Towns,46.266666666666666,15,9700,CHA@MIN,MIN,CHA,,,,,
55276-84671,PG,Trae,Trae Young,Young,44.2757568359375,33,9200,ATL@ORL,ATL,ORL,,,,,
55276-59358,PF,Domantas,Domantas Sabonis,Sabonis,44.79697117660985,33,9200,IND@CLE,IND,CLE,,,,,
55276-14498,PG,Kyrie,Kyrie Irving,Irving,45.012001953125,25,9100,BKN@HOU,BKN,HOU,,,,,
55276-110310,PF,Zion,Zion Williamson,Williamson,41.430301550662875,33,8900,CHI@NO,NO,CHI,,,,,
55276-60021,SF,Pascal,Pascal Siakam,Siakam,39.61000162760417,30,8800,DET@TOR,TOR,DET,O,Covid-19,,,
55276-19067,SG,CJ,CJ McCollum,McCollum,42.74615478515625,13,8700,GS@POR,POR,GS,O,Foot,,,
55276-12332,PG,John,John Wall,Wall,35.03333282470703,24,8600,BKN@HOU,HOU,BKN,,,,,
55276-145485,PG,LaMelo,LaMelo Ball,Ball,35.64117790670956,34,8600,CHA@MIN,CHA,MIN,,,,,
55276-66115,PG,Ben,Ben Simmons,Simmons,40.873331705729164,30,8500,UTA@PHI,PHI,UTA,,,,,
55276-42202,PF,Christian,Christian Wood,Wood,41.81176398782169,17,8500,BKN@HOU,HOU,BKN,O,Ankle,,,
55276-24247,SG,Fred,Fred VanVleet,VanVleet,40.799998563878674,34,8400,DET@TOR,TOR,DET,O,Covid-19,,,
55276-55059,C,Clint,Clint Capela,Capela,40.53437423706055,32,8400,ATL@ORL,ATL,ORL,,,,,
55276-80821,C,Jarrett,Jarrett Allen,Allen,32.838235294117645,34,8300,IND@CLE,CLE,IND,,,,,
55276-66113,SG,Donovan,Donovan Mitchell,Mitchell,38.80908942945076,33,8200,UTA@PHI,UTA,PHI,,,,,
55276-84680,SG,Shai,Shai Gilgeous-Alexander,Gilgeous-Alexander,40.33571515764509,28,8200,OKC@DAL,OKC,DAL,,,,,
55276-9535,PG,Kyle,Kyle Lowry,Lowry,36.0407398365162,27,8200,DET@TOR,TOR,DET,,,,,
55276-40203,C,Rudy,Rudy Gobert,Gobert,39.845713588169644,35,8100,UTA@PHI,UTA,PHI,,,,,
55276-80810,PG,De'Aaron,De'Aaron Fox,Fox,39.56060606060606,33,8000,LAL@SAC,SAC,LAL,,,,,
55276-66048,SF,Brandon,Brandon Ingram,Ingram,39.55588307100184,34,7800,CHI@NO,NO,CHI,,,,,
55276-63122,PF,Kristaps,Kristaps Porzingis,Porzingis,36.96315725226151,19,7800,OKC@DAL,DAL,OKC,,,,,
55276-66236,PF,John,John Collins,Collins,32.27142857142857,35,7700,ATL@ORL,ATL,ORL,,,,,
55276-84667,SG,Collin,Collin Sexton,Sexton,34.18000081380208,30,7600,IND@CLE,CLE,IND,,,,,
55276-15860,PF,Draymond,Draymond Green,Green,29.24333292643229,30,7600,GS@POR,GS,POR,,,,,
55276-15684,SG,Victor,Victor Oladipo,Oladipo,35.721738068953805,23,7500,BKN@HOU,HOU,BKN,,,,,
55276-23831,PF,Jerami,Jerami Grant,Grant,37.84848484848485,33,7400,DET@TOR,DET,TOR,GTD,Quadriceps,,,
55276-58153,SF,Kelly,Kelly Oubre,Oubre,29.059999302455356,35,7400,GS@POR,GS,POR,,,,,
55276-16359,PG,Malcolm,Malcolm Brogdon,Brogdon,38.84687423706055,32,7400,IND@CLE,IND,CLE,,,,,
55276-145337,SG,Tyrese,Tyrese Haliburton,Haliburton,30.030000813802083,30,7300,LAL@SAC,SAC,LAL,O,Calf,,,
55276-58312,SG,D'Angelo,D'Angelo Russell,Russell,32.04500122070313,20,7200,CHA@MIN,MIN,CHA,O,Knee,,,
55276-12366,SF,Gordon,Gordon Hayward,Hayward,36.380000813802084,30,7100,CHA@MIN,CHA,MIN,GTD,Hand,,,
55276-14518,PF,Tobias,Tobias Harris,Harris,37.27333170572917,30,7100,UTA@PHI,PHI,UTA,GTD,Knee,,,
55276-42677,SG,Terry,Terry Rozier,Rozier,32.712501525878906,32,7000,CHA@MIN,CHA,MIN,,,,,
55276-15590,C,Mason,Mason Plumlee,Plumlee,29.387500762939453,32,6900,DET@TOR,DET,TOR,,,,,
55276-80806,PG,Lonzo,Lonzo Ball,Ball,31.270968529485888,31,6900,CHI@NO,NO,CHI,,,,,
55276-23096,SF,Evan,Evan Fournier,Fournier,29.88095238095238,21,6800,ATL@ORL,ORL,ATL,GTD,Groin,,,
55276-15946,SF,Harrison,Harrison Barnes,Barnes,30.980645948840724,31,6800,LAL@SAC,SAC,LAL,,,,,
55276-16293,SF,Norman,Norman Powell,Powell,26,32,6800,DET@TOR,TOR,DET,,,,,
55276-9666,PF,Thaddeus,Thaddeus Young,Young,29.386207317483837,29,6700,CHI@NO,CHI,NO,,,,,
55276-68203,PF,Chris,Chris Boucher,Boucher,29.28529447667739,34,6600,DET@TOR,TOR,DET,,,,,
55276-23447,C,Richaun,Richaun Holmes,Holmes,30.59000040690104,30,6600,LAL@SAC,SAC,LAL,,,,,
55276-66064,SF,Malik,Malik Beasley,Beasley,31.124241684422348,33,6500,CHA@MIN,MIN,CHA,O,Suspension,,,
55276-58253,C,Myles,Myles Turner,Turner,34.400000787550404,31,6500,IND@CLE,IND,CLE,,,,,
55276-23776,C,Montrezl,Montrezl Harrell,Harrell,25.672222561306423,36,6400,LAL@SAC,LAL,SAC,,,,,
55276-110342,PG,Darius,Darius Garland,Garland,28.77407497829861,27,6400,IND@CLE,CLE,IND,,,,,
55276-145321,SG,Anthony,Anthony Edwards,Edwards,25.265713936941964,35,6400,CHA@MIN,MIN,CHA,,,,,
55276-49116,SG,Andrew,Andrew Wiggins,Wiggins,29.688570731026786,35,6400,GS@POR,GS,POR,,,,,
55276-14516,C,Enes,Enes Kanter,Kanter,29.818181818181817,33,6300,GS@POR,POR,GS,,,,,
55276-40830,PG,Delon,Delon Wright,Wright,28.175861227101294,29,6300,DET@TOR,DET,TOR,O,Groin,,,
55276-20491,PF,Robert,Robert Covington,Covington,24.809676631804436,31,6200,GS@POR,POR,GS,,,,,
55276-84679,PF,Marvin,Marvin Bagley,Bagley,26.337499618530273,32,6200,LAL@SAC,SAC,LAL,,,,,
55276-9453,C,Al,Al Horford,Horford,31.856522269870926,23,6200,OKC@DAL,OKC,DAL,,,,,
55276-9575,PG,Mike,Mike Conley,Conley,31.814285278320312,28,6200,UTA@PHI,UTA,PHI,,,,,
55276-110326,PG,Coby,Coby White,White,28.848484848484848,33,6000,CHI@NO,CHI,NO,,,,,
55276-55057,C,Jusuf,Jusuf Nurkic,Nurkic,26.741666158040363,12,6000,GS@POR,POR,GS,O,Wrist,,,
55276-110352,PF,P.J.,P.J. Washington,Washington,28.730000813802082,30,5800,CHA@MIN,CHA,MIN,,,,,
55276-58377,PF,Kyle,Kyle Kuzma,Kuzma,22.125714983258927,35,5700,LAL@SAC,LAL,SAC,GTD,Heel,,,
55276-9874,PF,Kevin,Kevin Love,Love,20.450000762939453,2,5700,IND@CLE,CLE,IND,O,Calf,,,
55276-84676,C,Wendell,Wendell Carter,Carter,27.39999944513494,22,5700,CHI@NO,CHI,NO,,,,,
55276-20992,SF,Larry,Larry Nance,Nance,28.173683568050986,19,5600,IND@CLE,CLE,IND,O,Finger,,,
55276-23665,SG,Buddy,Buddy Hield,Hield,27.426470588235293,34,5600,LAL@SAC,SAC,LAL,GTD,Ankle,,,
55276-80809,SG,Josh,Josh Jackson,Jackson,24.662500381469727,32,5600,DET@TOR,DET,TOR,,,,,
55276-18393,PG,T.J.,T.J. McConnell,McConnell,25.00333251953125,30,5600,IND@CLE,IND,CLE,,,,,
55276-16405,SG,Terrence,Terrence Ross,Ross,25.7911771886489,34,5500,ATL@ORL,ORL,ATL,,,,,
55276-41594,PF,Aaron,Aaron Gordon,Gordon,30.705264442845394,19,5500,ATL@ORL,ORL,ATL,O,Ankle,,,
55276-20640,SG,Jordan,Jordan Clarkson,Clarkson,28.108571079799106,35,5500,UTA@PHI,UTA,PHI,,,,,
55276-14530,SF,Bojan,Bojan Bogdanovic,Bogdanovic,23.542857142857144,35,5500,UTA@PHI,UTA,PHI,,,,,
55276-84695,SG,Gary,Gary Trent,Trent,22.103226200226814,31,5500,GS@POR,POR,GS,,,,,
55276-40201,PG,Dennis,Dennis Schroder,Schroder,26.384374618530273,32,5500,LAL@SAC,LAL,SAC,,,,,
55276-80812,PF,Lauri,Lauri Markkanen,Markkanen,29,14,5500,CHI@NO,CHI,NO,GTD,Shoulder,,,
55276-80814,PG,Dennis,Dennis Smith,Smith,17.63076899601863,13,5500,DET@TOR,DET,TOR,,,,,
55276-110637,PF,Darius,Darius Bazley,Bazley,24.823529411764707,34,5400,OKC@DAL,OKC,DAL,,,,,
55276-12355,SG,Eric,Eric Bledsoe,Bledsoe,23.99090946081913,33,5400,CHI@NO,NO,CHI,,,,,
55276-68090,SF,OG,OG Anunoby,Anunoby,28.539131496263586,23,5400,DET@TOR,TOR,DET,O,Covid-19,,,
55276-84694,SG,Bruce,Bruce Brown,Brown,18.178125381469727,32,5300,BKN@HOU,BKN,HOU,,,,,
55276-84704,SG,Kevin,Kevin Huerter,Huerter,24.885714285714286,35,5300,ATL@ORL,ATL,ORL,,,,,
55276-9556,SG,Eric,Eric Gordon,Gordon,25.661538931039665,26,5300,BKN@HOU,HOU,BKN,GTD,Knee,,,
55276-84690,PG,Jalen,Jalen Brunson,Brunson,22.079309923895472,29,5200,OKC@DAL,DAL,OKC,,,,,
55276-84706,SG,Devonte',Devonte' Graham,Graham,27.44,25,5200,CHA@MIN,CHA,MIN,O,Kneecap,,,
55276-23169,C,Steven,Steven Adams,Adams,25.41290283203125,31,5100,CHI@NO,NO,CHI,,,,,
55276-9561,C,DeAndre,DeAndre Jordan,Jordan,22.83529483570772,34,5100,BKN@HOU,BKN,HOU,,,,,
55276-66968,SF,Derrick,Derrick Jones,Jones,20.162069386449353,29,5100,GS@POR,POR,GS,,,,,
55276-145328,SF,Saddiq,Saddiq Bey,Bey,17.396875381469727,32,5100,DET@TOR,DET,TOR,,,,,
55276-40562,SF,Josh,Josh Hart,Hart,23.344118006089154,34,5000,CHI@NO,NO,CHI,,,,,
55276-15557,C,Andre,Andre Drummond,Drummond,42.5360009765625,25,5000,IND@CLE,CLE,IND,O,Not injury related,,,
55276-9508,SF,Carmelo,Carmelo Anthony,Anthony,23.978124618530273,32,5000,GS@POR,POR,GS,,,,,
55276-145576,PF,Jae'Sean,Jae'Sean Tate,Tate,21.690908720999055,33,4900,BKN@HOU,HOU,BKN,,,,,
55276-84678,PF,Miles,Miles Bridges,Bridges,22.235294117647058,34,4900,CHA@MIN,CHA,MIN,,,,,
55276-42733,SF,David,David Nwaba,Nwaba,20.057141985212052,28,4900,BKN@HOU,HOU,BKN,O,Wrist,,,
55276-80816,SF,Malik,Malik Monk,Monk,19.36666724795387,21,4900,CHA@MIN,CHA,MIN,,,,,
55276-14496,PG,Ricky,Ricky Rubio,Rubio,22.639393199573863,33,4800,CHA@MIN,MIN,CHA,,,,,
55276-16201,PG,Michael,Michael Carter-Williams,Carter-Williams,21.043750762939453,16,4800,ATL@ORL,ORL,ATL,,,,,
55276-15691,C,Cody,Cody Zeller,Zeller,24.955556233723957,18,4800,CHA@MIN,CHA,MIN,GTD,Hip,,,
55276-16363,SF,Joe,Joe Harris,Harris,23.091666327582466,36,4800,BKN@HOU,BKN,HOU,,,,,
55276-145310,PG,Saben,Saben Lee,Lee,12.976922842172476,13,4700,DET@TOR,DET,TOR,,,,,
55276-9637,SF,Danilo,Danilo Gallinari,Gallinari,17.473912778108016,23,4700,ATL@ORL,ATL,ORL,,,,,
55276-63127,C,Willy,Willy Hernangomez,Hernangomez,19.763157894736842,19,4600,CHI@NO,NO,CHI,,,,,
55276-110346,PF,Isaiah,Isaiah Roby,Roby,20.24285670689174,28,4600,OKC@DAL,OKC,DAL,,,,,
55276-16233,SF,Josh,Josh Richardson,Richardson,22.0500005086263,24,4600,OKC@DAL,DAL,OKC,,,,,
55276-145308,PF,Patrick,Patrick Williams,Williams,20.5,32,4600,CHI@NO,CHI,NO,,,,,
55276-59318,SG,Joe,Joe Ingles,Ingles,22.635484264742942,31,4600,UTA@PHI,UTA,PHI,,,,,
55276-12363,C,Hassan,Hassan Whiteside,Whiteside,19.517391038977582,23,4500,LAL@SAC,SAC,LAL,O,Covid-19,,,
55276-63126,SF,Cedi,Cedi Osman,Osman,21.479411405675553,34,4500,IND@CLE,CLE,IND,,,,,
55276-16604,SF,Justin,Justin Holiday,Holiday,23.03030303030303,33,4500,IND@CLE,IND,CLE,,,,,
55276-110339,SG,Cam,Cam Reddish,Reddish,21.588461068960335,26,4500,ATL@ORL,ATL,ORL,GTD,Achilles,,,
55276-15628,SF,Otto,Otto Porter,Porter,23.4375,16,4500,CHI@NO,CHI,NO,O,Back,,,
55276-9560,PF,Blake,Blake Griffin,Griffin,25.064999389648438,20,4500,DET@TOR,DET,TOR,O,Not injury related,,,
55276-145347,C,James,James Wiseman,Wiseman,22.9875005086263,24,4500,GS@POR,GS,POR,,,,,
55276-12368,PF,Nemanja,Nemanja Bjelica,Bjelica,16.188236012178308,17,4400,LAL@SAC,SAC,LAL,,,,,
55276-17491,SF,James,James Ennis,Ennis,16.275000254313152,24,4400,ATL@ORL,ORL,ATL,O,Calf,,,
55276-84699,PG,Hamidou,Hamidou Diallo,Diallo,24.203125,32,4400,OKC@DAL,OKC,DAL,O,Groin,,,
55276-84721,PF,Jarred,Jarred Vanderbilt,Vanderbilt,19.757575757575758,33,4400,CHA@MIN,MIN,CHA,,,,,
55276-9581,C,Marc,Marc Gasol,Gasol,17.117142159598213,35,4400,LAL@SAC,LAL,SAC,GTD,Covid-19,,,
55276-23407,PF,P.J.,P.J. Tucker,Tucker,15.483870967741936,31,4400,BKN@HOU,HOU,BKN,,,,,
55276-110995,C,Naz,Naz Reid,Reid,24.042424982244317,33,4400,CHA@MIN,MIN,CHA,,,,,
55276-145307,PF,Isaiah,Isaiah Stewart,Stewart,16.990625381469727,32,4400,DET@TOR,DET,TOR,,,,,
55276-18338,PF,Royce,Royce O'Neale,O'Neale,22.35142822265625,35,4400,UTA@PHI,UTA,PHI,,,,,
55276-9648,PF,Jeff,Jeff Green,Green,17.89696895714962,33,4400,BKN@HOU,BKN,HOU,GTD,Shoulder,,,
55276-16376,SF,Dorian,Dorian Finney-Smith,Finney-Smith,20.104166666666668,24,4400,OKC@DAL,DAL,OKC,,,,,
55276-117779,PF,Juan,Juan Toscano-Anderson,Toscano-Anderson,16.419047037760418,21,4300,GS@POR,GS,POR,,,,,
55276-9758,SF,Danny,Danny Green,Green,20.265713936941964,35,4300,UTA@PHI,PHI,UTA,,,,,
55276-15559,SG,Jeremy,Jeremy Lamb,Lamb,21.994736520867598,19,4300,IND@CLE,IND,CLE,GTD,Knee,,,
55276-81621,PF,Maxi,Maxi Kleber,Kleber,18.88095238095238,21,4300,OKC@DAL,DAL,OKC,,,,,
55276-15583,SG,Seth,Seth Curry,Curry,21.02962917751736,27,4300,UTA@PHI,PHI,UTA,,,,,
55276-15846,SG,Tim,Tim Hardaway,Hardaway,24.212499618530273,32,4300,OKC@DAL,DAL,OKC,,,,,
55276-67707,PF,Marquese,Marquese Chriss,Chriss,17.799999237060547,2,4200,GS@POR,GS,POR,O,Lower leg,,,
55276-145536,PG,Theo,Theo Maledon,Maledon,17.565517030913256,29,4200,OKC@DAL,OKC,DAL,,,,,
55276-84691,PG,Shake,Shake Milton,Milton,22.214814362702548,27,4200,UTA@PHI,PHI,UTA,,,,,
55276-23294,SF,Danuel,Danuel House,House,19.290908813476562,22,4200,BKN@HOU,HOU,BKN,GTD,Knee,,,
55276-11074,SF,Garrett,Garrett Temple,Temple,19.168750762939453,32,4200,CHI@NO,CHI,NO,,,,,
55276-19781,SF,Kent,Kent Bazemore,Bazemore,15.624241684422348,33,4200,GS@POR,GS,POR,,,,,
55276-23572,SF,Taurean,Taurean Prince,Prince,18.221429007393972,28,4100,IND@CLE,CLE,IND,GTD,Ankle,,,
55276-110354,PF,Nicolas,Nicolas Claxton,Claxton,21.200000762939453,4,4100,BKN@HOU,BKN,HOU,,,,,
55276-23981,PG,Alex,Alex Caruso,Caruso,15.344827586206897,29,4100,LAL@SAC,LAL,SAC,GTD,Neck,,,
55276-9660,C,Dwight,Dwight Howard,Howard,17.9,35,4100,UTA@PHI,PHI,UTA,,,,,
55276-37931,C,Aron,Aron Baynes,Baynes,14.716129426033266,31,4000,DET@TOR,TOR,DET,,,,,
55276-14511,PF,Markieff,Markieff Morris,Morris,11.946666463216145,30,4000,LAL@SAC,LAL,SAC,,,,,
55276-9956,SG,Wayne,Wayne Ellington,Ellington,15.396153376652645,26,4000,DET@TOR,DET,TOR,,,,,
55276-110323,C,Eric,Eric Paschall,Paschall,16.34375,32,4000,GS@POR,GS,POR,,,,,
55276-110351,SG,Cody,Cody Martin,Martin,8.650000138716264,22,4000,CHA@MIN,CHA,MIN,,,,,
55276-85305,SF,Kenrich,Kenrich Williams,Williams,15.335294835707721,34,4000,OKC@DAL,OKC,DAL,,,,,
55276-18256,SF,Doug,Doug McDermott,McDermott,19.815624237060547,32,4000,IND@CLE,IND,CLE,GTD,Teeth,,,
55276-24546,SF,Denzel,Denzel Valentine,Valentine,17.434482969086744,29,4000,CHI@NO,CHI,NO,,,,,
55276-9739,PF,JaVale,JaVale McGee,McGee,18.946154080904446,26,3900,IND@CLE,CLE,IND,,,,,
55276-111273,SG,Luguentz,Luguentz Dort,Dort,20.593938654119317,33,3900,OKC@DAL,OKC,DAL,,,,,
55276-58576,C,Kevon,Kevon Looney,Looney,12.42,25,3900,GS@POR,GS,POR,,,,,
55276-110317,PG,Jaylen,Jaylen Nowell,Nowell,14.342857724144345,21,3900,CHA@MIN,MIN,CHA,,,,,
55276-84724,SG,Landry,Landry Shamet,Shamet,12.550000190734863,32,3900,BKN@HOU,BKN,HOU,,,,,
55276-110337,SG,Talen,Talen Horton-Tucker,Horton-Tucker,15.784375190734863,32,3900,LAL@SAC,LAL,SAC,,,,,
55276-40262,PG,Sterling,Sterling Brown,Brown,17.845161684097782,31,3900,BKN@HOU,HOU,BKN,,,,,
55276-16790,PG,Brad,Brad Wanamaker,Wanamaker,12.485714285714286,35,3900,GS@POR,GS,POR,,,,,
55276-145341,SG,Isaac,Isaac Okoro,Okoro,17.80666707356771,30,3900,IND@CLE,CLE,IND,,,,,
55276-110639,PF,Sekou,Sekou Doumbouya,Doumbouya,8.556667073567708,30,3800,DET@TOR,DET,TOR,,,,,
55276-14505,C,Bismack,Bismack Biyombo,Biyombo,17.412500381469727,32,3800,CHA@MIN,CHA,MIN,,,,,
55276-70826,SG,Furkan,Furkan Korkmaz,Korkmaz,13.770833333333334,24,3800,UTA@PHI,PHI,UTA,,,,,
55276-49336,SG,DeAndre',DeAndre' Bembry,Bembry,11.44,25,3800,DET@TOR,TOR,DET,,,,,
55276-110341,SG,Dylan,Dylan Windler,Windler,15.609523228236608,21,3800,IND@CLE,CLE,IND,,,,,
55276-9538,SF,Trevor,Trevor Ariza,Ariza,19.824527380601417,53,3800,OKC@DAL,OKC,DAL,O,Personal,,,
55276-66424,C,Justin,Justin Patton,Patton,17.61999969482422,5,3800,BKN@HOU,HOU,BKN,,,,,
55276-145316,PG,Kira,Kira Lewis,Lewis,10.03499984741211,20,3800,CHI@NO,NO,CHI,,,,,
55276-17894,PF,Mike,Mike Muscala,Muscala,16.556249618530273,32,3800,OKC@DAL,OKC,DAL,,,,,
55276-23097,PG,Tomas,Tomas Satoransky,Satoransky,17.845454822887074,22,3700,CHI@NO,CHI,NO,,,,,
55276-12351,C,Derrick,Derrick Favors,Favors,17.87878787878788,33,3700,UTA@PHI,UTA,PHI,,,,,
55276-9799,SG,Wesley,Wesley Matthews,Matthews,9.855171992860992,29,3700,LAL@SAC,LAL,SAC,,,,,
55276-145489,PG,Killian,Killian Hayes,Hayes,9.728571210588727,7,3700,DET@TOR,DET,TOR,O,Hip,,,
55276-41082,C,Damian,Damian Jones,Jones,5.462500095367432,16,3700,LAL@SAC,LAL,SAC,,,,,
55276-145533,SF,Kenyon,Kenyon Martin,Martin,9.685714721679688,7,3700,BKN@HOU,HOU,BKN,,,,,
55276-70825,SF,Timothe,Timothe Luwawu-Cabarrot,Luwawu-Cabarrot,13.794117647058824,34,3700,BKN@HOU,BKN,HOU,GTD,Knee,,,
55276-84713,SG,Svi,Svi Mykhailiuk,Mykhailiuk,12.124242609197443,33,3700,DET@TOR,DET,TOR,,,,,
55276-84719,SG,Aaron,Aaron Holiday,Holiday,13.430303400213068,33,3700,IND@CLE,IND,CLE,,,,,
55276-110322,PG,Jordan,Jordan Poole,Poole,8.740000406901041,15,3700,GS@POR,GS,POR,,,,,
55276-110325,PF,Daniel,Daniel Gafford,Gafford,13.855999755859376,25,3700,CHI@NO,CHI,NO,,,,,
55276-110345,SF,Kevin,Kevin Porter,Porter,18.85800048828125,50,3700,BKN@HOU,HOU,BKN,,,,,
55276-15636,SG,Kentavious,Kentavious Caldwell-Pope,Caldwell-Pope,15.778124809265137,32,3700,LAL@SAC,LAL,SAC,,,,,
55276-110883,PF,Dean,Dean Wade,Wade,6.955555668583623,27,3700,IND@CLE,CLE,IND,,,,,
55276-58270,PG,Edmond,Edmond Sumner,Sumner,8.75,20,3700,IND@CLE,IND,CLE,,,,,
55276-18376,SG,Damion,Damion Lee,Lee,14.445714460100447,35,3700,GS@POR,GS,POR,,,,,
55276-9703,PG,George,George Hill,Hill,21.021427699497767,14,3700,OKC@DAL,OKC,DAL,O,Thumb,,,
55276-16368,PF,Mike,Mike Scott,Scott,9.356249809265137,16,3700,UTA@PHI,PHI,UTA,,,,,
55276-12342,PF,Al-Farouq,Al-Farouq Aminu,Aminu,14.037500381469727,8,3600,ATL@ORL,ORL,ATL,,,,,
55276-42550,PF,Jabari,Jabari Parker,Parker,8.350000381469727,2,3600,LAL@SAC,SAC,LAL,GTD,Covid-19,,,
55276-85597,PG,Jordan,Jordan McLaughlin,McLaughlin,17.34347799549932,23,3600,CHA@MIN,MIN,CHA,,,,,
55276-20064,PG,Matthew,Matthew Dellavedova,Dellavedova,9.543859649122806,57,3600,IND@CLE,CLE,IND,O,Abdomen,,,
55276-17517,SG,Tony,Tony Snell,Snell,9.5363637750799,22,3600,ATL@ORL,ATL,ORL,,,,,
55276-113267,SF,Caleb,Caleb Martin,Martin,13.39199951171875,25,3600,CHA@MIN,CHA,MIN,,,,,
55276-84675,C,Mo,Mo Bamba,Bamba,12.4375,16,3600,ATL@ORL,ORL,ATL,,,,,
55276-84689,SF,Josh,Josh Okogie,Okogie,12.468965727707435,29,3600,CHA@MIN,MIN,CHA,,,,,
55276-23780,SF,Jake,Jake Layman,Layman,12.030435313349185,23,3600,CHA@MIN,MIN,CHA,,,,,
55276-9966,PF,James,James Johnson,Johnson,16.338461068960335,26,3600,OKC@DAL,DAL,OKC,,,,,
55276-9455,PG,Rajon,Rajon Rondo,Rondo,12.452631900185033,19,3600,ATL@ORL,ATL,ORL,,,,,
55276-23802,PG,Kris,Kris Dunn,Dunn,22.386273552389707,51,3600,ATL@ORL,ATL,ORL,O,Ankle,,,
55276-110331,SG,Ty,Ty Jerome,Jerome,24.850000381469727,2,3600,OKC@DAL,OKC,DAL,,,,,
55276-110333,SF,Jarrett,Jarrett Culver,Culver,16.466666327582466,18,3600,CHA@MIN,MIN,CHA,,,,,
55276-110340,C,Jaxson,Jaxson Hayes,Hayes,10.282608695652174,23,3600,CHI@NO,NO,CHI,,,,,
55276-55055,PG,Dante,Dante Exum,Exum,12.316666920979818,6,3600,BKN@HOU,HOU,BKN,O,Calf,,,
55276-55060,SF,Bogdan,Bogdan Bogdanovic,Bogdanovic,17.469999694824217,10,3600,ATL@ORL,ATL,ORL,,,,,
55276-16197,SG,Chasson,Chasson Randle,Randle,12.471429007393974,7,3600,ATL@ORL,ORL,ATL,,,,,
55276-145304,C,Onyeka,Onyeka Okongwu,Okongwu,8.9,15,3600,ATL@ORL,ATL,ORL,,,,,
55276-80815,PF,Zach,Zach Collins,Collins,18.16363664106889,11,3600,GS@POR,POR,GS,O,Ankle,,,
55276-145329,SF,Paul,Paul Reed,Reed,8.9,5,3600,UTA@PHI,PHI,UTA,,,,,
55276-9655,SF,JJ,JJ Redick,Redick,12.466666666666667,30,3600,CHI@NO,NO,CHI,,,,,
55276-145340,PF,Reggie,Reggie Perry,Perry,9.942856924874443,14,3600,BKN@HOU,BKN,HOU,,,,,
55276-18435,SF,Alfonzo,Alfonzo McKinnie,McKinnie,3.299999910242417,17,3500,LAL@SAC,LAL,SAC,,,,,
55276-96775,PF,Norvel,Norvel Pelle,Pelle,6.525000095367432,4,3500,LAL@SAC,SAC,LAL,,,,,
55276-66061,SG,Dwayne,Dwayne Bacon,Bacon,16.420000348772323,35,3500,ATL@ORL,ORL,ATL,,,,,
55276-101393,SG,Paul,Paul Watson,Watson,3.1999999455043246,14,3500,DET@TOR,TOR,DET,,,,,
55276-117273,SF,Mychal,Mychal Mulder,Mulder,7.125,32,3500,GS@POR,GS,POR,,,,,
55276-15904,SG,Rodney,Rodney Hood,Hood,9.964285714285714,28,3500,GS@POR,POR,GS,,,,,
55276-117286,C,Moses,Moses Brown,Brown,8.214285714285714,7,3500,OKC@DAL,OKC,DAL,,,,,
55276-117289,PF,Juwan,Juwan Morgan,Morgan,3.053333282470703,15,3500,UTA@PHI,UTA,PHI,,,,,
55276-110638,SG,Deividas,Deividas Sirvydis,Sirvydis,0.375,4,3500,DET@TOR,DET,TOR,,,,,
55276-117301,PF,Devontae,Devontae Cacok,Cacok,4.5,4,3500,LAL@SAC,LAL,SAC,,,,,
55276-117812,SF,Donta,Donta Hall,Hall,12.51111094156901,9,3500,DET@TOR,TOR,DET,,,,,
55276-15417,SF,Solomon,Solomon Hill,Hill,10.454285539899553,35,3500,ATL@ORL,ATL,ORL,,,,,
55276-117307,SF,DaQuan,DaQuan Jeffries,Jeffries,10.8,10,3500,LAL@SAC,SAC,LAL,,,,,
55276-117821,PG,Keljin,Keljin Blevins,Blevins,1.711111068725586,9,3500,GS@POR,POR,GS,,,,,
55276-12365,C,Ed,Ed Davis,Davis,12.731578626130757,19,3500,CHA@MIN,MIN,CHA,,,,,
55276-23120,SF,T.J.,T.J. Warren,Warren,22.075000762939453,4,3500,IND@CLE,IND,CLE,O,Foot,,,
55276-145491,PF,Nathan,Nathan Knight,Knight,5.75,10,3500,ATL@ORL,ATL,ORL,,,,,
55276-110697,PF,Nicolo,Nicolo Melli,Melli,6.574999809265137,16,3500,CHI@NO,NO,CHI,,,,,
55276-23156,PF,Georges,Georges Niang,Niang,9.645714460100447,35,3500,UTA@PHI,UTA,PHI,,,,,
55276-41077,SG,Sindarius,Sindarius Thornwell,Thornwell,2.872727307406339,11,3500,CHI@NO,NO,CHI,,,,,
55276-116340,SG,Terence,Terence Davis,Davis,11.585714067731585,28,3500,DET@TOR,TOR,DET,,,,,
55276-41083,PF,Luke,Luke Kornet,Kornet,7.3,10,3500,CHI@NO,CHI,NO,,,,,
55276-23676,PG,Damyean,Damyean Dotson,Dotson,13.220689444706357,29,3500,IND@CLE,CLE,IND,,,,,
55276-145538,PF,Aleksej,Aleksej Pokusevski,Pokusevski,12.852941176470589,17,3500,OKC@DAL,OKC,DAL,,,,,
55276-70822,PF,Juancho,Juancho Hernangomez,Hernangomez,13.117647058823529,17,3500,CHA@MIN,MIN,CHA,,,,,
55276-18600,PG,Tyler,Tyler Johnson,Johnson,8.8176466997932,17,3500,BKN@HOU,BKN,HOU,,,,,
55276-14509,SG,Klay,Klay Thompson,Thompson,,,3500,GS@POR,GS,POR,O,Achilles,,,
55276-14515,SG,Iman,Iman Shumpert,Shumpert,2.5999999046325684,2,3500,BKN@HOU,BKN,HOU,,,,,
55276-15542,SG,Spencer,Spencer Dinwiddie,Dinwiddie,17.6999994913737,3,3500,BKN@HOU,BKN,HOU,O,Knee,,,
55276-15548,SG,Andre,Andre Roberson,Roberson,9.699999809265137,4,3500,BKN@HOU,BKN,HOU,,,,,
55276-23740,PG,Ryan,Ryan Arcidiacono,Arcidiacono,8.141176111557904,17,3500,CHI@NO,CHI,NO,,,,,
55276-14529,PG,Cory,Cory Joseph,Joseph,13.876470229204964,34,3500,LAL@SAC,SAC,LAL,,,,,
55276-16081,PF,Khem,Khem Birch,Birch,17.523529052734375,34,3500,ATL@ORL,ORL,ATL,,,,,
55276-84701,C,Chimezie,Chimezie Metu,Metu,8.4636362249201,11,3500,LAL@SAC,SAC,LAL,O,Wrist,,,
55276-84700,PF,Rodions,Rodions Kurucs,Kurucs,3.924999952316284,16,3500,BKN@HOU,HOU,BKN,O,Oblique,,,
55276-84707,SF,Chandler,Chandler Hutchison,Hutchison,5.857142857142857,7,3500,CHI@NO,CHI,NO,O,Lower leg,,,
55276-58083,C,Jahlil,Jahlil Okafor,Okafor,7.991666793823242,12,3500,DET@TOR,DET,TOR,O,Knee,,,
55276-110308,SF,Jarrell,Jarrell Brantley,Brantley,2.4399999618530273,10,3500,UTA@PHI,UTA,PHI,,,,,
55276-145643,SG,Mason,Mason Jones,Jones,9.657143002464657,21,3500,BKN@HOU,HOU,BKN,,,,,
55276-110827,SG,Matt,Matt Thomas,Thomas,3.665000152587891,20,3500,DET@TOR,TOR,DET,,,,,
55276-84717,PG,Anfernee,Anfernee Simons,Simons,13.353333536783854,30,3500,GS@POR,POR,GS,,,,,
55276-110829,SG,Brian,Brian Bowen,Bowen,4.199999809265137,1,3500,IND@CLE,IND,CLE,,,,,
55276-110320,SF,Matisse,Matisse Thybulle,Thybulle,12.712499618530273,32,3500,UTA@PHI,PHI,UTA,,,,,
55276-84725,PF,Kostas,Kostas Antetokounmpo,Antetokounmpo,5.533333460489909,3,3500,LAL@SAC,LAL,SAC,,,,,
55276-110324,SG,Miye,Miye Oni,Oni,4.776922959547776,26,3500,UTA@PHI,UTA,PHI,,,,,
55276-23798,SG,Caris,Caris LeVert,LeVert,35.28333282470703,12,3500,IND@CLE,IND,CLE,O,Abdomen,,,
55276-85238,SG,Yuta,Yuta Watanabe,Watanabe,9.876190185546875,21,3500,DET@TOR,TOR,DET,,,,,
55276-110329,PF,Bruno,Bruno Fernando,Fernando,6.3941174675436585,17,3500,ATL@ORL,ATL,ORL,,,,,
55276-97018,PG,Chris,Chris Chiozza,Chiozza,9.735714503696986,14,3500,BKN@HOU,BKN,HOU,,,,,
55276-110334,SG,Justin,Justin James,James,3.869230710543119,13,3500,LAL@SAC,SAC,LAL,,,,,
55276-110336,PF,Chuma,Chuma Okeke,Okeke,14.647367778577303,19,3500,ATL@ORL,ORL,ATL,,,,,
55276-110338,SF,De'Andre,De'Andre Hunter,Hunter,29.96666802300347,18,3500,ATL@ORL,ATL,ORL,O,Knee,,,
55276-110343,SF,Nassir,Nassir Little,Little,9.166666666666666,18,3500,GS@POR,POR,GS,,,,,
55276-23823,C,Willie,Willie Cauley-Stein,Cauley-Stein,14.806451612903226,31,3500,OKC@DAL,DAL,OKC,GTD,Thumb,,,
55276-110350,PF,Jalen,Jalen McDaniels,McDaniels,8.987500190734863,16,3500,CHA@MIN,CHA,MIN,,,,,
55276-110356,SG,Nickeil,Nickeil Alexander-Walker,Alexander-Walker,16.318518744574654,27,3500,CHI@NO,NO,CHI,,,,,
55276-58134,SF,Justin,Justin Jackson,Jackson,12.482608961022418,23,3500,OKC@DAL,OKC,DAL,,,,,
55276-110359,C,Goga,Goga Bitadze,Bitadze,9.399999618530273,16,3500,IND@CLE,IND,CLE,,,,,
55276-110358,SG,Kyle,Kyle Guy,Guy,6.378571646554129,14,3500,LAL@SAC,SAC,LAL,,,,,
55276-115994,PF,Tyler,Tyler Cook,Cook,2.133333365122477,3,3500,BKN@HOU,BKN,HOU,,,,,
55276-110365,PF,Alen,Alen Smailagic,Smailagic,8.635714394705635,14,3500,GS@POR,GS,POR,,,,,
55276-110881,C,Vincent,Vincent Poirier,Poirier,2.383333365122477,6,3500,UTA@PHI,PHI,UTA,,,,,
55276-58658,SG,Patrick,Patrick McCaw,McCaw,2.3999999364217124,3,3500,DET@TOR,TOR,DET,O,Covid-19,,,
55276-110882,SG,Adam,Adam Mokoka,Mokoka,4.114285605294364,7,3500,CHI@NO,CHI,NO,,,,,
55276-145697,PG,Karim,Karim Mane,Mane,3.4166666666666665,6,3500,ATL@ORL,ORL,ATL,,,,,
55276-48940,SG,Wes,Wes Iwundu,Iwundu,6.2631578947368425,19,3500,OKC@DAL,DAL,OKC,,,,,
55276-16183,PF,JaKarr,JaKarr Sampson,Sampson,5.6200002034505205,15,3500,IND@CLE,IND,CLE,,,,,
55276-145730,SG,Nate,Nate Darling,Darling,,,3500,CHA@MIN,CHA,MIN,,,,,
55276-16196,C,Dwight,Dwight Powell,Powell,12.10909063165838,22,3500,OKC@DAL,DAL,OKC,,,,,
55276-145738,SG,Nate,Nate Hinton,Hinton,2,6,3500,OKC@DAL,DAL,OKC,,,,,
55276-145737,SG,Brodric,Brodric Thomas,Thomas,5.699999809265137,4,3500,IND@CLE,CLE,IND,,,,,
55276-63826,C,Boban,Boban Marjanovic,Marjanovic,9.427777608235678,18,3500,OKC@DAL,DAL,OKC,,,,,
55276-145745,C,Will,Will Magnay,Magnay,,,3500,CHI@NO,NO,CHI,,,,,
55276-15727,SG,Ben,Ben McLemore,McLemore,10.821738865064537,23,3500,BKN@HOU,HOU,BKN,,,,,
55276-15744,SG,Rodney,Rodney McGruder,McGruder,4.179999923706054,10,3500,DET@TOR,DET,TOR,,,,,
55276-15762,SF,Darius,Darius Miller,Miller,7.416666666666667,12,3500,OKC@DAL,OKC,DAL,GTD,Illness,,,
55276-145303,SG,Skylar,Skylar Mays,Mays,7.337500095367432,16,3500,ATL@ORL,ATL,ORL,,,,,
55276-145306,SF,CJ,CJ Elleby,Elleby,6.023077157827524,13,3500,GS@POR,POR,GS,,,,,
55276-145819,SF,Naji,Naji Marshall,Marshall,1.6333333651224773,3,3500,CHI@NO,NO,CHI,,,,,
55276-115612,SF,Kelan,Kelan Martin,Martin,3.116666793823242,12,3500,IND@CLE,IND,CLE,,,,,
55276-145311,SG,Grant,Grant Riller,Riller,,,3500,CHA@MIN,CHA,MIN,GTD,Ankle,,,
55276-145309,C,Udoka,Udoka Azubuike,Azubuike,3.2999998728434243,12,3500,UTA@PHI,UTA,PHI,O,Ankle,,,
55276-145821,SF,Josh,Josh Hall,Hall,4.185714176722935,7,3500,OKC@DAL,OKC,DAL,,,,,
55276-145315,SF,Elijah,Elijah Hughes,Hughes,4.549999872843425,6,3500,UTA@PHI,UTA,PHI,,,,,
55276-145312,PF,Vernon,Vernon Carey,Carey,3.7000001271565757,3,3500,CHA@MIN,CHA,MIN,,,,,
55276-80805,PG,Markelle,Markelle Fultz,Fultz,26.1875,8,3500,ATL@ORL,ORL,ATL,O,Knee,,,
55276-145318,C,Nick,Nick Richards,Richards,2.1500000953674316,8,3500,CHA@MIN,CHA,MIN,,,,,
55276-145319,PF,Jaden,Jaden McDaniels,McDaniels,13.820689234240302,29,3500,CHA@MIN,MIN,CHA,,,,,
55276-80811,SF,Jonathan,Jonathan Isaac,Isaac,32.2705867991728,34,3500,ATL@ORL,ORL,ATL,O,Knee,,,
55276-145326,PG,Tyrell,Tyrell Terry,Terry,3.6545455239035864,11,3500,OKC@DAL,DAL,OKC,,,,,
55276-145327,PG,Cole,Cole Anthony,Anthony,23.28800048828125,25,3500,ATL@ORL,ORL,ATL,O,Ribs,,,
55276-145325,SG,Josh,Josh Green,Green,6.3411766501034,17,3500,OKC@DAL,DAL,OKC,,,,,
55276-145330,PG,Isaiah,Isaiah Joe,Joe,8.205000305175782,20,3500,UTA@PHI,PHI,UTA,,,,,
55276-145331,SG,Tyrese,Tyrese Maxey,Maxey,14.125,32,3500,UTA@PHI,PHI,UTA,,,,,
55276-80819,PF,Harry,Harry Giles,Giles,11.527273004705256,22,3500,GS@POR,POR,GS,GTD,Calf,,,
55276-80820,SG,Terrance,Terrance Ferguson,Ferguson,0.3555555608537462,9,3500,UTA@PHI,PHI,UTA,,,,,
55276-80823,PF,Tony,Tony Bradley,Bradley,12.083333333333334,12,3500,UTA@PHI,PHI,UTA,,,,,
55276-145332,SF,Tyler,Tyler Bey,Bey,3.1500000953674316,4,3500,OKC@DAL,DAL,OKC,,,,,
55276-145338,PG,Jahmi'us,Jahmi'us Ramsey,Ramsey,3.325000047683716,4,3500,LAL@SAC,SAC,LAL,,,,,
55276-80824,PG,Frank,Frank Jackson,Jackson,4.399999830457899,9,3500,DET@TOR,DET,TOR,O,Illness,,,
55276-145342,SG,Cassius,Cassius Stanley,Stanley,2.200000047683716,8,3500,IND@CLE,IND,CLE,,,,,
55276-145343,PG,Jalen,Jalen Harris,Harris,0.10000000149011612,2,3500,DET@TOR,TOR,DET,GTD,Finger,,,
55276-145344,PG,Malachi,Malachi Flynn,Flynn,5.2133331298828125,15,3500,DET@TOR,TOR,DET,O,Covid-19,,,
55276-145345,PG,Nico,Nico Mannion,Mannion,6.766666412353516,6,3500,GS@POR,GS,POR,,,,,
55276-145350,PF,Robert,Robert Woodard,Woodard,3.6000000635782876,6,3500,LAL@SAC,SAC,LAL,O,Hamstring,,,
55276-145354,SG,Devon,Devon Dotson,Dotson,5.199999809265137,1,3500,CHI@NO,CHI,NO,,,,,
55276-145352,SG,Trent,Trent Forrest,Forrest,2.1999999455043246,7,3500,UTA@PHI,UTA,PHI,,,,,
55276-9677,SF,Jared,Jared Dudley,Dudley,3.0700000762939452,10,3500,LAL@SAC,LAL,SAC,,,,,
55276-145357,PF,Lamar,Lamar Stevens,Stevens,10.545833587646484,24,3500,IND@CLE,CLE,IND,,,,,
55276-101331,PF,Gary,Gary Clark,Clark,9.562068544585129,29,3500,ATL@ORL,ORL,ATL,,,,,
55276-116178,PG,Rayjon,Rayjon Tucker,Tucker,4.575,20,3500,UTA@PHI,PHI,UTA,,,,,
55276-85466,PF,Wenyen,Wenyen Gabriel,Gabriel,1.875,4,3500,CHI@NO,NO,CHI,,,,,
55276-15843,PG,Trey,Trey Burke,Burke,12.559374809265137,32,3500,OKC@DAL,DAL,OKC,,,,,
55276-116202,PG,Jalen,Jalen Lecque,Lecque,4.266666730244954,3,3500,IND@CLE,IND,CLE,,,,,
55276-58350,SF,Stanley,Stanley Johnson,Johnson,9.523333740234374,30,3500,DET@TOR,TOR,DET,,,,,
55276-63478,C,Cristiano,Cristiano Felicio,Felicio,5.983333587646484,6,3500,CHI@NO,CHI,NO,,,,,
55276-96763,PG,Brandon,Brandon Goodwin,Goodwin,8.995833079020182,24,3500,ATL@ORL,ATL,ORL,,,,,