Id,Position,First Name,Nickname,Last Name,FPPG,Played,Salary,Game,Team,Opponent,Injury Indicator,Injury Details,Tier,,
55520-9644,SG,James,James Harden,Harden,51.915626525878906,32,11500,BOS@BKN,BKN,BOS,,,,,
55520-40199,PF,Giannis,Giannis Antetokounmpo,Antetokounmpo,55.94444444444444,36,11300,NY@MIL,MIL,NY,,,,,
55520-49111,C,Joel,Joel Embiid,Embiid,53.586665852864584,30,10700,PHI@CHI,PHI,CHI,O,Covid-19,,,
55520-84669,PG,Luka,Luka Doncic,Doncic,52.00882496553309,34,10400,DAL@OKC,DAL,OKC,,,,,
55520-20848,PG,Damian,Damian Lillard,Lillard,47.0971435546875,35,10000,PHO@POR,POR,PHO,,,,,
55520-14514,C,Nikola,Nikola Vucevic,Vucevic,46.5486499683277,37,9900,ORL@MIA,ORL,MIA,,,,,
55520-9524,PG,Stephen,Stephen Curry,Curry,46.56944444444444,36,9700,GS@LAC,GS,LAC,,,,,
55520-9646,SF,Kevin,Kevin Durant,Durant,48.542104620682565,19,9700,BOS@BKN,BKN,BOS,O,Hamstring,,,
55520-14528,SF,Jimmy,Jimmy Butler,Butler,45.82727328213778,22,9600,ORL@MIA,MIA,ORL,,,,,
55520-58462,C,Karl-Anthony,Karl-Anthony Towns,Towns,45.53125,16,9500,MIN@NO,MIN,NO,,,,,
55520-42669,PF,Julius,Julius Randle,Randle,43.67631450452303,38,9400,NY@MIL,NY,MIL,,,,,
55520-40783,SG,Zach,Zach LaVine,LaVine,42.77714146205357,35,9400,PHI@CHI,CHI,PHI,,,,,
55520-14513,SF,Kawhi,Kawhi Leonard,Leonard,45.14193627142137,31,9300,GS@LAC,LAC,GS,,,,,
55520-14498,PG,Kyrie,Kyrie Irving,Irving,45.01111291956018,27,9000,BOS@BKN,BKN,BOS,,,,,
55520-110310,PF,Zion,Zion Williamson,Williamson,40.87714146205357,35,9000,MIN@NO,NO,MIN,,,,,
55520-145485,PG,LaMelo,LaMelo Ball,Ball,35.67714146205357,35,8900,DET@CHA,CHA,DET,,,,,
55520-19067,SG,CJ,CJ McCollum,McCollum,42.74615478515625,13,8900,PHO@POR,POR,PHO,O,Foot,,,
55520-80808,PF,Jayson,Jayson Tatum,Tatum,43.22187423706055,32,8900,BOS@BKN,BOS,BKN,,,,,
55520-84671,PG,Trae,Trae Young,Young,44.52647130629595,34,8800,ATL@TOR,ATL,TOR,,,,,
55520-42202,PF,Christian,Christian Wood,Wood,41.81176398782169,17,8600,HOU@SAC,HOU,SAC,O,Ankle,,,
55520-60021,SF,Pascal,Pascal Siakam,Siakam,39.61000162760417,30,8500,ATL@TOR,TOR,ATL,O,Covid-19,,,
55520-55059,C,Clint,Clint Capela,Capela,40.53437423706055,32,8500,ATL@TOR,ATL,TOR,,,,,
55520-9535,PG,Kyle,Kyle Lowry,Lowry,36.48275862068966,29,8500,ATL@TOR,TOR,ATL,,,,,
55520-80810,PG,De'Aaron,De'Aaron Fox,Fox,40.11714215959822,35,8500,HOU@SAC,SAC,HOU,,,,,
55520-80817,PF,Bam,Bam Adebayo,Adebayo,41.48787804805871,33,8500,ORL@MIA,MIA,ORL,O,Knee,,,
55520-24247,SG,Fred,Fred VanVleet,VanVleet,40.799998563878674,34,8300,ATL@TOR,TOR,ATL,O,Covid-19,,,
55520-12332,PG,John,John Wall,Wall,35.46800048828125,25,8200,HOU@SAC,HOU,SAC,,,,,
55520-66115,PG,Ben,Ben Simmons,Simmons,40.483870967741936,31,8200,PHI@CHI,PHI,CHI,O,Covid-19,,,
55520-84680,SG,Shai,Shai Gilgeous-Alexander,Gilgeous-Alexander,40.10333251953125,30,7900,DAL@OKC,OKC,DAL,,,,,
55520-67026,SF,Jaylen,Jaylen Brown,Brown,38.96470731847427,34,7900,BOS@BKN,BOS,BKN,,,,,
55520-12341,SG,Paul,Paul George,George,40.08571515764509,28,7800,GS@LAC,LAC,GS,,,,,
55520-66048,SF,Brandon,Brandon Ingram,Ingram,39.333333333333336,36,7700,MIN@NO,NO,MIN,,,,,
55520-58460,SG,Devin,Devin Booker,Booker,36.06774114793347,31,7700,PHO@POR,PHO,POR,GTD,Knee,,,
55520-63122,PF,Kristaps,Kristaps Porzingis,Porzingis,37.2000005812872,21,7700,DAL@OKC,DAL,OKC,,,,,
55520-15684,SG,Victor,Victor Oladipo,Oladipo,36.6875,24,7700,HOU@SAC,HOU,SAC,,,,,
55520-16261,SF,Khris,Khris Middleton,Middleton,37.75555419921875,36,7600,NY@MIL,MIL,NY,,,,,
55520-145337,SG,Tyrese,Tyrese Haliburton,Haliburton,30.030000813802083,30,7600,HOU@SAC,SAC,HOU,,,,,
55520-66236,PF,John,John Collins,Collins,32.18889024522569,36,7500,ATL@TOR,ATL,TOR,,,,,
55520-9623,PG,Chris,Chris Paul,Paul,37.13142787388393,35,7500,PHO@POR,PHO,POR,,,,,
55520-16293,SF,Norman,Norman Powell,Powell,26.850000718060663,34,7500,ATL@TOR,TOR,ATL,,,,,
55520-15860,PF,Draymond,Draymond Green,Green,29.583870180191532,31,7400,GS@LAC,GS,LAC,,,,,
55520-23831,PF,Jerami,Jerami Grant,Grant,37.84848484848485,33,7300,DET@CHA,DET,CHA,,,,,
55520-12366,SF,Gordon,Gordon Hayward,Hayward,36.99677498109879,31,7200,DET@CHA,CHA,DET,,,,,
55520-84673,C,Deandre,Deandre Ayton,Ayton,33.15714285714286,35,7200,PHO@POR,PHO,POR,,,,,
55520-14507,PG,Kemba,Kemba Walker,Walker,31.595001220703125,20,7100,BOS@BKN,BOS,BKN,,,,,
55520-58153,SF,Kelly,Kelly Oubre,Oubre,29.059999302455356,35,7100,GS@LAC,GS,LAC,,,,,
55520-58312,SG,D'Angelo,D'Angelo Russell,Russell,32.04500122070313,20,7000,MIN@NO,MIN,NO,O,Knee,,,
55520-15946,SF,Harrison,Harrison Barnes,Barnes,30.848484848484848,33,6900,HOU@SAC,SAC,HOU,,,,,
55520-14509,SG,Klay,Klay Thompson,Thompson,,,6900,GS@LAC,GS,LAC,O,Achilles,,,
55520-42677,SG,Terry,Terry Rozier,Rozier,33.13333407315341,33,6900,DET@CHA,CHA,DET,,,,,
55520-14518,PF,Tobias,Tobias Harris,Harris,37.458062941028224,31,6900,PHI@CHI,PHI,CHI,,,,,
55520-23447,C,Richaun,Richaun Holmes,Holmes,30.896875381469727,32,6800,HOU@SAC,SAC,HOU,,,,,
55520-14516,C,Enes,Enes Kanter,Kanter,30.457142857142856,35,6700,PHO@POR,POR,PHO,,,,,
55520-23096,SF,Evan,Evan Fournier,Fournier,29.88095238095238,21,6600,ORL@MIA,ORL,MIA,O,Groin,,,
55520-84679,PF,Marvin,Marvin Bagley,Bagley,26.238234576056986,34,6600,HOU@SAC,SAC,HOU,,,,,
55520-80806,PG,Lonzo,Lonzo Ball,Ball,30.709091648910984,33,6600,MIN@NO,NO,MIN,,,,,
55520-9663,PG,Jrue,Jrue Holiday,Holiday,33.61922983022836,26,6600,NY@MIL,MIL,NY,,,,,
55520-9666,PF,Thaddeus,Thaddeus Young,Young,29.690000406901042,30,6600,PHI@CHI,CHI,PHI,,,,,
55520-68203,PF,Chris,Chris Boucher,Boucher,29.60555691189236,36,6500,ATL@TOR,TOR,ATL,,,,,
55520-23665,SG,Buddy,Buddy Hield,Hield,28.094445122612846,36,6500,HOU@SAC,SAC,HOU,,,,,
55520-110338,SF,De'Andre,De'Andre Hunter,Hunter,29.96666802300347,18,6500,ATL@TOR,ATL,TOR,O,Knee,,,
55520-145321,SG,Anthony,Anthony Edwards,Edwards,25.438888549804688,36,6500,MIN@NO,MIN,NO,,,,,
55520-40830,PG,Delon,Delon Wright,Wright,28.175861227101294,29,6400,DET@CHA,DET,CHA,GTD,Groin,,,
55520-20491,PF,Robert,Robert Covington,Covington,25.518181078361742,33,6200,PHO@POR,POR,PHO,,,,,
55520-66064,SF,Malik,Malik Beasley,Beasley,31.124241684422348,33,6200,MIN@NO,MIN,NO,O,Suspension,,,
55520-15590,C,Mason,Mason Plumlee,Plumlee,30.03529447667739,34,6200,DET@CHA,DET,CHA,,,,,
55520-80812,PF,Lauri,Lauri Markkanen,Markkanen,29,14,6100,PHI@CHI,CHI,PHI,GTD,Shoulder,,,
55520-55057,C,Jusuf,Jusuf Nurkic,Nurkic,26.741666158040363,12,6000,PHO@POR,POR,PHO,O,Wrist,,,
55520-110352,PF,P.J.,P.J. Washington,Washington,29.070968135710686,31,6000,DET@CHA,CHA,DET,,,,,
55520-23670,SG,Marcus,Marcus Smart,Smart,30.758824965533087,17,5900,BOS@BKN,BOS,BKN,,,,,
55520-9453,C,Al,Al Horford,Horford,31.416666666666668,24,5900,DAL@OKC,OKC,DAL,,,,,
55520-110326,PG,Coby,Coby White,White,28.997059541590072,34,5900,PHI@CHI,CHI,PHI,,,,,
55520-9957,PF,Serge,Serge Ibaka,Ibaka,25.08648681640625,37,5800,GS@LAC,LAC,GS,,,,,
55520-9475,PG,Derrick,Derrick Rose,Rose,25.64,25,5800,NY@MIL,NY,MIL,O,Covid-19,,,
55520-23825,C,Nerlens,Nerlens Noel,Noel,21.125,32,5800,NY@MIL,NY,MIL,,,,,
55520-110357,SF,RJ,RJ Barrett,Barrett,28.829728410050677,37,5800,NY@MIL,NY,MIL,,,,,
55520-80809,SG,Josh,Josh Jackson,Jackson,24.662500381469727,32,5800,DET@CHA,DET,CHA,,,,,
55520-49116,SG,Andrew,Andrew Wiggins,Wiggins,29.445945945945947,37,5800,GS@LAC,GS,LAC,,,,,
55520-16405,SG,Terrence,Terrence Ross,Ross,26.211429268973216,35,5700,ORL@MIA,ORL,MIA,,,,,
55520-23802,PG,Kris,Kris Dunn,Dunn,22.386273552389707,51,5700,ATL@TOR,ATL,TOR,O,Ankle,,,
55520-110312,SG,Tyler,Tyler Herro,Herro,28.6639990234375,25,5600,ORL@MIA,MIA,ORL,,,,,
55520-101329,PG,Kendrick,Kendrick Nunn,Nunn,24.92142813546317,28,5600,ORL@MIA,MIA,ORL,,,,,
55520-12363,C,Hassan,Hassan Whiteside,Whiteside,19.517391038977582,23,5500,HOU@SAC,SAC,HOU,O,Covid-19,,,
55520-41594,PF,Aaron,Aaron Gordon,Gordon,30.705264442845394,19,5500,ORL@MIA,ORL,MIA,GTD,Ankle,,,
55520-84670,SF,Mikal,Mikal Bridges,Bridges,27.254286411830357,35,5500,PHO@POR,PHO,POR,,,,,
55520-9508,SF,Carmelo,Carmelo Anthony,Anthony,24.16470516429228,34,5500,PHO@POR,POR,PHO,,,,,
55520-80805,PG,Markelle,Markelle Fultz,Fultz,26.1875,8,5500,ORL@MIA,ORL,MIA,O,Knee,,,
55520-80814,PG,Dennis,Dennis Smith,Smith,19.433333333333334,15,5500,DET@CHA,DET,CHA,,,,,
55520-12355,SG,Eric,Eric Bledsoe,Bledsoe,24.222856794084823,35,5400,MIN@NO,NO,MIN,,,,,
55520-84676,C,Wendell,Wendell Carter,Carter,27.68695599099864,23,5300,PHI@CHI,CHI,PHI,,,,,
55520-84690,PG,Jalen,Jalen Brunson,Brunson,22.077420142389112,31,5300,DAL@OKC,DAL,OKC,,,,,
55520-84695,SG,Gary,Gary Trent,Trent,22.02121249112216,33,5300,PHO@POR,POR,PHO,,,,,
55520-84694,SG,Bruce,Bruce Brown,Brown,18.751514781605113,33,5300,BOS@BKN,BKN,BOS,,,,,
55520-84704,SG,Kevin,Kevin Huerter,Huerter,25.10277811686198,36,5300,ATL@TOR,ATL,TOR,,,,,
55520-145327,PG,Cole,Cole Anthony,Anthony,23.28800048828125,25,5300,ORL@MIA,ORL,MIA,O,Ribs,,,
55520-9673,PG,Goran,Goran Dragic,Dragic,25.186362526633523,22,5300,ORL@MIA,MIA,ORL,,,,,
55520-68090,SF,OG,OG Anunoby,Anunoby,28.539131496263586,23,5300,ATL@TOR,TOR,ATL,O,Covid-19,,,
55520-110637,PF,Darius,Darius Bazley,Bazley,24.77777777777778,36,5200,DAL@OKC,OKC,DAL,,,,,
55520-84708,C,Robert,Robert Williams,Williams,21.637931034482758,29,5200,BOS@BKN,BOS,BKN,,,,,
55520-9556,SG,Eric,Eric Gordon,Gordon,25.661538931039665,26,5100,HOU@SAC,HOU,SAC,GTD,Knee,,,
55520-9560,PF,Blake,Blake Griffin,Griffin,25.064999389648438,20,5100,BOS@BKN,BKN,BOS,O,Coach's decision,,,
55520-40562,SF,Josh,Josh Hart,Hart,23.438888549804688,36,5000,MIN@NO,NO,MIN,,,,,
55520-23169,C,Steven,Steven Adams,Adams,24.79696932705966,33,5000,MIN@NO,NO,MIN,,,,,
55520-84678,PF,Miles,Miles Bridges,Bridges,22.585714285714285,35,5000,DET@CHA,CHA,DET,,,,,
55520-84681,SG,Donte,Donte DiVincenzo,DiVincenzo,22.980555216471355,36,5000,NY@MIL,MIL,NY,,,,,
55520-14523,PG,Reggie,Reggie Jackson,Jackson,17.185714285714287,35,4900,GS@LAC,LAC,GS,,,,,
55520-19138,PG,Elfrid,Elfrid Payton,Payton,23.606060606060606,33,4900,NY@MIL,NY,MIL,,,,,
55520-84706,SG,Devonte',Devonte' Graham,Graham,27.44,25,4900,DET@CHA,CHA,DET,GTD,Kneecap,,,
55520-84709,C,Mitchell,Mitchell Robinson,Robinson,26.56296341507523,27,4900,NY@MIL,NY,MIL,O,Hand,,,
55520-110345,SF,Kevin,Kevin Porter,Porter,18.85800048828125,50,4900,HOU@SAC,HOU,SAC,,,,,
55520-16201,PG,Michael,Michael Carter-Williams,Carter-Williams,22.435293758616726,17,4900,ORL@MIA,ORL,MIA,,,,,
55520-9561,C,DeAndre,DeAndre Jordan,Jordan,22.882857840401787,35,4900,BOS@BKN,BKN,BOS,,,,,
55520-145328,SF,Saddiq,Saddiq Bey,Bey,17.561763987821692,34,4900,DET@CHA,DET,CHA,,,,,
55520-9662,SG,Lou,Lou Williams,Williams,22.062857491629465,35,4900,GS@LAC,LAC,GS,,,,,
55520-42156,PF,Bobby,Bobby Portis,Portis,23.930555555555557,36,4800,NY@MIL,MIL,NY,,,,,
55520-84699,PG,Hamidou,Hamidou Diallo,Diallo,24.203125,32,4800,DAL@OKC,OKC,DAL,O,Groin,,,
55520-42733,SF,David,David Nwaba,Nwaba,20.057141985212052,28,4800,HOU@SAC,HOU,SAC,O,Wrist,,,
55520-110346,PF,Isaiah,Isaiah Roby,Roby,20.636665852864585,30,4800,DAL@OKC,OKC,DAL,,,,,
55520-9621,C,Brook,Brook Lopez,Lopez,22.461110432942707,36,4800,NY@MIL,MIL,NY,,,,,
55520-80816,SF,Malik,Malik Monk,Monk,19.3227275501598,22,4800,DET@CHA,CHA,DET,,,,,
55520-145348,SG,Immanuel,Immanuel Quickley,Quickley,19.75454619436553,33,4800,NY@MIL,NY,MIL,,,,,
55520-81529,PF,Daniel,Daniel Theis,Theis,21.470588235294116,34,4700,BOS@BKN,BOS,BKN,,,,,
55520-14496,PG,Ricky,Ricky Rubio,Rubio,23.0411771886489,34,4700,MIN@NO,MIN,NO,,,,,
55520-14501,C,Tristan,Tristan Thompson,Thompson,20.67941104664522,34,4700,BOS@BKN,BOS,BKN,,,,,
55520-70827,C,Ivica,Ivica Zubac,Zubac,20.728947689658717,38,4700,GS@LAC,LAC,GS,,,,,
55520-145576,PF,Jae'Sean,Jae'Sean Tate,Tate,21.920587876263788,34,4700,HOU@SAC,HOU,SAC,,,,,
55520-16233,SF,Josh,Josh Richardson,Richardson,22.51153799203726,26,4700,DAL@OKC,DAL,OKC,,,,,
55520-66968,SF,Derrick,Derrick Jones,Jones,20.041935090095766,31,4700,PHO@POR,POR,PHO,,,,,
55520-9637,SF,Danilo,Danilo Gallinari,Gallinari,18.90416717529297,24,4700,ATL@TOR,ATL,TOR,,,,,
55520-16363,SF,Joe,Joe Harris,Harris,23.12702735694679,37,4700,BOS@BKN,BKN,BOS,,,,,
55520-15542,SG,Spencer,Spencer Dinwiddie,Dinwiddie,17.6999994913737,3,4600,BOS@BKN,BKN,BOS,O,Knee,,,
55520-110339,SG,Cam,Cam Reddish,Reddish,21.588461068960335,26,4600,ATL@TOR,ATL,TOR,O,Achilles,,,
55520-9538,SF,Trevor,Trevor Ariza,Ariza,19.824527380601417,53,4600,DAL@OKC,OKC,DAL,O,Personal,,,
55520-80811,SF,Jonathan,Jonathan Isaac,Isaac,32.2705867991728,34,4600,ORL@MIA,ORL,MIA,O,Knee,,,
55520-9703,PG,George,George Hill,Hill,21.021427699497767,14,4600,DAL@OKC,OKC,DAL,O,Thumb,,,
55520-22541,C,Kelly,Kelly Olynyk,Olynyk,23.014285714285716,35,4500,ORL@MIA,MIA,ORL,,,,,
55520-85137,SF,Duncan,Duncan Robinson,Robinson,20.705556233723957,36,4500,ORL@MIA,MIA,ORL,,,,,
55520-49336,SG,DeAndre',DeAndre' Bembry,Bembry,11.344443992332176,27,4500,ATL@TOR,TOR,ATL,,,,,
55520-55056,PF,Dario,Dario Saric,Saric,19.976470947265625,17,4500,PHO@POR,PHO,POR,,,,,
55520-15691,C,Cody,Cody Zeller,Zeller,24.955556233723957,18,4500,DET@CHA,CHA,DET,,,,,
55520-145307,PF,Isaiah,Isaiah Stewart,Stewart,17.123529770795038,34,4500,DET@CHA,DET,CHA,,,,,
55520-117779,PF,Juan,Juan Toscano-Anderson,Toscano-Anderson,16.65652200450068,23,4400,GS@LAC,GS,LAC,,,,,
55520-14510,SG,Alec,Alec Burks,Burks,21.0439990234375,25,4400,NY@MIL,NY,MIL,,,,,
55520-145310,PG,Saben,Saben Lee,Lee,14.673333740234375,15,4400,DET@CHA,DET,CHA,,,,,
55520-63127,C,Willy,Willy Hernangomez,Hernangomez,19.539999389648436,20,4300,MIN@NO,NO,MIN,,,,,
55520-111273,SG,Luguentz,Luguentz Dort,Dort,20.705714634486608,35,4300,DAL@OKC,OKC,DAL,,,,,
55520-12474,PG,Patrick,Patrick Beverley,Beverley,20.371429443359375,28,4300,GS@LAC,LAC,GS,,,,,
55520-84721,PF,Jarred,Jarred Vanderbilt,Vanderbilt,19.5,34,4300,MIN@NO,MIN,NO,,,,,
55520-145308,PF,Patrick,Patrick Williams,Williams,20.706060236150567,33,4300,PHI@CHI,CHI,PHI,,,,,
55520-80815,PF,Zach,Zach Collins,Collins,18.16363664106889,11,4300,PHO@POR,POR,PHO,O,Ankle,,,
55520-9664,SG,Andre,Andre Iguodala,Iguodala,16.25588271197151,34,4300,ORL@MIA,MIA,ORL,,,,,
55520-16376,SF,Dorian,Dorian Finney-Smith,Finney-Smith,19.884615384615383,26,4300,DAL@OKC,DAL,OKC,,,,,
55520-116340,SG,Terence,Terence Davis,Davis,12.453333536783854,30,4200,ATL@TOR,TOR,ATL,GTD,Ankle,,,
55520-67707,PF,Marquese,Marquese Chriss,Chriss,17.799999237060547,2,4200,GS@LAC,GS,LAC,O,Lower leg,,,
55520-14512,PF,Marcus,Marcus Morris,Morris,19.775000435965403,28,4200,GS@LAC,LAC,GS,,,,,
55520-84691,PG,Shake,Shake Milton,Milton,22.089285714285715,28,4200,PHI@CHI,PHI,CHI,,,,,
55520-81621,PF,Maxi,Maxi Kleber,Kleber,19.16521686056386,23,4200,DAL@OKC,DAL,OKC,,,,,
55520-15583,SG,Seth,Seth Curry,Curry,21.096429007393972,28,4200,PHI@CHI,PHI,CHI,,,,,
55520-23294,SF,Danuel,Danuel House,House,19.290908813476562,22,4200,HOU@SAC,HOU,SAC,O,Knee,,,
55520-15628,SF,Otto,Otto Porter,Porter,23.4375,16,4200,PHI@CHI,CHI,PHI,GTD,Back,,,
55520-9648,PF,Jeff,Jeff Green,Green,17.89696895714962,33,4200,BOS@BKN,BKN,BOS,GTD,Shoulder,,,
55520-145347,C,James,James Wiseman,Wiseman,22.665384145883415,26,4200,GS@LAC,GS,LAC,GTD,Not injury related,,,
55520-9758,SF,Danny,Danny Green,Green,20.086110432942707,36,4100,PHI@CHI,PHI,CHI,,,,,
55520-12368,PF,Nemanja,Nemanja Bjelica,Bjelica,16.842105263157894,19,4100,HOU@SAC,SAC,HOU,,,,,
55520-9809,SF,Nicolas,Nicolas Batum,Batum,22.268572126116073,35,4100,GS@LAC,LAC,GS,,,,,
55520-17491,SF,James,James Ennis,Ennis,16.275000254313152,24,4100,ORL@MIA,ORL,MIA,O,Calf,,,
55520-9446,PG,Jeff,Jeff Teague,Teague,13.417857578822545,28,4100,BOS@BKN,BOS,BKN,,,,,
55520-110995,C,Naz,Naz Reid,Reid,23.8647066004136,34,4100,MIN@NO,MIN,NO,,,,,
55520-15846,SG,Tim,Tim Hardaway,Hardaway,24.055883071001837,34,4100,DAL@OKC,DAL,OKC,,,,,
55520-145536,PG,Theo,Theo Maledon,Maledon,17.658065303679436,31,4000,DAL@OKC,OKC,DAL,,,,,
55520-9956,SG,Wayne,Wayne Ellington,Ellington,16.335714067731583,28,4000,DET@CHA,DET,CHA,,,,,
55520-110354,PF,Nicolas,Nicolas Claxton,Claxton,22.38000030517578,5,4000,BOS@BKN,BKN,BOS,,,,,
55520-19781,SF,Kent,Kent Bazemore,Bazemore,15.714285714285714,35,4000,GS@LAC,GS,LAC,,,,,
55520-23407,PF,P.J.,P.J. Tucker,Tucker,15.440625190734863,32,4000,HOU@SAC,HOU,SAC,,,,,
55520-66424,C,Justin,Justin Patton,Patton,21.0500005086263,6,4000,HOU@SAC,HOU,SAC,,,,,
55520-15800,PF,Jae,Jae Crowder,Crowder,21.6875,32,4000,PHO@POR,PHO,POR,,,,,
55520-37931,C,Aron,Aron Baynes,Baynes,15.403029933120266,33,3900,ATL@TOR,TOR,ATL,,,,,
55520-110351,SG,Cody,Cody Martin,Martin,9.208695784859035,23,3900,DET@CHA,CHA,DET,,,,,
55520-11074,SF,Garrett,Garrett Temple,Temple,19.2242431640625,33,3900,PHI@CHI,CHI,PHI,,,,,
55520-15993,PG,Pat,Pat Connaughton,Connaughton,16.763636733546402,33,3800,NY@MIL,MIL,NY,,,,,
55520-84713,SG,Svi,Svi Mykhailiuk,Mykhailiuk,12.871428571428572,35,3800,DET@CHA,DET,CHA,,,,,
55520-145335,PG,Payton,Payton Pritchard,Pritchard,15.083333333333334,30,3800,BOS@BKN,BOS,BKN,,,,,
55520-9660,C,Dwight,Dwight Howard,Howard,18.119444105360245,36,3800,PHI@CHI,PHI,CHI,,,,,
55520-145489,PG,Killian,Killian Hayes,Hayes,9.728571210588727,7,3700,DET@CHA,DET,CHA,O,Hip,,,
55520-14505,C,Bismack,Bismack Biyombo,Biyombo,17.842423872514203,33,3700,DET@CHA,CHA,DET,,,,,
55520-85305,SF,Kenrich,Kenrich Williams,Williams,15.458333333333334,36,3700,DAL@OKC,OKC,DAL,,,,,
55520-48567,PG,Cameron,Cameron Payne,Payne,15.658332824707031,24,3700,PHO@POR,PHO,POR,,,,,
55520-24546,SF,Denzel,Denzel Valentine,Valentine,17.313334147135418,30,3700,PHI@CHI,CHI,PHI,,,,,
55520-16448,PF,Frank,Frank Kaminsky,Kaminsky,16.266667118778937,27,3600,PHO@POR,PHO,POR,,,,,
55520-23788,SG,Bryn,Bryn Forbes,Forbes,11.88611094156901,36,3600,NY@MIL,MIL,NY,,,,,
55520-110317,PG,Jaylen,Jaylen Nowell,Nowell,14.222726995294744,22,3600,MIN@NO,MIN,NO,,,,,
55520-110323,C,Eric,Eric Paschall,Paschall,15.850000718060661,34,3600,GS@LAC,GS,LAC,,,,,
55520-110322,PG,Jordan,Jordan Poole,Poole,10.512499809265137,16,3600,GS@LAC,GS,LAC,,,,,
55520-84724,SG,Landry,Landry Shamet,Shamet,12.718182188091856,33,3600,BOS@BKN,BKN,BOS,,,,,
55520-9466,PG,D.J.,D.J. Augustin,Augustin,13.16764741785386,34,3600,NY@MIL,MIL,NY,,,,,
55520-110331,SG,Ty,Ty Jerome,Jerome,19.174999237060547,4,3600,DAL@OKC,OKC,DAL,,,,,
55520-40262,PG,Sterling,Sterling Brown,Brown,17.790624618530273,32,3600,HOU@SAC,HOU,SAC,,,,,
55520-16790,PG,Brad,Brad Wanamaker,Wanamaker,12.483783618823901,37,3600,GS@LAC,GS,LAC,,,,,
55520-101387,PG,Gabe,Gabe Vincent,Vincent,9.875999755859375,25,3500,ORL@MIA,MIA,ORL,GTD,Knee,,,
55520-66061,SG,Dwayne,Dwayne Bacon,Bacon,16.419443766276043,36,3500,ORL@MIA,ORL,MIA,,,,,
55520-85521,SG,Theo,Theo Pinson,Pinson,0.4272727099331943,11,3500,NY@MIL,NY,MIL,,,,,
55520-101393,SG,Paul,Paul Watson,Watson,3.362499952316284,16,3500,ATL@TOR,TOR,ATL,,,,,
55520-117273,SF,Mychal,Mychal Mulder,Mulder,6.96176461612477,34,3500,GS@LAC,GS,LAC,,,,,
55520-117274,PF,Chris,Chris Silva,Silva,9.09999974568685,6,3500,ORL@MIA,MIA,ORL,,,,,
55520-15904,SG,Rodney,Rodney Hood,Hood,9.733333333333333,30,3500,PHO@POR,POR,PHO,,,,,
55520-117286,C,Moses,Moses Brown,Brown,8.214285714285714,7,3500,DAL@OKC,OKC,DAL,,,,,
55520-12334,SG,Avery,Avery Bradley,Bradley,14.260000610351563,10,3500,ORL@MIA,MIA,ORL,O,Calf,,,
55520-110639,PF,Sekou,Sekou Doumbouya,Doumbouya,8.800000190734863,32,3500,DET@CHA,DET,CHA,,,,,
55520-110638,SG,Deividas,Deividas Sirvydis,Sirvydis,0.7400000095367432,5,3500,DET@CHA,DET,CHA,,,,,
55520-12340,PF,Patrick,Patrick Patterson,Patterson,8.15,10,3500,GS@LAC,LAC,GS,,,,,
55520-12342,PF,Al-Farouq,Al-Farouq Aminu,Aminu,15.877777099609375,9,3500,ORL@MIA,ORL,MIA,,,,,
55520-42550,PF,Jabari,Jabari Parker,Parker,8.350000381469727,2,3500,HOU@SAC,SAC,HOU,,,,,
55520-15417,SF,Solomon,Solomon Hill,Hill,10.441666497124565,36,3500,ATL@TOR,ATL,TOR,,,,,
55520-23097,PG,Tomas,Tomas Satoransky,Satoransky,17.565217391304348,23,3500,PHI@CHI,CHI,PHI,,,,,
55520-117307,SF,DaQuan,DaQuan Jeffries,Jeffries,9.266666412353516,12,3500,HOU@SAC,SAC,HOU,,,,,
55520-117819,PG,Jared,Jared Harper,Harper,0,2,3500,NY@MIL,NY,MIL,,,,,
55520-117821,PG,Keljin,Keljin Blevins,Blevins,1.711111068725586,9,3500,PHO@POR,POR,PHO,,,,,
55520-112709,SG,Javonte,Javonte Green,Green,10.363636363636363,22,3500,BOS@BKN,BOS,BKN,,,,,
55520-112708,SF,Max,Max Strus,Strus,9.473684210526315,19,3500,ORL@MIA,MIA,ORL,,,,,
55520-112710,C,Tacko,Tacko Fall,Fall,9.587499618530273,8,3500,BOS@BKN,BOS,BKN,,,,,
55520-15947,SG,Reggie,Reggie Bullock,Bullock,16.399999618530273,32,3500,NY@MIL,NY,MIL,,,,,
55520-145486,SG,Myles,Myles Powell,Powell,,,3500,NY@MIL,MIL,NY,,,,,
55520-12365,C,Ed,Ed Davis,Davis,12.731578626130757,19,3500,MIN@NO,MIN,NO,,,,,
55520-145491,PF,Nathan,Nathan Knight,Knight,5.75,10,3500,ATL@TOR,ATL,TOR,,,,,
55520-85597,PG,Jordan,Jordan McLaughlin,McLaughlin,17.695833841959637,24,3500,MIN@NO,MIN,NO,O,Covid-19,,,
55520-110697,PF,Nicolo,Nicolo Melli,Melli,6.9764704984777115,17,3500,MIN@NO,NO,MIN,,,,,
55520-17517,SG,Tony,Tony Snell,Snell,10.039130169412363,23,3500,ATL@TOR,ATL,TOR,,,,,
55520-113267,SF,Caleb,Caleb Martin,Martin,13.176923311673677,26,3500,DET@CHA,CHA,DET,,,,,
55520-41083,PF,Luke,Luke Kornet,Kornet,7.3,10,3500,PHI@CHI,CHI,PHI,GTD,Personal,,,
55520-145532,SG,Jay,Jay Scrubb,Scrubb,,,3500,GS@LAC,LAC,GS,GTD,Foot,,,
55520-145533,SF,Kenyon,Kenyon Martin,Martin,9.685714721679688,7,3500,HOU@SAC,HOU,SAC,,,,,
55520-145538,PF,Aleksej,Aleksej Pokusevski,Pokusevski,12.852941176470589,17,3500,DAL@OKC,OKC,DAL,,,,,
55520-70822,PF,Juancho,Juancho Hernangomez,Hernangomez,13.117647058823529,17,3500,MIN@NO,MIN,NO,,,,,
55520-18600,PG,Tyler,Tyler Johnson,Johnson,8.872222052680122,18,3500,BOS@BKN,BKN,BOS,,,,,
55520-70825,SF,Timothe,Timothe Luwawu-Cabarrot,Luwawu-Cabarrot,13.794117647058824,34,3500,BOS@BKN,BKN,BOS,GTD,Knee,,,
55520-70826,SG,Furkan,Furkan Korkmaz,Korkmaz,13.54800048828125,25,3500,PHI@CHI,PHI,CHI,,,,,
55520-23740,PG,Ryan,Ryan Arcidiacono,Arcidiacono,8.116667005750868,18,3500,PHI@CHI,CHI,PHI,,,,,
55520-14529,PG,Cory,Cory Joseph,Joseph,14.141666836208767,36,3500,HOU@SAC,SAC,HOU,,,,,
55520-84675,C,Mo,Mo Bamba,Bamba,12.117647058823529,17,3500,ORL@MIA,ORL,MIA,,,,,
55520-84674,SF,Kevin,Kevin Knox,Knox,9.357692425067608,26,3500,NY@MIL,NY,MIL,,,,,
55520-58576,C,Kevon,Kevon Looney,Looney,12.707407633463541,27,3500,GS@LAC,GS,LAC,,,,,
55520-84689,SF,Josh,Josh Okogie,Okogie,12.468965727707435,29,3500,MIN@NO,MIN,NO,,,,,
55520-16081,PF,Khem,Khem Birch,Birch,17.311429268973214,35,3500,ORL@MIA,ORL,MIA,,,,,
55520-145623,PF,Mamadi,Mamadi Diakite,Diakite,,,3500,NY@MIL,MIL,NY,GTD,Covid-19,,,
55520-84696,SG,Jevon,Jevon Carter,Carter,7.9620687550511855,29,3500,PHO@POR,PHO,POR,,,,,
55520-14554,SF,E'Twaun,E'Twaun Moore,Moore,10.422727411443537,22,3500,PHO@POR,PHO,POR,,,,,
55520-145624,SG,Ty-Shon,Ty-Shon Alexander,Alexander,0.9000000158945719,3,3500,PHO@POR,PHO,POR,,,,,
55520-84701,C,Chimezie,Chimezie Metu,Metu,8.4636362249201,11,3500,HOU@SAC,SAC,HOU,O,Wrist,,,
55520-84700,PF,Rodions,Rodions Kurucs,Kurucs,3.924999952316284,16,3500,HOU@SAC,HOU,SAC,O,Oblique,,,
55520-84707,SF,Chandler,Chandler Hutchison,Hutchison,5.857142857142857,7,3500,PHI@CHI,CHI,PHI,GTD,Lower leg,,,
55520-58083,C,Jahlil,Jahlil Okafor,Okafor,7.991666793823242,12,3500,DET@CHA,DET,CHA,O,Knee,,,
55520-23780,SF,Jake,Jake Layman,Layman,12.433333079020182,24,3500,MIN@NO,MIN,NO,,,,,
55520-110309,SF,KZ,KZ Okpala,Okpala,5.015789634303043,19,3500,ORL@MIA,MIA,ORL,,,,,
55520-15592,PG,Austin,Austin Rivers,Rivers,13.685713995070685,21,3500,NY@MIL,NY,MIL,O,Personal,,,
55520-110315,SG,Terance,Terance Mann,Mann,11.722856794084821,35,3500,GS@LAC,LAC,GS,,,,,
55520-110827,SG,Matt,Matt Thomas,Thomas,4.014285859607515,21,3500,ATL@TOR,TOR,ATL,,,,,
55520-84717,PG,Anfernee,Anfernee Simons,Simons,13.190625190734863,32,3500,PHO@POR,POR,PHO,,,,,
55520-110316,SF,Cameron,Cameron Johnson,Johnson,18.58823529411765,34,3500,PHO@POR,PHO,POR,O,Covid-19,,,
55520-9966,PF,James,James Johnson,Johnson,16.060714721679688,28,3500,DAL@OKC,DAL,OKC,,,,,
55520-110319,PG,Tremont,Tremont Waters,Waters,9.259999847412109,10,3500,BOS@BKN,BOS,BKN,,,,,
55520-9455,PG,Rajon,Rajon Rondo,Rondo,12.240000152587891,20,3500,ATL@TOR,ATL,TOR,,,,,
55520-110318,PF,Grant,Grant Williams,Williams,11.739286150251116,28,3500,BOS@BKN,BOS,BKN,,,,,
55520-110321,SG,Romeo,Romeo Langford,Langford,5.771874904632568,32,3500,BOS@BKN,BOS,BKN,O,Covid-19,,,
55520-110320,SF,Matisse,Matisse Thybulle,Thybulle,12.79090927586411,33,3500,PHI@CHI,PHI,CHI,,,,,
55520-110325,PF,Daniel,Daniel Gafford,Gafford,13.784615149864784,26,3500,PHI@CHI,CHI,PHI,,,,,
55520-85238,SG,Yuta,Yuta Watanabe,Watanabe,9.645454406738281,22,3500,ATL@TOR,TOR,ATL,,,,,
55520-110329,PF,Bruno,Bruno Fernando,Fernando,6.305555555555555,18,3500,ATL@TOR,ATL,TOR,,,,,
55520-97018,PG,Chris,Chris Chiozza,Chiozza,9.346666463216145,15,3500,BOS@BKN,BKN,BOS,,,,,
55520-110333,SF,Jarrett,Jarrett Culver,Culver,15.947368421052632,19,3500,MIN@NO,MIN,NO,GTD,Toe,,,
55520-110332,PG,Carsen,Carsen Edwards,Edwards,8.200000217982701,14,3500,BOS@BKN,BOS,BKN,,,,,
55520-110335,SF,Ignas,Ignas Brazdeikis,Brazdeikis,1.225000023841858,4,3500,NY@MIL,NY,MIL,,,,,
55520-110334,SG,Justin,Justin James,James,3.869230710543119,13,3500,HOU@SAC,SAC,HOU,,,,,
55520-110336,PF,Chuma,Chuma Okeke,Okeke,14.325,20,3500,ORL@MIA,ORL,MIA,,,,,
55520-110340,C,Jaxson,Jaxson Hayes,Hayes,11.13199951171875,25,3500,MIN@NO,NO,MIN,,,,,
55520-110343,SF,Nassir,Nassir Little,Little,9.175,20,3500,PHO@POR,POR,PHO,,,,,
55520-9481,PF,Taj,Taj Gibson,Gibson,11.266666412353516,12,3500,NY@MIL,NY,MIL,GTD,Ankle,,,
55520-111372,SF,Thanasis,Thanasis Antetokounmpo,Antetokounmpo,6.769230769230769,26,3500,NY@MIL,MIL,NY,,,,,
55520-19726,SF,Abdel,Abdel Nader,Nader,11.826315628854852,19,3500,PHO@POR,PHO,POR,,,,,
55520-23823,C,Willie,Willie Cauley-Stein,Cauley-Stein,14.731249809265137,32,3500,DAL@OKC,DAL,OKC,,,,,
55520-55055,PG,Dante,Dante Exum,Exum,12.316666920979818,6,3500,HOU@SAC,HOU,SAC,O,Calf,,,
55520-110350,PF,Jalen,Jalen McDaniels,McDaniels,8.647058823529411,17,3500,DET@CHA,CHA,DET,,,,,
55520-110355,SF,Mfiondu,Mfiondu Kabengele,Kabengele,2.535000038146973,20,3500,GS@LAC,LAC,GS,,,,,
55520-55060,SF,Bogdan,Bogdan Bogdanovic,Bogdanovic,17.23636419122869,11,3500,ATL@TOR,ATL,TOR,,,,,
55520-110356,SG,Nickeil,Nickeil Alexander-Walker,Alexander-Walker,16.75714329310826,28,3500,MIN@NO,NO,MIN,,,,,
55520-58134,SF,Justin,Justin Jackson,Jackson,11.864000244140625,25,3500,DAL@OKC,OKC,DAL,,,,,
55520-110358,SG,Kyle,Kyle Guy,Guy,6.378571646554129,14,3500,HOU@SAC,SAC,HOU,,,,,
55520-110365,PF,Alen,Alen Smailagic,Smailagic,8.635714394705635,14,3500,GS@LAC,GS,LAC,,,,,
55520-110881,C,Vincent,Vincent Poirier,Poirier,2.383333365122477,6,3500,PHI@CHI,PHI,CHI,,,,,
55520-58658,SG,Patrick,Patrick McCaw,McCaw,2.3999999364217124,3,3500,ATL@TOR,TOR,ATL,O,Covid-19,,,
55520-110882,SG,Adam,Adam Mokoka,Mokoka,4.114285605294364,7,3500,PHI@CHI,CHI,PHI,,,,,
55520-145697,PG,Karim,Karim Mane,Mane,3.4166666666666665,6,3500,ORL@MIA,ORL,MIA,,,,,
55520-48940,SG,Wes,Wes Iwundu,Iwundu,5.95,20,3500,DAL@OKC,DAL,OKC,,,,,
55520-16178,SF,Maurice,Maurice Harkless,Harkless,4.6299999237060545,10,3500,ORL@MIA,MIA,ORL,,,,,
55520-15669,C,Meyers,Meyers Leonard,Leonard,6.466666539510091,3,3500,ORL@MIA,MIA,ORL,O,Shoulder,,,
55520-20277,SG,Torrey,Torrey Craig,Craig,8.994117288028493,17,3500,NY@MIL,MIL,NY,,,,,
55520-145730,SG,Nate,Nate Darling,Darling,,,3500,DET@CHA,CHA,DET,,,,,
55520-16196,C,Dwight,Dwight Powell,Powell,11.634782874065897,23,3500,DAL@OKC,DAL,OKC,,,,,
55520-16197,SG,Chasson,Chasson Randle,Randle,12.1875,8,3500,ORL@MIA,ORL,MIA,,,,,
55520-145738,SG,Nate,Nate Hinton,Hinton,2,6,3500,DAL@OKC,DAL,OKC,,,,,
55520-17230,SG,Langston,Langston Galloway,Galloway,6.927999877929688,25,3500,PHO@POR,PHO,POR,,,,,
55520-63826,C,Boban,Boban Marjanovic,Marjanovic,9.427777608235678,18,3500,DAL@OKC,DAL,OKC,,,,,
55520-145745,C,Will,Will Magnay,Magnay,,,3500,MIN@NO,NO,MIN,GTD,Leg,,,
55520-15727,SG,Ben,Ben McLemore,McLemore,11.112500508626303,24,3500,HOU@SAC,HOU,SAC,,,,,
55520-9589,PF,Udonis,Udonis Haslem,Haslem,7.925000190734863,4,3500,ORL@MIA,MIA,ORL,,,,,
55520-15744,SG,Rodney,Rodney McGruder,McGruder,8.200000127156576,12,3500,DET@CHA,DET,CHA,,,,,
55520-111492,PF,Amir,Amir Coffey,Coffey,4.5,20,3500,GS@LAC,LAC,GS,,,,,
55520-15762,SF,Darius,Darius Miller,Miller,7.416666666666667,12,3500,DAL@OKC,OKC,DAL,,,,,
55520-145303,SG,Skylar,Skylar Mays,Mays,7.337500095367432,16,3500,ATL@TOR,ATL,TOR,,,,,
55520-66455,PF,Henry,Henry Ellenson,Ellenson,2.1399999618530274,5,3500,ATL@TOR,TOR,ATL,,,,,
55520-145306,SF,CJ,CJ Elleby,Elleby,6.023077157827524,13,3500,PHO@POR,POR,PHO,,,,,
55520-145819,SF,Naji,Naji Marshall,Marshall,1.6333333651224773,3,3500,MIN@NO,NO,MIN,,,,,
55520-145304,C,Onyeka,Onyeka Okongwu,Okongwu,8.518750190734863,16,3500,ATL@TOR,ATL,TOR,,,,,
55520-145311,SG,Grant,Grant Riller,Riller,,,3500,DET@CHA,CHA,DET,,,,,
55520-145821,SF,Josh,Josh Hall,Hall,4.185714176722935,7,3500,DAL@OKC,OKC,DAL,,,,,
55520-145314,SF,Precious,Precious Achiuwa,Achiuwa,13.74857177734375,35,3500,ORL@MIA,MIA,ORL,,,,,
55520-145312,PF,Vernon,Vernon Carey,Carey,3.7000001271565757,3,3500,DET@CHA,CHA,DET,,,,,
55520-145313,PF,Jordan,Jordan Nwora,Nwora,7.7,10,3500,NY@MIL,MIL,NY,O,Ankle,,,
55520-145318,C,Nick,Nick Richards,Richards,2.1500000953674316,8,3500,DET@CHA,CHA,DET,,,,,
55520-145319,PF,Jaden,Jaden McDaniels,McDaniels,13.906667073567709,30,3500,MIN@NO,MIN,NO,,,,,
55520-145316,PG,Kira,Kira Lewis,Lewis,10.352380661737351,21,3500,MIN@NO,NO,MIN,,,,,
55520-145317,PG,Sam,Sam Merrill,Merrill,4.2538460951585035,13,3500,NY@MIL,MIL,NY,,,,,
55520-145322,PF,Jalen,Jalen Smith,Smith,3.381818251176314,11,3500,PHO@POR,PHO,POR,,,,,
55520-145320,C,Daniel,Daniel Oturu,Oturu,4.979999923706055,10,3500,GS@LAC,LAC,GS,GTD,Quadriceps,,,
55520-80813,PG,Frank,Frank Ntilikina,Ntilikina,9.98888905843099,9,3500,NY@MIL,NY,MIL,,,,,
55520-145326,PG,Tyrell,Tyrell Terry,Terry,3.6545455239035864,11,3500,DAL@OKC,DAL,OKC,,,,,
55520-145325,SG,Josh,Josh Green,Green,6.3411766501034,17,3500,DAL@OKC,DAL,OKC,,,,,
55520-145330,PG,Isaiah,Isaiah Joe,Joe,8.205000305175782,20,3500,PHI@CHI,PHI,CHI,,,,,
55520-145331,SG,Tyrese,Tyrese Maxey,Maxey,14.125,32,3500,PHI@CHI,PHI,CHI,,,,,
55520-80819,PF,Harry,Harry Giles,Giles,11.527273004705256,22,3500,PHO@POR,POR,PHO,O,Calf,,,
55520-145329,SF,Paul,Paul Reed,Reed,8.9,5,3500,PHI@CHI,PHI,CHI,,,,,
55520-80820,SG,Terrance,Terrance Ferguson,Ferguson,0.3555555608537462,9,3500,PHI@CHI,PHI,CHI,,,,,
55520-80823,PF,Tony,Tony Bradley,Bradley,12.083333333333334,12,3500,PHI@CHI,PHI,CHI,,,,,
55520-145332,SF,Tyler,Tyler Bey,Bey,3.1500000953674316,4,3500,DAL@OKC,DAL,OKC,,,,,
55520-9655,SF,JJ,JJ Redick,Redick,12.916128835370463,31,3500,MIN@NO,NO,MIN,O,Heel,,,
55520-58295,PF,D.J.,D.J. Wilson,Wilson,7.55454531582919,11,3500,NY@MIL,MIL,NY,,,,,
55520-145333,SG,Aaron,Aaron Nesmith,Nesmith,8.405555725097656,18,3500,BOS@BKN,BOS,BKN,,,,,
55520-145338,PG,Jahmi'us,Jahmi'us Ramsey,Ramsey,3.325000047683716,4,3500,HOU@SAC,SAC,HOU,,,,,
55520-80824,PG,Frank,Frank Jackson,Jackson,4.399999830457899,9,3500,DET@CHA,DET,CHA,,,,,
55520-145339,SF,Obi,Obi Toppin,Toppin,9.959259033203125,27,3500,NY@MIL,NY,MIL,,,,,
55520-145343,PG,Jalen,Jalen Harris,Harris,0.10000000149011612,2,3500,ATL@TOR,TOR,ATL,,,,,
55520-145340,PF,Reggie,Reggie Perry,Perry,9.942856924874443,14,3500,BOS@BKN,BKN,BOS,,,,,
55520-145344,PG,Malachi,Malachi Flynn,Flynn,5.2133331298828125,15,3500,ATL@TOR,TOR,ATL,O,Covid-19,,,
55520-145345,PG,Nico,Nico Mannion,Mannion,8.771428789411273,7,3500,GS@LAC,GS,LAC,,,,,
55520-145350,PF,Robert,Robert Woodard,Woodard,3.6000000635782876,6,3500,HOU@SAC,SAC,HOU,O,Hamstring,,,
55520-18376,SG,Damion,Damion Lee,Lee,14.527027027027026,37,3500,GS@LAC,GS,LAC,,,,,
55520-145354,SG,Devon,Devon Dotson,Dotson,5.199999809265137,1,3500,PHI@CHI,CHI,PHI,O,Knee,,,
55520-101331,PF,Gary,Gary Clark,Clark,9.583333333333334,30,3500,ORL@MIA,ORL,MIA,,,,,
55520-116178,PG,Rayjon,Rayjon Tucker,Tucker,4.575,20,3500,PHI@CHI,PHI,CHI,,,,,
55520-48598,SF,Semi,Semi Ojeleye,Ojeleye,10.70882370892693,34,3500,BOS@BKN,BOS,BKN,,,,,
55520-85466,PF,Wenyen,Wenyen Gabriel,Gabriel,1.875,4,3500,MIN@NO,NO,MIN,,,,,
55520-15843,PG,Trey,Trey Burke,Burke,12.655881993910846,34,3500,DAL@OKC,DAL,OKC,,,,,
55520-17894,PF,Mike,Mike Muscala,Muscala,16.538234935087317,34,3500,DAL@OKC,OKC,DAL,,,,,
55520-58350,SF,Stanley,Stanley Johnson,Johnson,9.821874618530273,32,3500,ATL@TOR,TOR,ATL,,,,,
55520-16368,PF,Mike,Mike Scott,Scott,9.22941140567555,17,3500,PHI@CHI,PHI,CHI,,,,,
55520-63478,C,Cristiano,Cristiano Felicio,Felicio,5.983333587646484,6,3500,PHI@CHI,CHI,PHI,,,,,
55520-96763,PG,Brandon,Brandon Goodwin,Goodwin,8.995833079020182,24,3500,ATL@TOR,ATL,TOR,,,,,
55520-66046,SG,Luke,Luke Kennard,Kennard,13.823529411764707,34,3500,GS@LAC,LAC,GS,,,,,