Id,Position,First Name,Nickname,Last Name,FPPG,Played,Salary,Game,Team,Opponent,Injury Indicator,Injury Details,Tier,,,Roster Position
56033-40199,PF,Giannis,Giannis Antetokounmpo,Antetokounmpo,56.426829268292686,41,11400,BOS@MIL,MIL,BOS,GTD,Knee,,,,PF
56033-9644,SG,James,James Harden,Harden,52.828206380208336,39,11300,BKN@UTA,BKN,UTA,,,,,,SG
56033-84669,PG,Luka,Luka Doncic,Doncic,52.6076910556891,39,11000,DAL@MIN,DAL,MIN,,,,,,PG
56033-55062,C,Nikola,Nikola Jokic,Jokic,56.44090687144887,44,10800,DEN@TOR,DEN,TOR,,,,,,C
56033-58462,C,Karl-Anthony,Karl-Anthony Towns,Towns,45.84782608695652,23,10200,DAL@MIN,MIN,DAL,,,,,,C
56033-14514,C,Nikola,Nikola Vucevic,Vucevic,46.38636363636363,44,9800,PHO@ORL,ORL,PHO,,,,,,C
56033-14498,PG,Kyrie,Kyrie Irving,Irving,45.640625,32,9600,BKN@UTA,BKN,UTA,O,Personal,,,,PG
56033-14513,SF,Kawhi,Kawhi Leonard,Leonard,45.099998680320944,37,9500,LAC@SA,LAC,SA,,,,,,SF
56033-80810,PG,De'Aaron,De'Aaron Fox,Fox,41.04285830543155,42,8900,ATL@SAC,SAC,ATL,,,,,,PG
56033-9714,SG,DeMar,DeMar DeRozan,DeRozan,39.18484774502841,33,8900,LAC@SA,SA,LAC,,,,,,SG
56033-9646,SF,Kevin,Kevin Durant,Durant,48.542104620682565,19,8800,BKN@UTA,BKN,UTA,O,Hamstring,,,,SF
56033-59358,PF,Domantas,Domantas Sabonis,Sabonis,43.939535451489824,43,8800,DET@IND,IND,DET,,,,,,PF
56033-84671,PG,Trae,Trae Young,Young,43.546342058879574,41,8700,ATL@SAC,ATL,SAC,,,,,,PG
56033-80808,PF,Jayson,Jayson Tatum,Tatum,42.51841976768092,38,8600,BOS@MIL,BOS,MIL,,,,,,PF
56033-66113,SG,Donovan,Donovan Mitchell,Mitchell,39.61951279058689,41,8400,BKN@UTA,UTA,BKN,,,,,,SG
56033-40203,C,Rudy,Rudy Gobert,Gobert,40.78371979469477,43,8300,BKN@UTA,UTA,BKN,,,,,,C
56033-9663,PG,Jrue,Jrue Holiday,Holiday,34.287498474121094,32,8300,BOS@MIL,MIL,BOS,,,,,,PG
56033-12341,SG,Paul,Paul George,George,38.994119083180145,34,8200,LAC@SA,LAC,SA,,,,,,SG
56033-24247,SG,Fred,Fred VanVleet,VanVleet,40.80000064247533,38,8200,DEN@TOR,TOR,DEN,,,,,,SG
56033-66236,PF,John,John Collins,Collins,33.35348723655523,43,8200,ATL@SAC,ATL,SAC,,,,,,PF
56033-42202,C,Christian,Christian Wood,Wood,40.890476771763396,21,8100,CHA@HOU,HOU,CHA,,,,,,C
56033-12332,PG,John,John Wall,Wall,36.13928658621652,28,8000,CHA@HOU,HOU,CHA,,,,,,PG
56033-40783,SG,Zach,Zach LaVine,LaVine,41.793022688045056,43,8000,CLE@CHI,CHI,CLE,,,,,,SG
56033-66108,PG,Jamal,Jamal Murray,Murray,35.44634265434451,41,7900,DEN@TOR,DEN,TOR,,,,,,PG
56033-60021,PF,Pascal,Pascal Siakam,Siakam,38.89411836511948,34,7900,DEN@TOR,TOR,DEN,,,,,,PF
56033-58460,SG,Devin,Devin Booker,Booker,36.67631450452303,38,7800,PHO@ORL,PHO,ORL,,,,,,SG
56033-15684,SG,Victor,Victor Oladipo,Oladipo,36.85172245420259,29,7800,CHA@HOU,HOU,CHA,,,,,,SG
56033-67026,SF,Jaylen,Jaylen Brown,Brown,39.697560380144814,41,7800,BOS@MIL,BOS,MIL,,,,,,SF
56033-9535,PG,Kyle,Kyle Lowry,Lowry,36.519443088107636,36,7700,DEN@TOR,TOR,DEN,,,,,,PG
56033-23447,C,Richaun,Richaun Holmes,Holmes,32.76666729266827,39,7700,ATL@SAC,SAC,ATL,,,,,,C
56033-145321,SG,Anthony,Anthony Edwards,Edwards,27.54883664153343,43,7700,DAL@MIN,MIN,DAL,,,,,,SG
56033-14503,C,Jonas,Jonas Valanciunas,Valanciunas,35.31428571428572,35,7600,MEM@OKC,MEM,OKC,,,,,,C
56033-63122,PF,Kristaps,Kristaps Porzingis,Porzingis,36.52307598407452,26,7500,DAL@MIN,DAL,MIN,,,,,,PF
56033-9623,PG,Chris,Chris Paul,Paul,37.290475027901785,42,7500,PHO@ORL,PHO,ORL,,,,,,PG
56033-16293,SF,Norman,Norman Powell,Powell,27.897562166539632,41,7500,DEN@TOR,TOR,DEN,,,,,,SF
56033-110344,PG,Ja,Ja Morant,Morant,34.80937576293945,32,7400,MEM@OKC,MEM,OKC,,,,,,PG
56033-16261,SF,Khris,Khris Middleton,Middleton,36.895237513950896,42,7400,BOS@MIL,MIL,BOS,,,,,,SF
56033-84667,SG,Collin,Collin Sexton,Sexton,34.473684210526315,38,7300,CLE@CHI,CLE,CHI,,,,,,SG
56033-67708,PG,Dejounte,Dejounte Murray,Murray,34.65128267728365,39,7200,LAC@SA,SA,LAC,,,,,,PG
56033-55059,C,Clint,Clint Capela,Capela,40.08919050886824,37,7200,ATL@SAC,ATL,SAC,,,,,,C
56033-68203,C,Chris,Chris Boucher,Boucher,29.686046511627907,43,7100,DEN@TOR,TOR,DEN,,,,,,C
56033-12366,SF,Gordon,Gordon Hayward,Hayward,36.31842041015625,38,7000,CHA@HOU,CHA,HOU,,,,,,SF
56033-42677,PG,Terry,Terry Rozier,Rozier,32.9,40,7000,CHA@HOU,CHA,HOU,,,,,,PG
56033-84680,SG,Shai,Shai Gilgeous-Alexander,Gilgeous-Alexander,39.53428431919643,35,7000,MEM@OKC,OKC,MEM,,,,,,SG
56033-23831,PF,Jerami,Jerami Grant,Grant,36.92307692307692,39,7000,DET@IND,DET,IND,,,,,,PF
56033-16359,PG,Malcolm,Malcolm Brogdon,Brogdon,38.04500122070313,40,6900,DET@IND,IND,DET,GTD,Back,,,,PG
56033-23798,SG,Caris,Caris LeVert,LeVert,33.06666734483507,18,6800,DET@IND,IND,DET,,,,,,SG
56033-110345,SF,Kevin,Kevin Porter,Porter,30.614286150251115,7,6800,CHA@HOU,HOU,CHA,GTD,Quadriceps,,,,SF
56033-80821,C,Jarrett,Jarrett Allen,Allen,31.980951218377974,42,6700,CLE@CHI,CLE,CHI,,,,,,C
56033-23096,SF,Evan,Evan Fournier,Fournier,30.9,25,6600,PHO@ORL,ORL,PHO,,,,,,SF
56033-84682,SF,Michael,Michael Porter,Porter,30.124241684422348,33,6500,DEN@TOR,DEN,TOR,,,,,,SF
56033-15590,C,Mason,Mason Plumlee,Plumlee,30.4375,40,6500,DET@IND,DET,IND,,,,,,C
56033-9666,PF,Thaddeus,Thaddeus Young,Young,30.360525030838815,38,6500,CLE@CHI,CHI,CLE,,,,,,PF
56033-23665,SG,Buddy,Buddy Hield,Hield,28.995349972747093,43,6400,ATL@SAC,SAC,ATL,,,,,,SG
56033-110347,SF,Keldon,Keldon Johnson,Johnson,27.118919578758447,37,6400,LAC@SA,SA,LAC,,,,,,SF
56033-41594,PF,Aaron,Aaron Gordon,Gordon,30.491666158040363,24,6300,PHO@ORL,ORL,PHO,,,,,,PF
56033-14507,PG,Kemba,Kemba Walker,Walker,30.92,25,6300,BOS@MIL,BOS,MIL,,,,,,PG
56033-110338,SF,De'Andre,De'Andre Hunter,Hunter,29.110525030838815,19,6300,ATL@SAC,ATL,SAC,,,,,,SF
56033-16405,SF,Terrence,Terrence Ross,Ross,26.552778455946182,36,6200,PHO@ORL,ORL,PHO,GTD,Knee,,,,SF
56033-84673,C,Deandre,Deandre Ayton,Ayton,32.914286295572914,42,6200,PHO@ORL,PHO,ORL,,,,,,C
56033-40830,PG,Delon,Delon Wright,Wright,28.314285714285713,35,6200,DET@IND,DET,IND,,,,,,PG
56033-58312,SG,D'Angelo,D'Angelo Russell,Russell,32.04500122070313,20,6200,DAL@MIN,MIN,DAL,O,Knee,,,,SG
56033-9453,C,Al,Al Horford,Horford,31.51851851851852,27,6100,MEM@OKC,OKC,MEM,,,,,,C
56033-15946,SF,Harrison,Harrison Barnes,Barnes,30.817498779296876,40,6000,ATL@SAC,SAC,ATL,,,,,,SF
56033-14496,PG,Ricky,Ricky Rubio,Rubio,24.865853658536587,41,6000,DAL@MIN,MIN,DAL,,,,,,PG
56033-110352,PF,P.J.,P.J. Washington,Washington,28.8631591796875,38,6000,CHA@HOU,CHA,HOU,,,,,,PF
56033-84708,C,Robert,Robert Williams,Williams,24.36666700575087,36,5900,BOS@MIL,BOS,MIL,,,,,,C
56033-17333,SG,Will,Will Barton,Barton,24.9375,40,5900,DEN@TOR,DEN,TOR,,,,,,SG
56033-9575,PG,Mike,Mike Conley,Conley,30.56857212611607,35,5800,BKN@UTA,UTA,BKN,,,,,,PG
56033-66064,SF,Malik,Malik Beasley,Beasley,31.124241684422348,33,5700,DAL@MIN,MIN,DAL,O,Suspension,,,,SF
56033-84681,SG,Donte,Donte DiVincenzo,DiVincenzo,24.433332170758927,42,5700,BOS@MIL,MIL,BOS,,,,,,SG
56033-58253,C,Myles,Myles Turner,Turner,34.15640963040865,39,5700,DET@IND,IND,DET,GTD,Ankle,,,,C
56033-9637,SF,Danilo,Danilo Gallinari,Gallinari,21.08709716796875,31,5700,ATL@SAC,ATL,SAC,GTD,Knee,,,,SF
56033-145337,SG,Tyrese,Tyrese Haliburton,Haliburton,28.681079761402028,37,5700,ATL@SAC,SAC,ATL,,,,,,SG
56033-20992,SF,Larry,Larry Nance,Nance,27.438462477463943,26,5600,CLE@CHI,CLE,CHI,,,,,,SF
56033-84670,SF,Mikal,Mikal Bridges,Bridges,27.400001162574405,42,5600,PHO@ORL,PHO,ORL,,,,,,SF
56033-59318,SG,Joe,Joe Ingles,Ingles,23.918421695106908,38,5600,BKN@UTA,UTA,BKN,,,,,,SG
56033-23716,SF,Kyle,Kyle Anderson,Anderson,28.899998715049342,38,5500,MEM@OKC,MEM,OKC,,,,,,SF
56033-23294,SF,Danuel,Danuel House,House,19.942307692307693,26,5500,CHA@HOU,HOU,CHA,,,,,,SF
56033-110342,PG,Darius,Darius Garland,Garland,28.317646699793197,34,5500,CLE@CHI,CLE,CHI,,,,,,PG
56033-58378,C,Jakob,Jakob Poeltl,Poeltl,24.3,40,5400,LAC@SA,SA,LAC,,,,,,C
56033-145576,PF,Jae'Sean,Jae'Sean Tate,Tate,23.304761614118302,42,5400,CHA@HOU,HOU,CHA,,,,,,PF
56033-84704,SG,Kevin,Kevin Huerter,Huerter,25.11627906976744,43,5400,ATL@SAC,ATL,SAC,,,,,,SG
56033-80812,PF,Lauri,Lauri Markkanen,Markkanen,28.009091463955965,22,5400,CLE@CHI,CHI,CLE,,,,,,PF
56033-68090,SF,OG,OG Anunoby,Anunoby,29.1639990234375,25,5400,DEN@TOR,TOR,DEN,,,,,,SF
56033-81529,PF,Daniel,Daniel Theis,Theis,22.0634140386814,41,5300,BOS@MIL,BOS,MIL,,,,,,PF
56033-110353,PF,Brandon,Brandon Clarke,Clarke,25.67999965122768,35,5300,MEM@OKC,MEM,OKC,,,,,,PF
56033-60233,SG,Dillon,Dillon Brooks,Brooks,26.50540573532517,37,5300,MEM@OKC,MEM,OKC,,,,,,SG
56033-80814,PG,Dennis,Dennis Smith,Smith,19.494444105360245,18,5300,DET@IND,DET,IND,,,,,,PG
56033-145328,SF,Saddiq,Saddiq Bey,Bey,18.7125,40,5300,DET@IND,DET,IND,,,,,,SF
56033-49675,PG,Derrick,Derrick White,White,24.674999237060547,16,5200,LAC@SA,SA,LAC,,,,,,PG
56033-16233,SF,Josh,Josh Richardson,Richardson,23.943750381469727,32,5200,DAL@MIN,DAL,MIN,,,,,,SF
56033-145327,PG,Cole,Cole Anthony,Anthony,23.28800048828125,25,5200,PHO@ORL,ORL,PHO,O,Ribs,,,,PG
56033-84679,PF,Marvin,Marvin Bagley,Bagley,25.87837837837838,37,5100,ATL@SAC,SAC,ATL,O,Hand,,,,PF
56033-9621,C,Brook,Brook Lopez,Lopez,23.373809814453125,42,5100,BOS@MIL,MIL,BOS,,,,,,C
56033-110637,PF,Darius,Darius Bazley,Bazley,24.77777777777778,36,5000,MEM@OKC,OKC,MEM,O,Shoulder,,,,PF
56033-23670,SG,Marcus,Marcus Smart,Smart,28.54583231608073,24,5000,BOS@MIL,BOS,MIL,,,,,,SG
56033-70827,C,Ivica,Ivica Zubac,Zubac,21.254545731977984,44,5000,LAC@SA,LAC,SA,,,,,,C
56033-42156,PF,Bobby,Bobby Portis,Portis,23.364285423642112,42,5000,BOS@MIL,MIL,BOS,,,,,,PF
56033-84694,SG,Bruce,Bruce Brown,Brown,18.00749969482422,40,5000,BKN@UTA,BKN,UTA,,,,,,SG
56033-84706,SG,Devonte',Devonte' Graham,Graham,25.662500381469727,32,5000,CHA@HOU,CHA,HOU,,,,,,SG
56033-110354,PF,Nicolas,Nicolas Claxton,Claxton,22.741666158040363,12,5000,BKN@UTA,BKN,UTA,,,,,,PF
56033-18393,PG,T.J.,T.J. McConnell,McConnell,26.130768604767628,39,5000,DET@IND,IND,DET,,,,,,PG
56033-16363,SF,Joe,Joe Harris,Harris,23.188636086203836,44,5000,BKN@UTA,BKN,UTA,,,,,,SF
56033-111273,SF,Luguentz,Luguentz Dort,Dort,21.043590056590546,39,4900,MEM@OKC,OKC,MEM,,,,,,SF
56033-9957,PF,Serge,Serge Ibaka,Ibaka,24.6974362104367,39,4900,LAC@SA,LAC,SA,O,Back,,,,PF
56033-9577,PF,Rudy,Rudy Gay,Gay,21.855881634880514,34,4900,LAC@SA,SA,LAC,GTD,Foot,,,,PF
56033-23097,PG,Tomas,Tomas Satoransky,Satoransky,18.993547993321574,31,4800,CLE@CHI,CHI,CLE,,,,,,PG
56033-145533,PF,Kenyon,Kenyon Martin,Martin,17.233333333333334,15,4800,CHA@HOU,HOU,CHA,,,,,,PF
56033-145538,PF,Aleksej,Aleksej Pokusevski,Pokusevski,16.537499745686848,24,4800,MEM@OKC,OKC,MEM,,,,,,PF
56033-14530,SF,Bojan,Bojan Bogdanovic,Bogdanovic,22.569048200334823,42,4800,BKN@UTA,UTA,BKN,,,,,,SF
56033-84690,PG,Jalen,Jalen Brunson,Brunson,21.30540507548564,37,4800,DAL@MIN,DAL,MIN,,,,,,PG
56033-110339,SG,Cam,Cam Reddish,Reddish,21.588461068960335,26,4800,ATL@SAC,ATL,SAC,O,Achilles,,,,SG
56033-9560,PF,Blake,Blake Griffin,Griffin,23.98636419122869,22,4800,BKN@UTA,BKN,UTA,,,,,,PF
56033-80809,SG,Josh,Josh Jackson,Jackson,24.36842105263158,38,4800,DET@IND,DET,IND,,,,,,SG
56033-80811,SF,Jonathan,Jonathan Isaac,Isaac,32.2705867991728,34,4800,PHO@ORL,ORL,PHO,O,Knee,,,,SF
56033-117286,C,Moses,Moses Brown,Brown,18.942858014787948,14,4700,MEM@OKC,OKC,MEM,,,,,,C
56033-15557,C,Andre,Andre Drummond,Drummond,42.5360009765625,25,4700,CLE@CHI,CLE,CHI,O,Not injury related,,,,C
56033-84678,PF,Miles,Miles Bridges,Bridges,21.726190476190474,42,4700,CHA@HOU,CHA,HOU,,,,,,PF
56033-110346,PF,Isaiah,Isaiah Roby,Roby,20.89459393475507,37,4700,MEM@OKC,OKC,MEM,,,,,,PF
56033-16201,PG,Michael,Michael Carter-Williams,Carter-Williams,21.60909063165838,22,4700,PHO@ORL,ORL,PHO,,,,,,PG
56033-145536,PG,Theo,Theo Maledon,Maledon,18.22432399440456,37,4600,MEM@OKC,OKC,MEM,,,,,,PG
56033-20640,PG,Jordan,Jordan Clarkson,Clarkson,27.047619047619047,42,4600,BKN@UTA,UTA,BKN,,,,,,PG
56033-84676,C,Wendell,Wendell Carter,Carter,26.135484264742942,31,4600,CLE@CHI,CHI,CLE,,,,,,C
56033-9648,PF,Jeff,Jeff Green,Green,18.230000305175782,40,4600,BKN@UTA,BKN,UTA,,,,,,PF
56033-66061,SG,Dwayne,Dwayne Bacon,Bacon,16.067442428234013,43,4500,PHO@ORL,ORL,PHO,,,,,,SG
56033-15993,PG,Pat,Pat Connaughton,Connaughton,17.076923076923077,39,4500,BOS@MIL,MIL,BOS,,,,,,PG
56033-14512,PF,Marcus,Marcus Morris,Morris,19.920587876263788,34,4500,LAC@SA,LAC,SA,,,,,,PF
56033-84702,SG,Lonnie,Lonnie Walker,Walker,18.921620961782093,37,4500,LAC@SA,SA,LAC,O,Wrist,,,,SG
56033-110326,PG,Coby,Coby White,White,27.288094656808035,42,4500,CLE@CHI,CHI,CLE,,,,,,PG
56033-18338,PF,Royce,Royce O'Neale,O'Neale,22.138094947451638,42,4500,BKN@UTA,UTA,BKN,,,,,,PF
56033-15846,SG,Tim,Tim Hardaway,Hardaway,24.094999694824217,40,4500,DAL@MIN,DAL,MIN,,,,,,SG
56033-9729,PF,Paul,Paul Millsap,Millsap,21.803030303030305,33,4400,DEN@TOR,DEN,TOR,,,,,,PF
56033-20064,PG,Matthew,Matthew Dellavedova,Dellavedova,9.543859649122806,57,4400,CLE@CHI,CLE,CHI,O,Abdomen,,,,PG
56033-18600,PG,Tyler,Tyler Johnson,Johnson,9.54,25,4400,BKN@UTA,BKN,UTA,,,,,,PG
56033-15559,SG,Jeremy,Jeremy Lamb,Lamb,21.18800048828125,25,4400,DET@IND,IND,DET,,,,,,SG
56033-84703,SG,De'Anthony,De'Anthony Melton,Melton,22.439285278320312,28,4400,MEM@OKC,MEM,OKC,,,,,,SG
56033-110317,PG,Jaylen,Jaylen Nowell,Nowell,16.99310302734375,29,4400,DAL@MIN,MIN,DAL,,,,,,PG
56033-15691,C,Cody,Cody Zeller,Zeller,23.643477730129074,23,4400,CHA@HOU,CHA,HOU,GTD,Shoulder,,,,C
56033-9556,SF,Eric,Eric Gordon,Gordon,25.44814724392361,27,4400,CHA@HOU,HOU,CHA,O,Groin,,,,SF
56033-9561,C,DeAndre,DeAndre Jordan,Jordan,22.535714285714285,42,4400,BKN@UTA,BKN,UTA,,,,,,C
56033-9662,SG,Lou,Lou Williams,Williams,21.33170672160823,41,4400,LAC@SA,LAC,SA,,,,,,SG
56033-12363,C,Hassan,Hassan Whiteside,Whiteside,19.477778682002313,27,4300,ATL@SAC,SAC,ATL,,,,,,C
56033-84713,SG,Svi,Svi Mykhailiuk,Mykhailiuk,13.582051595052084,39,4300,MEM@OKC,OKC,MEM,,,,,,SG
56033-110331,SG,Ty,Ty Jerome,Jerome,21.509091463955965,11,4300,MEM@OKC,OKC,MEM,,,,,,SG
56033-85305,SF,Kenrich,Kenrich Williams,Williams,16.197674418604652,43,4300,MEM@OKC,OKC,MEM,,,,,,SF
56033-9874,PF,Kevin,Kevin Love,Love,11.524999618530273,4,4200,CLE@CHI,CLE,CHI,O,Calf,,,,PF
56033-14523,PG,Reggie,Reggie Jackson,Jackson,16.990243306974087,41,4200,LAC@SA,LAC,SA,,,,,,PG
56033-58084,SF,Justise,Justise Winslow,Winslow,17.792307927058292,13,4200,MEM@OKC,MEM,OKC,,,,,,SF
56033-42733,SF,David,David Nwaba,Nwaba,20.00333251953125,30,4200,CHA@HOU,HOU,CHA,O,Wrist,,,,SF
56033-55060,SF,Bogdan,Bogdan Bogdanovic,Bogdanovic,17.86111111111111,18,4200,ATL@SAC,ATL,SAC,,,,,,SF
56033-40262,PG,Sterling,Sterling Brown,Brown,17.8875,40,4200,CHA@HOU,HOU,CHA,,,,,,PG
56033-9688,PF,LaMarcus,LaMarcus Aldridge,Aldridge,24.419047037760418,21,4200,LAC@SA,SA,LAC,O,Not injury related,,,,PF
56033-9703,PG,George,George Hill,Hill,21.021427699497767,14,4200,MEM@OKC,OKC,MEM,O,Thumb,,,,PG
56033-14501,C,Tristan,Tristan Thompson,Thompson,20.705556233723957,36,4100,BOS@MIL,BOS,MIL,O,Covid-19,,,,C
56033-15542,SG,Spencer,Spencer Dinwiddie,Dinwiddie,17.6999994913737,3,4100,BKN@UTA,BKN,UTA,O,Knee,,,,SG
56033-84699,PG,Hamidou,Hamidou Diallo,Diallo,24.203125,32,4100,DET@IND,DET,IND,O,Groin,,,,PG
56033-110336,SF,Chuma,Chuma Okeke,Okeke,14.24074074074074,27,4100,PHO@ORL,ORL,PHO,,,,,,SF
56033-145307,PF,Isaiah,Isaiah Stewart,Stewart,18.24250030517578,40,4100,DET@IND,DET,IND,,,,,,PF
56033-12342,PF,Al-Farouq,Al-Farouq Aminu,Aminu,17.450000762939453,16,4000,PHO@ORL,ORL,PHO,,,,,,PF
56033-9939,SG,Patty,Patty Mills,Mills,20.135897122896633,39,4000,LAC@SA,SA,LAC,,,,,,SG
56033-84711,SG,Grayson,Grayson Allen,Allen,19.199999128069198,28,4000,MEM@OKC,MEM,OKC,,,,,,SG
56033-23802,PG,Kris,Kris Dunn,Dunn,22.386273552389707,51,4000,ATL@SAC,ATL,SAC,O,Ankle,,,,PG
56033-15727,SG,Ben,Ben McLemore,McLemore,11.960714067731585,28,4000,CHA@HOU,HOU,CHA,,,,,,SG
56033-145308,PF,Patrick,Patrick Williams,Williams,20.485366449123475,41,4000,CLE@CHI,CHI,CLE,,,,,,PF
56033-37931,C,Aron,Aron Baynes,Baynes,15.30749969482422,40,3900,DEN@TOR,TOR,DEN,,,,,,C
56033-23120,SF,T.J.,T.J. Warren,Warren,22.075000762939453,4,3900,DET@IND,IND,DET,O,Foot,,,,SF
56033-49336,SG,DeAndre',DeAndre' Bembry,Bembry,12.064516129032258,31,3900,DEN@TOR,TOR,DEN,,,,,,SG
56033-12474,PG,Patrick,Patrick Beverley,Beverley,19.875862910829742,29,3900,LAC@SA,LAC,SA,O,Knee,,,,PG
56033-16604,SF,Justin,Justin Holiday,Holiday,22.609523228236608,42,3900,DET@IND,IND,DET,,,,,,SF
56033-15800,PF,Jae,Jae Crowder,Crowder,21.623076610076122,39,3900,PHO@ORL,PHO,ORL,,,,,,PF
56033-16376,SF,Dorian,Dorian Finney-Smith,Finney-Smith,20.10999959309896,30,3900,DAL@MIN,DAL,MIN,,,,,,SF
56033-9739,PF,JaVale,JaVale McGee,McGee,19.439393939393938,33,3800,CLE@CHI,CLE,CHI,,,,,,PF
56033-9809,SF,Nicolas,Nicolas Batum,Batum,21.39512224895198,41,3800,LAC@SA,LAC,SA,,,,,,SF
56033-145547,PG,Facundo,Facundo Campazzo,Campazzo,13.670269940350506,37,3800,DEN@TOR,DEN,TOR,,,,,,PG
56033-14505,C,Bismack,Bismack Biyombo,Biyombo,17.402499389648437,40,3800,CHA@HOU,CHA,HOU,,,,,,C
56033-81621,PF,Maxi,Maxi Kleber,Kleber,19.58275946255388,29,3800,DAL@MIN,DAL,MIN,,,,,,PF
56033-15628,SF,Otto,Otto Porter,Porter,20.629166920979817,24,3800,CLE@CHI,CHI,CLE,,,,,,SF
56033-55056,PF,Dario,Dario Saric,Saric,17.820833841959637,24,3800,PHO@ORL,PHO,ORL,,,,,,PF
56033-18256,SF,Doug,Doug McDermott,McDermott,20.56829238519436,41,3800,DET@IND,IND,DET,,,,,,SF
56033-110995,C,Naz,Naz Reid,Reid,22.897560677877287,41,3800,DAL@MIN,MIN,DAL,,,,,,C
56033-80816,SF,Malik,Malik Monk,Monk,18.34138015220905,29,3800,CHA@HOU,CHA,HOU,,,,,,SF
56033-66046,SG,Luke,Luke Kennard,Kennard,14.871051989103618,38,3800,LAC@SA,LAC,SA,,,,,,SG
56033-12368,PF,Nemanja,Nemanja Bjelica,Bjelica,14.711538461538462,26,3700,ATL@SAC,SAC,ATL,,,,,,PF
56033-17491,SF,James,James Ennis,Ennis,16.46923123873197,26,3700,PHO@ORL,ORL,PHO,,,,,,SF
56033-58461,PF,Trey,Trey Lyles,Lyles,11.150000138716264,22,3700,LAC@SA,SA,LAC,,,,,,PF
56033-63126,SF,Cedi,Cedi Osman,Osman,20.69047619047619,42,3700,CLE@CHI,CLE,CHI,,,,,,SF
56033-70822,PF,Juancho,Juancho Hernangomez,Hernangomez,12.966667175292969,24,3700,DAL@MIN,MIN,DAL,,,,,,PF
56033-14529,PG,Cory,Cory Joseph,Joseph,15.341860749000727,43,3700,ATL@SAC,SAC,ATL,,,,,,PG
56033-84689,SF,Josh,Josh Okogie,Okogie,12.941666497124565,36,3700,DAL@MIN,MIN,DAL,,,,,,SF
56033-145334,SG,Desmond,Desmond Bane,Bane,16.474999321831596,36,3700,MEM@OKC,MEM,OKC,,,,,,SG
56033-110315,SG,Terance,Terance Mann,Mann,12.614634444073934,41,3600,LAC@SA,LAC,SA,,,,,,SG
56033-110351,SG,Cody,Cody Martin,Martin,9.986666870117187,30,3600,CHA@HOU,CHA,HOU,,,,,,SG
56033-145319,PF,Jaden,Jaden McDaniels,McDaniels,14.508332994249132,36,3600,DAL@MIN,MIN,DAL,,,,,,PF
56033-48567,PG,Cameron,Cameron Payne,Payne,16.338709677419356,31,3600,PHO@ORL,PHO,ORL,,,,,,PG
56033-145341,SG,Isaac,Isaac Okoro,Okoro,17.202631900185033,38,3600,CLE@CHI,CLE,CHI,,,,,,SG
56033-24546,SF,Denzel,Denzel Valentine,Valentine,16.06315853721217,38,3600,CLE@CHI,CHI,CLE,,,,,,SF
56033-101393,SG,Paul,Paul Watson,Watson,5.360869697902514,23,3500,DEN@TOR,TOR,DEN,,,,,,SG
56033-23572,SF,Taurean,Taurean Prince,Prince,18.096551303205818,29,3500,CLE@CHI,CLE,CHI,O,Shoulder,,,,SF
56033-117285,SF,Vlatko,Vlatko Cancar,Cancar,4.091304281483525,23,3500,DEN@TOR,DEN,TOR,,,,,,SF
56033-117289,PF,Juwan,Juwan Morgan,Morgan,2.8705881904153263,17,3500,BKN@UTA,UTA,BKN,,,,,,PF
56033-15405,PF,JaMychal,JaMychal Green,Green,18.193548387096776,31,3500,DEN@TOR,DEN,TOR,,,,,,PF
56033-110639,PF,Sekou,Sekou Doumbouya,Doumbouya,8.13243226747255,37,3500,DET@IND,DET,IND,,,,,,PF
56033-110638,SG,Deividas,Deividas Sirvydis,Sirvydis,1.1285714421953474,7,3500,DET@IND,DET,IND,,,,,,SG
56033-110640,PF,Luka,Luka Samanic,Samanic,7.838461655836839,13,3500,LAC@SA,SA,LAC,,,,,,PF
56033-12340,PF,Patrick,Patrick Patterson,Patterson,8.733333333333333,15,3500,LAC@SA,LAC,SA,,,,,,PF
56033-42550,PF,Jabari,Jabari Parker,Parker,5.566666920979817,3,3500,ATL@SAC,SAC,ATL,,,,,,PF
56033-15417,SF,Solomon,Solomon Hill,Hill,9.97441846270894,43,3500,ATL@SAC,ATL,SAC,,,,,,SF
56033-117307,SF,DaQuan,DaQuan Jeffries,Jeffries,7.720000203450521,15,3500,ATL@SAC,SAC,ATL,,,,,,SF
56033-12351,C,Derrick,Derrick Favors,Favors,17.410000610351563,40,3500,BKN@UTA,UTA,BKN,,,,,,C
56033-16448,PF,Frank,Frank Kaminsky,Kaminsky,15.112500190734863,32,3500,PHO@ORL,PHO,ORL,,,,,,PF
56033-112709,SG,Javonte,Javonte Green,Green,9.235999755859375,25,3500,BOS@MIL,BOS,MIL,,,,,,SG
56033-112710,C,Tacko,Tacko Fall,Fall,8.88000030517578,10,3500,BOS@MIL,BOS,MIL,,,,,,C
56033-145486,SG,Myles,Myles Powell,Powell,,,3500,BOS@MIL,MIL,BOS,,,,,,SG
56033-12365,C,Ed,Ed Davis,Davis,12.731578626130757,19,3500,DAL@MIN,MIN,DAL,,,,,,C
56033-145485,PG,LaMelo,LaMelo Ball,Ball,35.08536585365854,41,3500,CHA@HOU,CHA,HOU,O,Wrist,,,,PG
56033-145491,PF,Nathan,Nathan Knight,Knight,8.786666870117188,15,3500,ATL@SAC,ATL,SAC,,,,,,PF
56033-145489,PG,Killian,Killian Hayes,Hayes,9.728571210588727,7,3500,DET@IND,DET,IND,O,Hip,,,,PG
56033-85597,PG,Jordan,Jordan McLaughlin,McLaughlin,17.695833841959637,24,3500,DAL@MIN,MIN,DAL,GTD,Covid-19,,,,PG
56033-17517,SG,Tony,Tony Snell,Snell,11.276666259765625,30,3500,ATL@SAC,ATL,SAC,,,,,,SG
56033-113267,SF,Caleb,Caleb Martin,Martin,12.568965517241379,29,3500,CHA@HOU,CHA,HOU,,,,,,SF
56033-23156,PF,Georges,Georges Niang,Niang,9.350000290643601,42,3500,BKN@UTA,UTA,BKN,,,,,,PF
56033-116340,SG,Terence,Terence Davis,Davis,12.393939393939394,33,3500,DEN@TOR,TOR,DEN,,,,,,SG
56033-41083,PF,Luke,Luke Kornet,Kornet,5.846153846153846,13,3500,CLE@CHI,CHI,CLE,,,,,,PF
56033-23676,PG,Damyean,Damyean Dotson,Dotson,13.051613100113407,31,3500,CLE@CHI,CLE,CHI,,,,,,PG
56033-145532,SG,Jay,Jay Scrubb,Scrubb,,,3500,LAC@SA,LAC,SA,O,Foot,,,,SG
56033-145541,PG,R.J.,R.J. Hampton,Hampton,6.016666412353516,24,3500,DEN@TOR,DEN,TOR,,,,,,PG
56033-66196,SG,PJ,PJ Dozier,Dozier,16.88214329310826,28,3500,DEN@TOR,DEN,TOR,,,,,,SG
56033-70825,SF,Timothe,Timothe Luwawu-Cabarrot,Luwawu-Cabarrot,13.524324159364443,37,3500,BKN@UTA,BKN,UTA,,,,,,SF
56033-145588,SF,Anthony,Anthony Lamb,Lamb,8.866666793823242,6,3500,CHA@HOU,HOU,CHA,,,,,,SF
56033-23740,PG,Ryan,Ryan Arcidiacono,Arcidiacono,7.56,25,3500,CLE@CHI,CHI,CLE,,,,,,PG
56033-84675,C,Mo,Mo Bamba,Bamba,12.418182373046875,22,3500,PHO@ORL,ORL,PHO,GTD,Toe,,,,C
56033-84683,PF,Jaren,Jaren Jackson,Jackson,29.97931118669181,58,3500,MEM@OKC,MEM,OKC,O,Knee,,,,PF
56033-16081,PF,Khem,Khem Birch,Birch,16.295238676525297,42,3500,PHO@ORL,ORL,PHO,,,,,,PF
56033-84688,SF,Keita,Keita Bates-Diop,Bates-Diop,5.53125,16,3500,LAC@SA,SA,LAC,O,Hamstring,,,,SF
56033-145623,PF,Mamadi,Mamadi Diakite,Diakite,7.300000190734863,2,3500,BOS@MIL,MIL,BOS,,,,,,PF
56033-84696,SG,Jevon,Jevon Carter,Carter,7.435294207404642,34,3500,PHO@ORL,PHO,ORL,,,,,,SG
56033-14554,SF,E'Twaun,E'Twaun Moore,Moore,10.03749974568685,24,3500,PHO@ORL,PHO,ORL,,,,,,SF
56033-145624,SG,Ty-Shon,Ty-Shon Alexander,Alexander,0.675000011920929,4,3500,PHO@ORL,PHO,ORL,,,,,,SG
56033-84701,C,Chimezie,Chimezie Metu,Metu,8.4636362249201,11,3500,ATL@SAC,SAC,ATL,GTD,Wrist,,,,C
56033-84700,PF,Rodions,Rodions Kurucs,Kurucs,3.924999952316284,16,3500,BOS@MIL,MIL,BOS,O,Oblique,,,,PF
56033-145631,SF,Greg,Greg Whittington,Whittington,0,4,3500,DEN@TOR,DEN,TOR,,,,,,SF
56033-15582,PG,Quinn,Quinn Cook,Cook,5.238095238095238,21,3500,CLE@CHI,CLE,CHI,,,,,,PG
56033-58081,PG,Tyus,Tyus Jones,Jones,19.31999969482422,40,3500,MEM@OKC,MEM,OKC,,,,,,PG
56033-84707,SF,Chandler,Chandler Hutchison,Hutchison,5.857142857142857,7,3500,CLE@CHI,CHI,CLE,,,,,,SF
56033-145632,PF,Killian,Killian Tillie,Tillie,6.375,4,3500,MEM@OKC,MEM,OKC,,,,,,PF
56033-58083,C,Jahlil,Jahlil Okafor,Okafor,7.991666793823242,12,3500,DET@IND,DET,IND,O,Knee,,,,C
56033-9956,SG,Wayne,Wayne Ellington,Ellington,15.953333536783854,30,3500,DET@IND,DET,IND,GTD,Groin,,,,SG
56033-23780,SF,Jake,Jake Layman,Layman,12.670967348160282,31,3500,DAL@MIN,MIN,DAL,,,,,,SF
56033-110308,SF,Jarrell,Jarrell Brantley,Brantley,2.4083333015441895,12,3500,BKN@UTA,UTA,BKN,,,,,,SF
56033-9446,PG,Jeff,Jeff Teague,Teague,13.554545084635416,33,3500,BOS@MIL,BOS,MIL,,,,,,PG
56033-110313,C,Bol,Bol Bol,Bol,4.172222137451172,18,3500,DEN@TOR,DEN,TOR,,,,,,C
56033-110827,SG,Matt,Matt Thomas,Thomas,4.1,25,3500,DEN@TOR,TOR,DEN,,,,,,SG
56033-23788,SG,Bryn,Bryn Forbes,Forbes,11.838095528738839,42,3500,BOS@MIL,MIL,BOS,GTD,Toe,,,,SG
56033-110829,SG,Brian,Brian Bowen,Bowen,2.0999999046325684,2,3500,DET@IND,IND,DET,,,,,,SG
56033-110316,SF,Cameron,Cameron Johnson,Johnson,18.563888549804688,36,3500,PHO@ORL,PHO,ORL,,,,,,SF
56033-9966,PF,James,James Johnson,Johnson,15.800000420932111,29,3500,DAL@MIN,DAL,MIN,,,,,,PF
56033-84719,SG,Aaron,Aaron Holiday,Holiday,12.475609756097562,41,3500,DET@IND,IND,DET,,,,,,SG
56033-110319,PG,Tremont,Tremont Waters,Waters,8.418181679465555,11,3500,BOS@MIL,BOS,MIL,,,,,,PG
56033-9455,PG,Rajon,Rajon Rondo,Rondo,12.537037037037036,27,3500,ATL@SAC,ATL,SAC,,,,,,PG
56033-84718,PF,Alize,Alize Johnson,Johnson,6.4764704984777115,17,3500,BKN@UTA,BKN,UTA,GTD,Not injury related,,,,PF
56033-110318,PF,Grant,Grant Williams,Williams,11.602857317243304,35,3500,BOS@MIL,BOS,MIL,,,,,,PF
56033-84721,PF,Jarred,Jarred Vanderbilt,Vanderbilt,18.70731707317073,41,3500,DAL@MIN,MIN,DAL,,,,,,PF
56033-110321,SG,Romeo,Romeo Langford,Langford,5.771874904632568,32,3500,BOS@MIL,BOS,MIL,O,Covid-19,,,,SG
56033-110325,PF,Daniel,Daniel Gafford,Gafford,13.45,30,3500,CLE@CHI,CHI,CLE,,,,,,PF
56033-84724,SG,Landry,Landry Shamet,Shamet,12.782051282051283,39,3500,BKN@UTA,BKN,UTA,O,Ankle,,,,SG
56033-110324,SG,Miye,Miye Oni,Oni,4.703448065396013,29,3500,BKN@UTA,UTA,BKN,,,,,,SG
56033-85238,SG,Yuta,Yuta Watanabe,Watanabe,9.15769254244291,26,3500,DEN@TOR,TOR,DEN,,,,,,SG
56033-110329,PF,Bruno,Bruno Fernando,Fernando,5.719047546386719,21,3500,ATL@SAC,ATL,SAC,,,,,,PF
56033-9466,PG,D.J.,D.J. Augustin,Augustin,13.128205128205128,39,3500,CHA@HOU,HOU,CHA,,,,,,PG
56033-97018,PG,Chris,Chris Chiozza,Chiozza,9.346666463216145,15,3500,BKN@UTA,BKN,UTA,,,,,,PG
56033-110333,SF,Jarrett,Jarrett Culver,Culver,14.890476771763392,21,3500,DAL@MIN,MIN,DAL,,,,,,SF
56033-110332,PG,Carsen,Carsen Edwards,Edwards,8.318750381469727,16,3500,BOS@MIL,BOS,MIL,,,,,,PG
56033-110334,SG,Justin,Justin James,James,3.75,20,3500,ATL@SAC,SAC,ATL,,,,,,SG
56033-110341,SG,Dylan,Dylan Windler,Windler,13.59655130320582,29,3500,CLE@CHI,CLE,CHI,,,,,,SG
56033-110348,SG,Quinndary,Quinndary Weatherspoon,Weatherspoon,2.950000047683716,8,3500,LAC@SA,SA,LAC,,,,,,SG
56033-111372,SF,Thanasis,Thanasis Antetokounmpo,Antetokounmpo,6.5,30,3500,BOS@MIL,MIL,BOS,,,,,,SF
56033-19726,SF,Abdel,Abdel Nader,Nader,12.53749974568685,24,3500,PHO@ORL,PHO,ORL,GTD,Knee,,,,SF
56033-23823,C,Willie,Willie Cauley-Stein,Cauley-Stein,14.628571428571428,35,3500,DAL@MIN,DAL,MIN,O,Covid-19,,,,C
56033-55055,PG,Dante,Dante Exum,Exum,12.316666920979818,6,3500,CHA@HOU,HOU,CHA,O,Calf,,,,PG
56033-110350,PF,Jalen,Jalen McDaniels,McDaniels,8.144999694824218,20,3500,CHA@HOU,CHA,HOU,,,,,,PF
56033-111376,SG,John,John Konchar,Konchar,12.680951799665179,21,3500,MEM@OKC,MEM,OKC,,,,,,SG
56033-110355,SF,Mfiondu,Mfiondu Kabengele,Kabengele,2.621739097263502,23,3500,ATL@SAC,SAC,ATL,,,,,,SF
56033-58134,SF,Justin,Justin Jackson,Jackson,12.4,30,3500,MEM@OKC,OKC,MEM,,,,,,SF
56033-110359,C,Goga,Goga Bitadze,Bitadze,10.139130302097486,23,3500,DET@IND,IND,DET,,,,,,C
56033-110358,SG,Kyle,Kyle Guy,Guy,5.323529411764706,17,3500,ATL@SAC,SAC,ATL,,,,,,SG
56033-115994,PF,Tyler,Tyler Cook,Cook,2.633333365122477,6,3500,DET@IND,DET,IND,,,,,,PF
56033-58658,SG,Patrick,Patrick McCaw,McCaw,4.1200000762939455,5,3500,DEN@TOR,TOR,DEN,,,,,,SG
56033-110883,PF,Dean,Dean Wade,Wade,9.157142857142857,35,3500,CLE@CHI,CLE,CHI,,,,,,PF
56033-110882,SG,Adam,Adam Mokoka,Mokoka,3.422222137451172,9,3500,CLE@CHI,CHI,CLE,,,,,,SG
56033-145697,PG,Karim,Karim Mane,Mane,2.9285714285714284,7,3500,PHO@ORL,ORL,PHO,,,,,,PG
56033-48940,SG,Wes,Wes Iwundu,Iwundu,6.382608828337296,23,3500,DAL@MIN,DAL,MIN,,,,,,SG
56033-119602,SF,Jontay,Jontay Porter,Porter,3.5999999046325684,1,3500,MEM@OKC,MEM,OKC,,,,,,SF
56033-15669,C,Meyers,Meyers Leonard,Leonard,6.466666539510091,3,3500,MEM@OKC,OKC,MEM,O,Shoulder,,,,C
56033-20277,SG,Torrey,Torrey Craig,Craig,9.094999694824219,20,3500,PHO@ORL,PHO,ORL,,,,,,SG
56033-16183,PF,JaKarr,JaKarr Sampson,Sampson,5.6200002034505205,15,3500,DET@IND,IND,DET,,,,,,PF
56033-145730,SG,Nate,Nate Darling,Darling,0,1,3500,CHA@HOU,CHA,HOU,,,,,,SG
56033-11074,SF,Garrett,Garrett Temple,Temple,18.5,35,3500,CLE@CHI,CHI,CLE,GTD,Ankle,,,,SF
56033-16196,C,Dwight,Dwight Powell,Powell,11.364286150251116,28,3500,DAL@MIN,DAL,MIN,,,,,,C
56033-16197,SG,Chasson,Chasson Randle,Randle,12.571428571428571,14,3500,PHO@ORL,ORL,PHO,GTD,Groin,,,,SG
56033-145738,SG,Nate,Nate Hinton,Hinton,3.171428680419922,7,3500,DAL@MIN,DAL,MIN,,,,,,SG
56033-145737,SG,Brodric,Brodric Thomas,Thomas,5.9375,8,3500,CLE@CHI,CLE,CHI,,,,,,SG
56033-17230,SG,Langston,Langston Galloway,Galloway,7.716666666666667,30,3500,PHO@ORL,PHO,ORL,,,,,,SG
56033-63826,C,Boban,Boban Marjanovic,Marjanovic,9.430000305175781,20,3500,DAL@MIN,DAL,MIN,,,,,,C
56033-23407,PF,P.J.,P.J. Tucker,Tucker,14.77058859432445,34,3500,BOS@MIL,MIL,BOS,GTD,Ankle,,,,PF
56033-66424,C,Justin,Justin Patton,Patton,19.40909090909091,11,3500,CHA@HOU,HOU,CHA,,,,,,C
56033-9598,PF,Ersan,Ersan Ilyasova,Ilyasova,1.5,1,3500,BKN@UTA,UTA,BKN,,,,,,PF
56033-15744,SG,Rodney,Rodney McGruder,McGruder,9.913333129882812,15,3500,DET@IND,DET,IND,O,Elbow,,,,SG
56033-111492,PF,Amir,Amir Coffey,Coffey,4.638461479773889,26,3500,LAC@SA,LAC,SA,,,,,,PF
56033-15762,SF,Darius,Darius Miller,Miller,9.12857164655413,14,3500,MEM@OKC,OKC,MEM,,,,,,SF
56033-145303,SG,Skylar,Skylar Mays,Mays,6.5,19,3500,ATL@SAC,ATL,SAC,,,,,,SG
56033-145304,C,Onyeka,Onyeka Okongwu,Okongwu,8.147619338262649,21,3500,ATL@SAC,ATL,SAC,,,,,,C
56033-15771,C,Gorgui,Gorgui Dieng,Dieng,18.41363664106889,22,3500,MEM@OKC,MEM,OKC,,,,,,C
56033-145305,PF,Zeke,Zeke Nnaji,Nnaji,6.289285932268415,28,3500,DEN@TOR,DEN,TOR,,,,,,PF
56033-145310,PG,Saben,Saben Lee,Lee,13.290476481119791,21,3500,DET@IND,DET,IND,,,,,,PG
56033-115612,SF,Kelan,Kelan Martin,Martin,2.9928572518484935,14,3500,DET@IND,IND,DET,,,,,,SF
56033-145311,SG,Grant,Grant Riller,Riller,,,3500,CHA@HOU,CHA,HOU,,,,,,SG
56033-58270,PG,Edmond,Edmond Sumner,Sumner,8.241379310344827,29,3500,DET@IND,IND,DET,,,,,,PG
56033-145309,C,Udoka,Udoka Azubuike,Azubuike,3.2999998728434243,12,3500,BKN@UTA,UTA,BKN,O,Ankle,,,,C
56033-145821,SF,Josh,Josh Hall,Hall,4.185714176722935,7,3500,MEM@OKC,OKC,MEM,GTD,Knee,,,,SF
56033-145315,SF,Elijah,Elijah Hughes,Hughes,3.8999998910086497,7,3500,BKN@UTA,UTA,BKN,,,,,,SF
56033-145312,PF,Vernon,Vernon Carey,Carey,2.683333396911621,6,3500,CHA@HOU,CHA,HOU,,,,,,PF
56033-145313,PF,Jordan,Jordan Nwora,Nwora,6.933333079020183,12,3500,BOS@MIL,MIL,BOS,,,,,,PF
56033-80805,PG,Markelle,Markelle Fultz,Fultz,26.1875,8,3500,PHO@ORL,ORL,PHO,O,Knee,,,,PG
56033-145318,C,Nick,Nick Richards,Richards,2.160000038146973,10,3500,CHA@HOU,CHA,HOU,,,,,,C
56033-145317,PG,Sam,Sam Merrill,Merrill,4.09375,16,3500,BOS@MIL,MIL,BOS,,,,,,PG
56033-145322,PF,Jalen,Jalen Smith,Smith,2.8666666666666667,15,3500,PHO@ORL,PHO,ORL,,,,,,PF
56033-145323,PG,Tre,Tre Jones,Jones,3.1333334181043835,18,3500,LAC@SA,SA,LAC,,,,,,PG
56033-145320,C,Daniel,Daniel Oturu,Oturu,4.223077040452224,13,3500,LAC@SA,LAC,SA,,,,,,C
56033-145833,SG,Axel,Axel Toupane,Toupane,7.199999809265137,1,3500,BOS@MIL,MIL,BOS,,,,,,SG
56033-145326,PG,Tyrell,Tyrell Terry,Terry,3.6545455239035864,11,3500,DAL@MIN,DAL,MIN,O,Personal,,,,PG
56033-145324,SG,Devin,Devin Vassell,Vassell,14.054545084635416,33,3500,LAC@SA,SA,LAC,,,,,,SG
56033-145325,SG,Josh,Josh Green,Green,5.725,20,3500,DAL@MIN,DAL,MIN,,,,,,SG
56033-145335,PG,Payton,Payton Pritchard,Pritchard,14.02432498416385,37,3500,BOS@MIL,BOS,MIL,,,,,,PG
56033-145332,SF,Tyler,Tyler Bey,Bey,2.9500001271565757,6,3500,DAL@MIN,DAL,MIN,,,,,,SF
56033-58295,PF,D.J.,D.J. Wilson,Wilson,7.3799997965494795,15,3500,CHA@HOU,HOU,CHA,,,,,,PF
56033-145333,SG,Aaron,Aaron Nesmith,Nesmith,8.254545731977982,22,3500,BOS@MIL,BOS,MIL,,,,,,SG
56033-80825,PF,Isaiah,Isaiah Hartenstein,Hartenstein,10.016666666666667,30,3500,DEN@TOR,DEN,TOR,,,,,,PF
56033-145338,PG,Jahmi'us,Jahmi'us Ramsey,Ramsey,3.0600000381469727,5,3500,ATL@SAC,SAC,ATL,O,Hamstring,,,,PG
56033-80824,PG,Frank,Frank Jackson,Jackson,8.392307574932392,13,3500,DET@IND,DET,IND,,,,,,PG
56033-145336,PF,Xavier,Xavier Tillman,Tillman,17.381250381469727,32,3500,MEM@OKC,MEM,OKC,,,,,,PF
56033-145342,SG,Cassius,Cassius Stanley,Stanley,2.509090943769975,11,3500,DET@IND,IND,DET,,,,,,SG
56033-145343,PG,Jalen,Jalen Harris,Harris,2.9000000953674316,4,3500,DEN@TOR,TOR,DEN,,,,,,PG
56033-145340,PF,Reggie,Reggie Perry,Perry,9.942856924874443,14,3500,BKN@UTA,BKN,UTA,,,,,,PF
56033-145344,PG,Malachi,Malachi Flynn,Flynn,5.561111026340061,18,3500,DEN@TOR,TOR,DEN,,,,,,PG
56033-145350,PF,Robert,Robert Woodard,Woodard,3.5142857687813893,7,3500,ATL@SAC,SAC,ATL,,,,,,PF
56033-145354,SG,Devon,Devon Dotson,Dotson,5.199999809265137,1,3500,CLE@CHI,CHI,CLE,,,,,,SG
56033-145352,SG,Trent,Trent Forrest,Forrest,2.3666665818956165,9,3500,BKN@UTA,UTA,BKN,,,,,,SG
56033-40396,PG,Monte,Monte Morris,Morris,20.474999321831596,36,3500,DEN@TOR,DEN,TOR,GTD,Quadriceps,,,,PG
56033-145358,PG,Markus,Markus Howard,Howard,2.095000076293945,20,3500,DEN@TOR,DEN,TOR,,,,,,PG
56033-145356,SF,Sean,Sean McDermott,McDermott,6.822222391764323,9,3500,MEM@OKC,MEM,OKC,,,,,,SF
56033-145357,PF,Lamar,Lamar Stevens,Stevens,10.971429007393974,28,3500,CLE@CHI,CLE,CHI,,,,,,PF
56033-101331,PF,Gary,Gary Clark,Clark,9.668571254185268,35,3500,PHO@ORL,ORL,PHO,,,,,,PF
56033-48598,SF,Semi,Semi Ojeleye,Ojeleye,10.543590056590546,39,3500,BOS@MIL,BOS,MIL,,,,,,SF
56033-24544,SG,Gary,Gary Harris,Harris,17.75789441560444,19,3500,DEN@TOR,DEN,TOR,O,Thigh,,,,SG
56033-15843,PG,Trey,Trey Burke,Burke,11.58499984741211,40,3500,DAL@MIN,DAL,MIN,,,,,,PG
56033-17894,PF,Mike,Mike Muscala,Muscala,16.440000697544644,35,3500,MEM@OKC,OKC,MEM,,,,,,PF
56033-116202,PG,Jalen,Jalen Lecque,Lecque,3.5,4,3500,DET@IND,IND,DET,,,,,,PG
56033-58350,SF,Stanley,Stanley Johnson,Johnson,9.542105423776727,38,3500,DEN@TOR,TOR,DEN,,,,,,SF
56033-97263,C,Drew,Drew Eubanks,Eubanks,12.634782874065897,23,3500,LAC@SA,SA,LAC,,,,,,C
56033-63478,C,Cristiano,Cristiano Felicio,Felicio,5.128571646554129,7,3500,CLE@CHI,CHI,CLE,,,,,,C
56033-96763,PG,Brandon,Brandon Goodwin,Goodwin,8.070370144314236,27,3500,ATL@SAC,ATL,SAC,,,,,,PG