Id,Position,First Name,Nickname,Last Name,FPPG,Played,Salary,Game,Team,Opponent,Injury Indicator,Injury Details,Tier,,,Roster Position
56311-9644,SG,James,James Harden,Harden,53.751220703125,41,11500,HOU@BKN,BKN,HOU,,,,,,SG
56311-40199,PF,Giannis,Giannis Antetokounmpo,Antetokounmpo,55.0772705078125,44,11300,MIL@LAL,MIL,LAL,,,,,,PF
56311-58462,C,Karl-Anthony,Karl-Anthony Towns,Towns,46.79999909577546,27,10800,NY@MIN,MIN,NY,,,,,,C
56311-84669,PG,Luka,Luka Doncic,Doncic,51.74634384527439,41,10500,DAL@BOS,DAL,BOS,,,,,,PG
56311-80810,PG,De'Aaron,De'Aaron Fox,Fox,42.18478260869565,46,10000,SAC@SA,SAC,SA,,,,,,PG
56311-9488,SF,LeBron,LeBron James,James,47.083333333333336,42,9900,MIL@LAL,LAL,MIL,O,Ankle,,,,SF
56311-14498,PG,Kyrie,Kyrie Irving,Irving,45.83030377012311,33,9600,HOU@BKN,BKN,HOU,,,,,,PG
56311-80817,C,Bam,Bam Adebayo,Adebayo,42.251220703125,41,9400,MIA@IND,MIA,IND,,,,,,C
56311-42669,PF,Julius,Julius Randle,Randle,43.8638318650266,47,9300,NY@MIN,NY,MIN,,,,,,PF
56311-59358,PF,Domantas,Domantas Sabonis,Sabonis,44.09347932235055,46,9200,MIA@IND,IND,MIA,,,,,,PF
56311-20848,PG,Damian,Damian Lillard,Lillard,46.37111002604167,45,9100,POR@DET,POR,DET,,,,,,PG
56311-14528,SF,Jimmy,Jimmy Butler,Butler,46.24687576293945,32,9000,MIA@IND,MIA,IND,,,,,,SF
56311-15755,PF,Anthony,Anthony Davis,Davis,44.54782502547555,23,9000,MIL@LAL,LAL,MIL,O,Calf,,,,PF
56311-80808,PF,Jayson,Jayson Tatum,Tatum,43.102382114955354,42,9000,DAL@BOS,BOS,DAL,,,,,,PF
56311-66113,SG,Donovan,Donovan Mitchell,Mitchell,40.053333875868056,45,8800,UTA@MEM,UTA,MEM,O,Personal,,,,SG
56311-14514,C,Nikola,Nikola Vucevic,Vucevic,46.253189411569146,47,8800,CHI@PHO,CHI,PHO,,,,,,C
56311-9646,SF,Kevin,Kevin Durant,Durant,48.542104620682565,19,8800,HOU@BKN,BKN,HOU,O,Hamstring,,,,SF
56311-63122,PF,Kristaps,Kristaps Porzingis,Porzingis,38.234484442349135,29,8500,DAL@BOS,DAL,BOS,,,,,,PF
56311-60021,PF,Pascal,Pascal Siakam,Siakam,39.171052631578945,38,8300,TOR@OKC,TOR,OKC,,,,,,PF
56311-12332,PG,John,John Wall,Wall,36.47187423706055,32,8200,HOU@BKN,HOU,BKN,GTD,Knee,,,,PG
56311-58460,SG,Devin,Devin Booker,Booker,36.82380894252232,42,8200,CHI@PHO,PHO,CHI,,,,,,SG
56311-19067,SG,CJ,CJ McCollum,McCollum,38.961905343191965,21,8200,POR@DET,POR,DET,,,,,,SG
56311-40203,C,Rudy,Rudy Gobert,Gobert,40.912766476894944,47,8200,UTA@MEM,UTA,MEM,,,,,,C
56311-23447,C,Richaun,Richaun Holmes,Holmes,33.77674475381541,43,8000,SAC@SA,SAC,SA,,,,,,C
56311-40201,PG,Dennis,Dennis Schroder,Schroder,28.462791265443315,43,7900,MIL@LAL,LAL,MIL,,,,,,PG
56311-15684,SG,Victor,Victor Oladipo,Oladipo,36.85172245420259,29,7800,MIA@IND,MIA,IND,O,Illness,,,,SG
56311-42202,C,Christian,Christian Wood,Wood,40.04347826086956,23,7700,HOU@BKN,HOU,BKN,GTD,Illness,,,,C
56311-67026,SF,Jaylen,Jaylen Brown,Brown,39.02727161754262,44,7700,DAL@BOS,BOS,DAL,GTD,Hip,,,,SF
56311-9714,SG,DeMar,DeMar DeRozan,DeRozan,38.53783849767736,37,7700,SAC@SA,SA,SAC,,,,,,SG
56311-67708,PG,Dejounte,Dejounte Murray,Murray,34.94186046511628,43,7600,SAC@SA,SA,SAC,,,,,,PG
56311-16261,SF,Khris,Khris Middleton,Middleton,36.66444498697917,45,7600,MIL@LAL,MIL,LAL,,,,,,SF
56311-145321,SG,Anthony,Anthony Edwards,Edwards,28.32127607629654,47,7600,NY@MIN,MIN,NY,,,,,,SG
56311-9663,PG,Jrue,Jrue Holiday,Holiday,34.114285714285714,35,7500,MIL@LAL,MIL,LAL,,,,,,PG
56311-24247,SG,Fred,Fred VanVleet,VanVleet,39.76666550409226,42,7400,TOR@OKC,TOR,OKC,,,,,,SG
56311-23776,C,Montrezl,Montrezl Harrell,Harrell,28.372340425531913,47,7400,MIL@LAL,LAL,MIL,,,,,,C
56311-9623,PG,Chris,Chris Paul,Paul,37.034782077955164,46,7400,CHI@PHO,PHO,CHI,,,,,,PG
56311-14503,C,Jonas,Jonas Valanciunas,Valanciunas,35.67436022636218,39,7300,UTA@MEM,MEM,UTA,,,,,,C
56311-23798,SG,Caris,Caris LeVert,LeVert,32.661905924479164,21,7300,MIA@IND,IND,MIA,,,,,,SG
56311-110357,SF,RJ,RJ Barrett,Barrett,30.3106377784242,47,7300,NY@MIN,NY,MIN,,,,,,SF
56311-58377,SF,Kyle,Kyle Kuzma,Kuzma,24.315217391304348,46,7200,MIL@LAL,LAL,MIL,,,,,,SF
56311-40783,SG,Zach,Zach LaVine,LaVine,40.57826033882473,46,7200,CHI@PHO,CHI,PHO,GTD,Ankle,,,,SG
56311-14507,PG,Kemba,Kemba Walker,Walker,31.574999128069198,28,7100,DAL@BOS,BOS,DAL,,,,,,PG
56311-20491,PF,Robert,Robert Covington,Covington,27.329545454545453,44,7000,POR@DET,POR,DET,,,,,,PF
56311-84673,C,Deandre,Deandre Ayton,Ayton,32.95869512143342,46,7000,CHI@PHO,PHO,CHI,,,,,,C
56311-84680,SG,Shai,Shai Gilgeous-Alexander,Gilgeous-Alexander,39.53428431919643,35,7000,TOR@OKC,OKC,TOR,O,Foot,,,,SG
56311-14516,C,Enes,Enes Kanter,Kanter,30.767392365828805,46,6800,POR@DET,POR,DET,,,,,,C
56311-110344,PG,Ja,Ja Morant,Morant,34.63611178927951,36,6800,UTA@MEM,MEM,UTA,,,,,,PG
56311-16293,SF,Norman,Norman Powell,Powell,27.890907981178977,44,6800,POR@DET,POR,DET,,,,,,SF
56311-117286,C,Moses,Moses Brown,Brown,22.58823529411765,17,6700,TOR@OKC,OKC,TOR,,,,,,C
56311-23831,PF,Jerami,Jerami Grant,Grant,36.08139534883721,43,6600,POR@DET,DET,POR,,,,,,PF
56311-16359,PG,Malcolm,Malcolm Brogdon,Brogdon,37.77674475381541,43,6600,MIA@IND,IND,MIA,,,,,,PG
56311-68090,SF,OG,OG Anunoby,Anunoby,30.024138351966595,29,6600,TOR@OKC,TOR,OKC,,,,,,SF
56311-84708,C,Robert,Robert Williams,Williams,25.269999694824218,40,6300,DAL@BOS,BOS,DAL,,,,,,C
56311-9535,PG,Kyle,Kyle Lowry,Lowry,35.47179549779647,39,6300,TOR@OKC,TOR,OKC,,,,,,PG
56311-9666,PF,Thaddeus,Thaddeus Young,Young,29.919511004192074,41,6300,CHI@PHO,CHI,PHO,,,,,,PF
56311-23096,SF,Evan,Evan Fournier,Fournier,30.03333423755787,27,6200,DAL@BOS,BOS,DAL,,,,,,SF
56311-58312,SG,D'Angelo,D'Angelo Russell,Russell,32.04500122070313,20,6200,NY@MIN,MIN,NY,O,Knee,,,,SG
56311-58378,C,Jakob,Jakob Poeltl,Poeltl,25.029546564275567,44,6100,SAC@SA,SA,SAC,,,,,,C
56311-14496,PG,Ricky,Ricky Rubio,Rubio,24.71333279079861,45,6000,NY@MIN,MIN,NY,,,,,,PG
56311-145576,PF,Jae'Sean,Jae'Sean Tate,Tate,23.949998938519023,46,6000,HOU@BKN,HOU,BKN,,,,,,PF
56311-14510,SG,Alec,Alec Burks,Burks,23.93142787388393,35,6000,NY@MIN,NY,MIN,,,,,,SG
56311-9575,PG,Mike,Mike Conley,Conley,30.36842105263158,38,6000,UTA@MEM,UTA,MEM,,,,,,PG
56311-58253,C,Myles,Myles Turner,Turner,33.95238095238095,42,6000,MIA@IND,IND,MIA,,,,,,C
56311-23716,SF,Kyle,Kyle Anderson,Anderson,28.273809523809526,42,5900,UTA@MEM,MEM,UTA,,,,,,SF
56311-15946,PF,Harrison,Harrison Barnes,Barnes,30.02499944513494,44,5800,SAC@SA,SAC,SA,,,,,,PF
56311-23665,SF,Buddy,Buddy Hield,Hield,28.606382978723403,47,5800,SAC@SA,SAC,SA,,,,,,SF
56311-84699,PG,Hamidou,Hamidou Diallo,Diallo,24.276471306295957,34,5800,POR@DET,DET,POR,,,,,,PG
56311-15590,C,Mason,Mason Plumlee,Plumlee,30.174998890269887,44,5800,POR@DET,DET,POR,,,,,,C
56311-101329,PG,Kendrick,Kendrick Nunn,Nunn,23.44210494192023,38,5800,MIA@IND,MIA,IND,GTD,Ankle,,,,PG
56311-49675,PG,Derrick,Derrick White,White,25.06999969482422,20,5700,SAC@SA,SA,SAC,,,,,,PG
56311-110312,SG,Tyler,Tyler Herro,Herro,28.055555555555557,36,5700,MIA@IND,MIA,IND,,,,,,SG
56311-23825,C,Nerlens,Nerlens Noel,Noel,21.451219512195124,41,5700,NY@MIN,NY,MIN,,,,,,C
56311-66064,SF,Malik,Malik Beasley,Beasley,30.47428501674107,35,5600,NY@MIN,MIN,NY,,,,,,SF
56311-145337,SG,Tyrese,Tyrese Haliburton,Haliburton,28.741464010099087,41,5600,SAC@SA,SAC,SA,,,,,,SG
56311-22541,C,Kelly,Kelly Olynyk,Olynyk,24.58444552951389,45,5500,HOU@BKN,HOU,BKN,,,,,,C
56311-23670,SG,Marcus,Marcus Smart,Smart,28.753570556640625,28,5500,DAL@BOS,BOS,DAL,,,,,,SG
56311-9475,PG,Derrick,Derrick Rose,Rose,25.48518428096065,27,5500,NY@MIN,NY,MIN,GTD,Ankle,,,,PG
56311-110345,SF,Kevin,Kevin Porter,Porter,29.24444580078125,9,5500,HOU@BKN,HOU,BKN,,,,,,SF
56311-59318,SG,Joe,Joe Ingles,Ingles,23.91190447126116,42,5500,UTA@MEM,UTA,MEM,,,,,,SG
56311-15846,SG,Tim,Tim Hardaway,Hardaway,24.584089799360797,44,5500,DAL@BOS,DAL,BOS,,,,,,SG
56311-110353,PF,Brandon,Brandon Clarke,Clarke,26.174358661358173,39,5400,UTA@MEM,MEM,UTA,,,,,,PF
56311-9508,SF,Carmelo,Carmelo Anthony,Anthony,23.975556098090276,45,5400,POR@DET,POR,DET,,,,,,SF
56311-60233,SG,Dillon,Dillon Brooks,Brooks,26.407315882240855,41,5400,UTA@MEM,MEM,UTA,,,,,,SG
56311-40830,SG,Delon,Delon Wright,Wright,27.663156609786185,38,5400,SAC@SA,SAC,SA,,,,,,SG
56311-145538,PF,Aleksej,Aleksej Pokusevski,Pokusevski,17.374074300130207,27,5300,TOR@OKC,OKC,TOR,,,,,,PF
56311-84670,SF,Mikal,Mikal Bridges,Bridges,27.254346764605977,46,5300,CHI@PHO,PHO,CHI,,,,,,SF
56311-84681,SG,Donte,Donte DiVincenzo,DiVincenzo,24.28444552951389,45,5300,MIL@LAL,MIL,LAL,,,,,,SG
56311-84709,C,Mitchell,Mitchell Robinson,Robinson,25.73871046496976,31,5300,NY@MIN,NY,MIN,O,Foot,,,,C
56311-9621,C,Brook,Brook Lopez,Lopez,23.567390773607336,46,5300,MIL@LAL,MIL,LAL,,,,,,C
56311-15557,C,Andre,Andre Drummond,Drummond,42.5360009765625,25,5200,MIL@LAL,LAL,MIL,,,,,,C
56311-23294,SF,Danuel,Danuel House,House,19.682141985212052,28,5200,HOU@BKN,HOU,BKN,GTD,Back,,,,SF
56311-110337,SG,Talen,Talen Horton-Tucker,Horton-Tucker,17.030232274255088,43,5200,MIL@LAL,LAL,MIL,,,,,,SG
56311-145536,PG,Theo,Theo Maledon,Maledon,18.810000610351562,40,5100,TOR@OKC,OKC,TOR,,,,,,PG
56311-84679,PF,Marvin,Marvin Bagley,Bagley,25.87837837837838,37,5100,SAC@SA,SAC,SA,O,Hand,,,,PF
56311-110637,PF,Darius,Darius Bazley,Bazley,24.77777777777778,36,5000,TOR@OKC,OKC,TOR,O,Shoulder,,,,PF
56311-12368,PF,Nemanja,Nemanja Bjelica,Bjelica,14.174074526186343,27,5000,MIA@IND,MIA,IND,,,,,,PF
56311-20640,PG,Jordan,Jordan Clarkson,Clarkson,26.495653235394023,46,5000,UTA@MEM,UTA,MEM,,,,,,PG
56311-111273,SF,Luguentz,Luguentz Dort,Dort,21.273171029439787,41,5000,TOR@OKC,OKC,TOR,O,Concussion,,,,SF
56311-84690,PG,Jalen,Jalen Brunson,Brunson,21.929267697217988,41,5000,DAL@BOS,DAL,BOS,,,,,,PG
56311-110347,SF,Keldon,Keldon Johnson,Johnson,26.00487685785061,41,5000,SAC@SA,SA,SAC,,,,,,SF
56311-110346,PF,Isaiah,Isaiah Roby,Roby,21.525,40,5000,TOR@OKC,OKC,TOR,,,,,,PF
56311-55057,C,Jusuf,Jusuf Nurkic,Nurkic,26.021427699497767,14,5000,POR@DET,POR,DET,,,,,,C
56311-16233,SF,Josh,Josh Richardson,Richardson,23.59722222222222,36,5000,DAL@BOS,DAL,BOS,,,,,,SF
56311-145310,PG,Saben,Saben Lee,Lee,14.375999755859375,25,5000,POR@DET,DET,POR,,,,,,PG
56311-15800,PF,Jae,Jae Crowder,Crowder,21.96046483239462,43,5000,CHI@PHO,PHO,CHI,,,,,,PF
56311-145348,PG,Immanuel,Immanuel Quickley,Quickley,20.326190766834078,42,5000,NY@MIN,NY,MIN,,,,,,PG
56311-68203,C,Chris,Chris Boucher,Boucher,28.97021224650931,47,4900,TOR@OKC,TOR,OKC,,,,,,C
56311-42156,PF,Bobby,Bobby Portis,Portis,23.52558082757994,43,4900,MIL@LAL,MIL,LAL,O,Covid-19,,,,PF
56311-14511,PF,Markieff,Markieff Morris,Morris,14.204878644245428,41,4800,MIL@LAL,LAL,MIL,,,,,,PF
56311-9446,PG,Jeff,Jeff Teague,Teague,13.849999820484834,34,4800,MIL@LAL,MIL,LAL,GTD,Not injury related,,,,PG
56311-15636,SF,Kentavious,Kentavious Caldwell-Pope,Caldwell-Pope,15.76279041378997,43,4800,MIL@LAL,LAL,MIL,,,,,,SF
56311-40262,SG,Sterling,Sterling Brown,Brown,18.17954600941051,44,4800,HOU@BKN,HOU,BKN,,,,,,SG
56311-9560,PF,Blake,Blake Griffin,Griffin,23.833333333333332,24,4800,HOU@BKN,BKN,HOU,,,,,,PF
56311-9577,PF,Rudy,Rudy Gay,Gay,21.90810744826858,37,4800,SAC@SA,SA,SAC,,,,,,PF
56311-80812,PF,Lauri,Lauri Markkanen,Markkanen,27.14,25,4800,CHI@PHO,CHI,PHO,,,,,,PF
56311-145328,SF,Saddiq,Saddiq Bey,Bey,19.28181873668324,44,4800,POR@DET,DET,POR,,,,,,SF
56311-80823,PF,Tony,Tony Bradley,Bradley,15.466666085379464,21,4800,TOR@OKC,OKC,TOR,,,,,,PF
56311-9673,PG,Goran,Goran Dragic,Dragic,24.324138772898706,29,4800,MIA@IND,MIA,IND,,,,,,PG
56311-9688,PF,LaMarcus,LaMarcus Aldridge,Aldridge,24.419047037760418,21,4800,HOU@BKN,BKN,HOU,O,Not injury related,,,,PF
56311-18393,PG,T.J.,T.J. McConnell,McConnell,25.954761323474703,42,4800,MIA@IND,IND,MIA,,,,,,PG
56311-16363,SF,Joe,Joe Harris,Harris,22.48723456200133,47,4800,HOU@BKN,BKN,HOU,,,,,,SF
56311-84695,SG,Gary,Gary Trent,Trent,21.92954600941051,44,4700,TOR@OKC,TOR,OKC,,,,,,SG
56311-84711,SG,Grayson,Grayson Allen,Allen,19.509374618530273,32,4700,UTA@MEM,MEM,UTA,GTD,Hip,,,,SG
56311-80814,PG,Dennis,Dennis Smith,Smith,19.42105263157895,19,4700,POR@DET,DET,POR,O,Back,,,,PG
56311-15947,SG,Reggie,Reggie Bullock,Bullock,17.1875,40,4600,NY@MIN,NY,MIN,,,,,,SG
56311-15993,SG,Pat,Pat Connaughton,Connaughton,17.54883664153343,43,4600,MIL@LAL,MIL,LAL,,,,,,SG
56311-110326,PG,Coby,Coby White,White,27.277271617542613,44,4600,CHI@PHO,CHI,PHO,GTD,Neck,,,,PG
56311-110354,PF,Nicolas,Nicolas Claxton,Claxton,21.093332926432293,15,4600,HOU@BKN,BKN,HOU,,,,,,PF
56311-18338,PF,Royce,Royce O'Neale,O'Neale,21.93695599099864,46,4600,UTA@MEM,UTA,MEM,,,,,,PF
56311-145319,PF,Jaden,Jaden McDaniels,McDaniels,15.822500610351563,40,4600,NY@MIN,MIN,NY,,,,,,PF
56311-23097,PG,Tomas,Tomas Satoransky,Satoransky,19.28529447667739,34,4500,CHI@PHO,CHI,PHO,,,,,,PG
56311-145533,PF,Kenyon,Kenyon Martin,Martin,17.11052663702714,19,4500,HOU@BKN,HOU,BKN,,,,,,PF
56311-85137,SG,Duncan,Duncan Robinson,Robinson,20.87659600440492,47,4500,MIA@IND,MIA,IND,,,,,,SG
56311-14529,PG,Cory,Cory Joseph,Joseph,15.823404515043219,47,4500,POR@DET,DET,POR,,,,,,PG
56311-14530,SF,Bojan,Bojan Bogdanovic,Bogdanovic,22.043478260869566,46,4500,UTA@MEM,UTA,MEM,,,,,,SF
56311-19138,PG,Elfrid,Elfrid Payton,Payton,22.826316431949014,38,4500,NY@MIN,NY,MIN,,,,,,PG
56311-84702,SG,Lonnie,Lonnie Walker,Walker,18.921620961782093,37,4500,SAC@SA,SA,SAC,GTD,Wrist,,,,SG
56311-81529,PF,Daniel,Daniel Theis,Theis,21.9860470793968,43,4400,CHI@PHO,CHI,PHO,,,,,,PF
56311-18600,PG,Tyler,Tyler Johnson,Johnson,10.04642813546317,28,4400,HOU@BKN,BKN,HOU,,,,,,PG
56311-84694,SG,Bruce,Bruce Brown,Brown,18.16511571130087,43,4400,HOU@BKN,BKN,HOU,,,,,,SG
56311-85305,SF,Kenrich,Kenrich Williams,Williams,16.539130169412363,46,4400,TOR@OKC,OKC,TOR,,,,,,SF
56311-9538,PF,Trevor,Trevor Ariza,Ariza,18.266666412353516,6,4400,MIA@IND,MIA,IND,,,,,,PF
56311-16196,C,Dwight,Dwight Powell,Powell,11.831250190734863,32,4400,DAL@BOS,DAL,BOS,,,,,,C
56311-9556,SF,Eric,Eric Gordon,Gordon,25.44814724392361,27,4400,HOU@BKN,HOU,BKN,O,Groin,,,,SF
56311-9561,C,DeAndre,DeAndre Jordan,Jordan,22.033333333333335,45,4400,HOU@BKN,BKN,HOU,,,,,,C
56311-145313,PF,Jordan,Jordan Nwora,Nwora,8.506666564941407,15,4400,MIL@LAL,MIL,LAL,,,,,,PF
56311-12363,C,Hassan,Hassan Whiteside,Whiteside,19.814285278320312,28,4300,SAC@SA,SAC,SA,GTD,Knee,,,,C
56311-66968,SF,Derrick,Derrick Jones,Jones,19.447618756975448,42,4300,POR@DET,POR,DET,,,,,,SF
56311-42733,SF,David,David Nwaba,Nwaba,20.00333251953125,30,4200,HOU@BKN,HOU,BKN,O,Wrist,,,,SF
56311-9481,PF,Taj,Taj Gibson,Gibson,14.394999694824218,20,4200,NY@MIN,NY,MIN,,,,,,PF
56311-145307,PF,Isaiah,Isaiah Stewart,Stewart,18.206817626953125,44,4200,POR@DET,DET,POR,,,,,,PF
56311-80809,SG,Josh,Josh Jackson,Jackson,23.86829208746189,41,4200,POR@DET,DET,POR,,,,,,SG
56311-9648,PF,Jeff,Jeff Green,Green,18.113954056140987,43,4200,HOU@BKN,BKN,HOU,,,,,,PF
56311-14501,C,Tristan,Tristan Thompson,Thompson,20.705556233723957,36,4100,DAL@BOS,BOS,DAL,O,Covid-19,,,,C
56311-15542,SG,Spencer,Spencer Dinwiddie,Dinwiddie,17.6999994913737,3,4100,HOU@BKN,BKN,HOU,O,Knee,,,,SG
56311-15559,SG,Jeremy,Jeremy Lamb,Lamb,20.300000871930802,28,4100,MIA@IND,IND,MIA,GTD,Toe,,,,SG
56311-81621,PF,Maxi,Maxi Kleber,Kleber,19.68484774502841,33,4100,DAL@BOS,DAL,BOS,,,,,,PF
56311-84703,SG,De'Anthony,De'Anthony Melton,Melton,21.837499618530273,32,4100,UTA@MEM,MEM,UTA,,,,,,SG
56311-110318,PF,Grant,Grant Williams,Williams,12.328204815204327,39,4100,DAL@BOS,BOS,DAL,,,,,,PF
56311-110331,SG,Ty,Ty Jerome,Jerome,20.878570556640625,14,4100,TOR@OKC,OKC,TOR,,,,,,SG
56311-111372,SF,Thanasis,Thanasis Antetokounmpo,Antetokounmpo,8.158823349896599,34,4100,MIL@LAL,MIL,LAL,,,,,,SF
56311-15904,SG,Rodney,Rodney Hood,Hood,9.997560826743522,41,4000,TOR@OKC,TOR,OKC,,,,,,SG
56311-58084,SF,Justise,Justise Winslow,Winslow,17.524999618530273,16,4000,UTA@MEM,MEM,UTA,O,Quadriceps,,,,SF
56311-110317,PG,Jaylen,Jaylen Nowell,Nowell,17.40000036991004,33,4000,NY@MIN,MIN,NY,,,,,,PG
56311-9466,PG,D.J.,D.J. Augustin,Augustin,13.948836925417877,43,4000,HOU@BKN,HOU,BKN,,,,,,PG
56311-20277,SG,Torrey,Torrey Craig,Craig,11.074999491373697,24,4000,CHI@PHO,PHO,CHI,,,,,,SG
56311-58270,PG,Edmond,Edmond Sumner,Sumner,9.109375,32,4000,MIA@IND,IND,MIA,,,,,,PG
56311-145314,PF,Precious,Precious Achiuwa,Achiuwa,12.213332790798612,45,4000,MIA@IND,MIA,IND,,,,,,PF
56311-145335,PG,Payton,Payton Pritchard,Pritchard,14.253659132050306,41,4000,DAL@BOS,BOS,DAL,,,,,,PG
56311-58350,SF,Stanley,Stanley Johnson,Johnson,9.514634295207697,41,4000,TOR@OKC,TOR,OKC,,,,,,SF
56311-23120,SF,T.J.,T.J. Warren,Warren,22.075000762939453,4,3900,MIA@IND,IND,MIA,O,Foot,,,,SF
56311-49336,SG,DeAndre',DeAndre' Bembry,Bembry,12.418749809265137,32,3900,TOR@OKC,TOR,OKC,O,Covid-19,,,,SG
56311-9956,SG,Wayne,Wayne Ellington,Ellington,16.064706241383274,34,3900,POR@DET,DET,POR,GTD,Calf,,,,SG
56311-63826,C,Boban,Boban Marjanovic,Marjanovic,10.059091047807174,22,3900,DAL@BOS,DAL,BOS,,,,,,C
56311-9581,C,Marc,Marc Gasol,Gasol,16.69210494192023,38,3900,MIL@LAL,LAL,MIL,,,,,,C
56311-15727,SG,Ben,Ben McLemore,McLemore,12.716129426033266,31,3900,HOU@BKN,HOU,BKN,,,,,,SG
56311-101387,PG,Gabe,Gabe Vincent,Vincent,10.415624618530273,32,3800,MIA@IND,MIA,IND,GTD,Knee,,,,PG
56311-12351,C,Derrick,Derrick Favors,Favors,17.74772782759233,44,3800,UTA@MEM,UTA,MEM,,,,,,C
56311-9939,SG,Patty,Patty Mills,Mills,19.609302609465843,43,3800,SAC@SA,SA,SAC,,,,,,SG
56311-16604,SF,Justin,Justin Holiday,Holiday,22.473333062065972,45,3800,MIA@IND,IND,MIA,,,,,,SF
56311-84714,PF,Moritz,Moritz Wagner,Wagner,14.221429007393974,28,3800,DAL@BOS,BOS,DAL,,,,,,PF
56311-23788,PG,Bryn,Bryn Forbes,Forbes,11.968888346354166,45,3800,MIL@LAL,MIL,LAL,,,,,,PG
56311-97018,PG,Chris,Chris Chiozza,Chiozza,10.731249809265137,16,3800,HOU@BKN,BKN,HOU,,,,,,PG
56311-55056,PF,Dario,Dario Saric,Saric,17.707142421177455,28,3800,CHI@PHO,PHO,CHI,,,,,,PF
56311-110358,SG,Kyle,Kyle Guy,Guy,6.352631418328536,19,3800,SAC@SA,SAC,SA,,,,,,SG
56311-23981,PG,Alex,Alex Caruso,Caruso,15.794595254434121,37,3800,MIL@LAL,LAL,MIL,,,,,,PG
56311-16376,SF,Dorian,Dorian Finney-Smith,Finney-Smith,19.855881634880514,34,3800,DAL@BOS,DAL,BOS,,,,,,SF
56311-12342,PF,Al-Farouq,Al-Farouq Aminu,Aminu,16.927778455946182,18,3700,CHI@PHO,CHI,PHO,,,,,,PF
56311-9799,SG,Wesley,Wesley Matthews,Matthews,9.99749984741211,40,3700,MIL@LAL,LAL,MIL,,,,,,SG
56311-58461,PF,Trey,Trey Lyles,Lyles,11.052173780358356,23,3700,SAC@SA,SA,SAC,O,Ankle,,,,PF
56311-70822,PF,Juancho,Juancho Hernangomez,Hernangomez,14.135713849748884,28,3700,NY@MIN,MIN,NY,,,,,,PF
56311-84689,SF,Josh,Josh Okogie,Okogie,12.941666497124565,36,3700,NY@MIN,MIN,NY,GTD,Covid-19,,,,SF
56311-145623,PF,Mamadi,Mamadi Diakite,Diakite,9.759999847412109,5,3700,MIL@LAL,MIL,LAL,,,,,,PF
56311-84713,SG,Svi,Svi Mykhailiuk,Mykhailiuk,13.823808942522321,42,3700,TOR@OKC,OKC,TOR,,,,,,SG
56311-18256,SF,Doug,Doug McDermott,McDermott,20.26976687409157,43,3700,MIA@IND,IND,MIA,GTD,Ankle,,,,SF
56311-48598,SF,Semi,Semi Ojeleye,Ojeleye,10.384999847412109,40,3700,DAL@BOS,BOS,DAL,O,Hip,,,,SF
56311-37931,C,Aron,Aron Baynes,Baynes,14.586363358931107,44,3600,TOR@OKC,TOR,OKC,,,,,,C
56311-112710,C,Tacko,Tacko Fall,Fall,8.5,12,3600,DAL@BOS,BOS,DAL,,,,,,C
56311-85597,PG,Jordan,Jordan McLaughlin,McLaughlin,17.337037263093173,27,3600,NY@MIN,MIN,NY,,,,,,PG
56311-84701,C,Chimezie,Chimezie Metu,Metu,9.453333536783854,15,3600,SAC@SA,SAC,SA,,,,,,C
56311-58081,PG,Tyus,Tyus Jones,Jones,18.7295448996804,44,3600,UTA@MEM,MEM,UTA,,,,,,PG
56311-110995,C,Naz,Naz Reid,Reid,22.18666720920139,45,3600,NY@MIN,MIN,NY,,,,,,C
56311-145308,SF,Patrick,Patrick Williams,Williams,20.334091186523438,44,3600,CHI@PHO,CHI,PHO,,,,,,SF
56311-80815,PF,Zach,Zach Collins,Collins,18.16363664106889,11,3600,POR@DET,POR,DET,O,Ankle,,,,PF
56311-145334,SG,Desmond,Desmond Bane,Bane,16.342500305175783,40,3600,UTA@MEM,MEM,UTA,,,,,,SG
56311-48567,PG,Cameron,Cameron Payne,Payne,16.034286063058037,35,3600,CHI@PHO,PHO,CHI,,,,,,PG
56311-58295,PF,D.J.,D.J. Wilson,Wilson,9.421052631578947,19,3600,HOU@BKN,HOU,BKN,,,,,,PF
56311-9664,SF,Andre,Andre Iguodala,Iguodala,15.695349404978197,43,3600,MIA@IND,MIA,IND,,,,,,SF
56311-18435,SF,Alfonzo,Alfonzo McKinnie,McKinnie,3.9360000610351564,25,3500,MIL@LAL,LAL,MIL,,,,,,SF
56311-85521,SG,Theo,Theo Pinson,Pinson,0.3769230842590332,13,3500,NY@MIN,NY,MIN,,,,,,SG
56311-101393,SG,Paul,Paul Watson,Watson,6.0625,24,3500,TOR@OKC,TOR,OKC,O,Covid-19,,,,SG
56311-117274,PF,Chris,Chris Silva,Silva,6.583333333333333,12,3500,SAC@SA,SAC,SA,,,,,,PF
56311-117283,SF,Oshae,Oshae Brissett,Brissett,4.56315773411801,19,3500,MIA@IND,IND,MIA,,,,,,SF
56311-117289,PF,Juwan,Juwan Morgan,Morgan,2.8000000401547083,19,3500,UTA@MEM,UTA,MEM,O,Calf,,,,PF
56311-12334,SG,Avery,Avery Bradley,Bradley,14.409090909090908,11,3500,HOU@BKN,HOU,BKN,,,,,,SG
56311-110639,PF,Sekou,Sekou Doumbouya,Doumbouya,7.602500152587891,40,3500,POR@DET,DET,POR,GTD,Illness,,,,PF
56311-110638,SF,Deividas,Deividas Sirvydis,Sirvydis,1.2374999523162842,8,3500,POR@DET,DET,POR,,,,,,SF
56311-110640,PF,Luka,Luka Samanic,Samanic,7.435294207404642,17,3500,SAC@SA,SA,SAC,,,,,,PF
56311-117301,PF,Devontae,Devontae Cacok,Cacok,5.344444274902344,9,3500,MIL@LAL,LAL,MIL,,,,,,PF
56311-117307,SF,DaQuan,DaQuan Jeffries,Jeffries,7.5823525821461395,17,3500,SAC@SA,SAC,SA,,,,,,SF
56311-117819,PG,Jared,Jared Harper,Harper,0,3,3500,NY@MIN,NY,MIN,,,,,,PG
56311-117821,PG,Keljin,Keljin Blevins,Blevins,1.711111068725586,9,3500,POR@DET,POR,DET,,,,,,PG
56311-16448,PF,Frank,Frank Kaminsky,Kaminsky,15.112500190734863,32,3500,CHI@PHO,PHO,CHI,GTD,Covid-19,,,,PF
56311-112709,SG,Javonte,Javonte Green,Green,9.281481707537615,27,3500,CHI@PHO,CHI,PHO,,,,,,SG
56311-112708,SF,Max,Max Strus,Strus,9.125,24,3500,MIA@IND,MIA,IND,,,,,,SF
56311-12365,C,Ed,Ed Davis,Davis,12.731578626130757,19,3500,NY@MIN,MIN,NY,,,,,,C
56311-145489,PG,Killian,Killian Hayes,Hayes,9.728571210588727,7,3500,POR@DET,DET,POR,O,Hip,,,,PG
56311-110697,PF,Nicolo,Nicolo Melli,Melli,8.021739130434783,23,3500,DAL@BOS,DAL,BOS,,,,,,PF
56311-23156,PF,Georges,Georges Niang,Niang,9.526087221891984,46,3500,UTA@MEM,UTA,MEM,,,,,,PF
56311-116340,SG,Terence,Terence Davis,Davis,12.491667005750868,36,3500,SAC@SA,SAC,SA,,,,,,SG
56311-41083,PF,Luke,Luke Kornet,Kornet,7.353333536783854,15,3500,DAL@BOS,BOS,DAL,,,,,,PF
56311-70825,SF,Timothe,Timothe Luwawu-Cabarrot,Luwawu-Cabarrot,13.352499389648438,40,3500,HOU@BKN,BKN,HOU,,,,,,SF
56311-145588,SF,Anthony,Anthony Lamb,Lamb,7.300000190734863,8,3500,HOU@BKN,HOU,BKN,,,,,,SF
56311-23740,PG,Ryan,Ryan Arcidiacono,Arcidiacono,7.653571537562779,28,3500,CHI@PHO,CHI,PHO,,,,,,PG
56311-84668,SF,Troy,Troy Brown,Brown,9.765217656674592,23,3500,CHI@PHO,CHI,PHO,,,,,,SF
56311-84674,SF,Kevin,Kevin Knox,Knox,8.253125190734863,32,3500,NY@MIN,NY,MIN,,,,,,SF
56311-84683,PF,Jaren,Jaren Jackson,Jackson,29.97931118669181,58,3500,UTA@MEM,MEM,UTA,O,Knee,,,,PF
56311-84688,SF,Keita,Keita Bates-Diop,Bates-Diop,5.53125,16,3500,SAC@SA,SA,SAC,O,Hamstring,,,,SF
56311-84696,SG,Jevon,Jevon Carter,Carter,7.435294207404642,34,3500,CHI@PHO,PHO,CHI,,,,,,SG
56311-14554,SF,E'Twaun,E'Twaun Moore,Moore,10.03749974568685,24,3500,CHI@PHO,PHO,CHI,,,,,,SF
56311-145624,SG,Ty-Shon,Ty-Shon Alexander,Alexander,0.675000011920929,4,3500,CHI@PHO,PHO,CHI,,,,,,SG
56311-84700,PF,Rodions,Rodions Kurucs,Kurucs,3.924999952316284,16,3500,MIL@LAL,MIL,LAL,O,Oblique,,,,PF
56311-145632,PF,Killian,Killian Tillie,Tillie,6.540000152587891,5,3500,UTA@MEM,MEM,UTA,,,,,,PF
56311-58083,C,Jahlil,Jahlil Okafor,Okafor,7.991666793823242,12,3500,POR@DET,DET,POR,O,Knee,,,,C
56311-23780,SF,Jake,Jake Layman,Layman,12.248485218394887,33,3500,NY@MIN,MIN,NY,,,,,,SF
56311-110309,SF,KZ,KZ Okpala,Okpala,6.94,25,3500,MIA@IND,MIA,IND,O,Covid-19,,,,SF
56311-110308,SF,Jarrell,Jarrell Brantley,Brantley,3.2199999491373696,15,3500,UTA@MEM,UTA,MEM,,,,,,SF
56311-110827,SG,Matt,Matt Thomas,Thomas,4.4178570338657925,28,3500,UTA@MEM,UTA,MEM,,,,,,SG
56311-84717,PG,Anfernee,Anfernee Simons,Simons,13.40769293369391,39,3500,POR@DET,POR,DET,,,,,,PG
56311-110829,SG,Brian,Brian Bowen,Bowen,1.3999999364217122,3,3500,MIA@IND,IND,MIA,,,,,,SG
56311-9453,PF,Al,Al Horford,Horford,31.735713413783483,28,3500,TOR@OKC,OKC,TOR,O,Coach's decision,,,,PF
56311-110316,SF,Cameron,Cameron Johnson,Johnson,17.54499969482422,40,3500,CHI@PHO,PHO,CHI,,,,,,SF
56311-84719,SG,Aaron,Aaron Holiday,Holiday,12.086046795512354,43,3500,MIA@IND,IND,MIA,,,,,,SG
56311-110319,PG,Tremont,Tremont Waters,Waters,7.841666539510091,12,3500,DAL@BOS,BOS,DAL,,,,,,PG
56311-84718,PF,Alize,Alize Johnson,Johnson,50.5,1,3500,HOU@BKN,BKN,HOU,,,,,,PF
56311-84721,PF,Jarred,Jarred Vanderbilt,Vanderbilt,17.89999944513494,44,3500,NY@MIN,MIN,NY,,,,,,PF
56311-110321,SG,Romeo,Romeo Langford,Langford,5.771874904632568,32,3500,DAL@BOS,BOS,DAL,GTD,Covid-19,,,,SG
56311-84725,PF,Kostas,Kostas Antetokounmpo,Antetokounmpo,4.5,6,3500,MIL@LAL,LAL,MIL,,,,,,PF
56311-84724,SG,Landry,Landry Shamet,Shamet,12.782051282051283,39,3500,HOU@BKN,BKN,HOU,GTD,Ankle,,,,SG
56311-110324,SG,Miye,Miye Oni,Oni,5.196875095367432,32,3500,UTA@MEM,UTA,MEM,,,,,,SG
56311-85238,SG,Yuta,Yuta Watanabe,Watanabe,9.20357186453683,28,3500,TOR@OKC,TOR,OKC,,,,,,SG
56311-110333,SF,Jarrett,Jarrett Culver,Culver,13.9375,24,3500,NY@MIN,MIN,NY,,,,,,SF
56311-110332,PG,Carsen,Carsen Edwards,Edwards,8.072222391764322,18,3500,DAL@BOS,BOS,DAL,,,,,,PG
56311-110334,SG,Justin,Justin James,James,3.5739129107931387,23,3500,SAC@SA,SAC,SA,,,,,,SG
56311-110343,SF,Nassir,Nassir Little,Little,9.975861648033405,29,3500,POR@DET,POR,DET,O,Thumb,,,,SF
56311-110348,SG,Quinndary,Quinndary Weatherspoon,Weatherspoon,2.0545454892245205,11,3500,SAC@SA,SA,SAC,,,,,,SG
56311-19726,SF,Abdel,Abdel Nader,Nader,12.53749974568685,24,3500,CHI@PHO,PHO,CHI,GTD,Knee,,,,SF
56311-23823,C,Willie,Willie Cauley-Stein,Cauley-Stein,14.628571428571428,35,3500,DAL@BOS,DAL,BOS,O,Covid-19,,,,C
56311-55055,PG,Dante,Dante Exum,Exum,12.316666920979818,6,3500,HOU@BKN,HOU,BKN,O,Calf,,,,PG
56311-111376,SG,John,John Konchar,Konchar,12.472726995294744,22,3500,UTA@MEM,MEM,UTA,,,,,,SG
56311-58134,SF,Justin,Justin Jackson,Jackson,12.4,30,3500,TOR@OKC,OKC,TOR,,,,,,SF
56311-110359,C,Goga,Goga Bitadze,Bitadze,11.023077157827524,26,3500,MIA@IND,IND,MIA,,,,,,C
56311-115994,PF,Tyler,Tyler Cook,Cook,5.1400001525878904,10,3500,POR@DET,DET,POR,,,,,,PF
56311-58658,SG,Patrick,Patrick McCaw,McCaw,4.1200000762939455,5,3500,TOR@OKC,TOR,OKC,O,Knee,,,,SG
56311-110882,SG,Adam,Adam Mokoka,Mokoka,3.422222137451172,9,3500,CHI@PHO,CHI,PHO,,,,,,SG
56311-16178,SF,Maurice,Maurice Harkless,Harkless,5.576923076923077,13,3500,SAC@SA,SAC,SA,,,,,,SF
56311-119602,SF,Jontay,Jontay Porter,Porter,9.449999809265137,2,3500,UTA@MEM,MEM,UTA,,,,,,SF
56311-16183,PF,JaKarr,JaKarr Sampson,Sampson,5.28125,16,3500,MIA@IND,IND,MIA,,,,,,PF
56311-11074,SF,Garrett,Garrett Temple,Temple,17.921620961782093,37,3500,CHI@PHO,CHI,PHO,GTD,Hamstring,,,,SF
56311-145738,SG,Nate,Nate Hinton,Hinton,3.959999847412109,10,3500,DAL@BOS,DAL,BOS,,,,,,SG
56311-17230,SG,Langston,Langston Galloway,Galloway,7.294117647058823,34,3500,CHI@PHO,PHO,CHI,,,,,,SG
56311-23407,PF,P.J.,P.J. Tucker,Tucker,14.622856794084822,35,3500,MIL@LAL,MIL,LAL,O,Calf,,,,PF
56311-9589,PF,Udonis,Udonis Haslem,Haslem,7.925000190734863,4,3500,MIA@IND,MIA,IND,GTD,Covid-19,,,,PF
56311-66424,C,Justin,Justin Patton,Patton,17.215384850135216,13,3500,HOU@BKN,HOU,BKN,,,,,,C
56311-9598,PF,Ersan,Ersan Ilyasova,Ilyasova,1.225000023841858,4,3500,UTA@MEM,UTA,MEM,,,,,,PF
56311-15744,SG,Rodney,Rodney McGruder,McGruder,10.087499618530273,16,3500,POR@DET,DET,POR,O,Elbow,,,,SG
56311-15762,SF,Darius,Darius Miller,Miller,9.12857164655413,14,3500,TOR@OKC,OKC,TOR,,,,,,SF
56311-101266,SG,Cameron,Cameron Reynolds,Reynolds,1,2,3500,SAC@SA,SA,SAC,,,,,,SG
56311-145306,SF,CJ,CJ Elleby,Elleby,5.678571428571429,14,3500,POR@DET,POR,DET,,,,,,SF
56311-15771,C,Gorgui,Gorgui Dieng,Dieng,18.41363664106889,22,3500,SAC@SA,SA,SAC,,,,,,C
56311-115612,SF,Kelan,Kelan Martin,Martin,2.9928572518484935,14,3500,MIA@IND,IND,MIA,,,,,,SF
56311-145309,C,Udoka,Udoka Azubuike,Azubuike,3.2999998728434243,12,3500,UTA@MEM,UTA,MEM,O,Ankle,,,,C
56311-145821,SF,Josh,Josh Hall,Hall,5.388888888888889,9,3500,TOR@OKC,OKC,TOR,,,,,,SF
56311-145315,SF,Elijah,Elijah Hughes,Hughes,3.6200000762939455,10,3500,UTA@MEM,UTA,MEM,,,,,,SF
56311-145317,PG,Sam,Sam Merrill,Merrill,5.65,20,3500,MIL@LAL,MIL,LAL,,,,,,PG
56311-145322,PF,Jalen,Jalen Smith,Smith,2.8666666666666667,15,3500,CHI@PHO,PHO,CHI,,,,,,PF
56311-145323,PG,Tre,Tre Jones,Jones,2.895238058907645,21,3500,SAC@SA,SA,SAC,,,,,,PG
56311-145833,SG,Axel,Axel Toupane,Toupane,5.199999809265137,4,3500,MIL@LAL,MIL,LAL,,,,,,SG
56311-80813,PG,Frank,Frank Ntilikina,Ntilikina,8.888235653147978,17,3500,NY@MIN,NY,MIN,,,,,,PG
56311-145326,PG,Tyrell,Tyrell Terry,Terry,3.6545455239035864,11,3500,DAL@BOS,DAL,BOS,O,Personal,,,,PG
56311-145324,SG,Devin,Devin Vassell,Vassell,13.651351516311234,37,3500,SAC@SA,SA,SAC,,,,,,SG
56311-145325,SG,Josh,Josh Green,Green,5.808695917544157,23,3500,DAL@BOS,DAL,BOS,,,,,,SG
56311-80819,PF,Harry,Harry Giles,Giles,11.386956256368887,23,3500,POR@DET,POR,DET,,,,,,PF
56311-145332,SF,Tyler,Tyler Bey,Bey,2.9888888465033636,9,3500,DAL@BOS,DAL,BOS,,,,,,SF
56311-9655,SF,JJ,JJ Redick,Redick,12.916128835370463,31,3500,DAL@BOS,DAL,BOS,O,Heel,,,,SF
56311-145333,SG,Aaron,Aaron Nesmith,Nesmith,8.144000244140624,25,3500,DAL@BOS,BOS,DAL,,,,,,SG
56311-145338,PG,Jahmi'us,Jahmi'us Ramsey,Ramsey,3.0600000381469727,5,3500,SAC@SA,SAC,SA,GTD,Hamstring,,,,PG
56311-80824,PG,Frank,Frank Jackson,Jackson,8.823529411764707,17,3500,POR@DET,DET,POR,,,,,,PG
56311-145339,SF,Obi,Obi Toppin,Toppin,8.664865029824746,37,3500,NY@MIN,NY,MIN,,,,,,SF
56311-145336,PF,Xavier,Xavier Tillman,Tillman,16.626470229204962,34,3500,UTA@MEM,MEM,UTA,,,,,,PF
56311-145342,SG,Cassius,Cassius Stanley,Stanley,2.300000031789144,12,3500,MIA@IND,IND,MIA,,,,,,SG
56311-145343,PG,Jalen,Jalen Harris,Harris,2.9000000953674316,4,3500,TOR@OKC,TOR,OKC,O,Hip,,,,PG
56311-145340,PF,Reggie,Reggie Perry,Perry,11.153333536783855,15,3500,HOU@BKN,BKN,HOU,,,,,,PF
56311-145344,PG,Malachi,Malachi Flynn,Flynn,5.645454406738281,22,3500,TOR@OKC,TOR,OKC,,,,,,PG
56311-145350,PF,Robert,Robert Woodard,Woodard,3.1999999152289496,9,3500,SAC@SA,SAC,SA,,,,,,PF
56311-145354,SG,Devon,Devon Dotson,Dotson,3.133333206176758,3,3500,CHI@PHO,CHI,PHO,,,,,,SG
56311-145352,SG,Trent,Trent Forrest,Forrest,2.6000000635782876,12,3500,UTA@MEM,UTA,MEM,,,,,,SG
56311-9677,SF,Jared,Jared Dudley,Dudley,3.6636362942782315,11,3500,MIL@LAL,LAL,MIL,O,Knee,,,,SF
56311-145356,SF,Sean,Sean McDermott,McDermott,6.9,10,3500,UTA@MEM,MEM,UTA,,,,,,SF
56311-24546,SF,Denzel,Denzel Valentine,Valentine,15.497500610351562,40,3500,CHI@PHO,CHI,PHO,,,,,,SF
56311-15843,PG,Trey,Trey Burke,Burke,11.543181679465555,44,3500,DAL@BOS,DAL,BOS,,,,,,PG
56311-17894,C,Mike,Mike Muscala,Muscala,16.440000697544644,35,3500,TOR@OKC,OKC,TOR,O,Ankle,,,,C
56311-97263,C,Drew,Drew Eubanks,Eubanks,12.97037082248264,27,3500,SAC@SA,SA,SAC,,,,,,C
56311-63478,C,Cristiano,Cristiano Felicio,Felicio,4.233333163791233,9,3500,CHI@PHO,CHI,PHO,,,,,,C