Id,Position,First Name,Nickname,Last Name,FPPG,Played,Salary,Game,Team,Opponent,Injury Indicator,Injury Details,Tier,,,Roster Position
56150-40199,PF,Giannis,Giannis Antetokounmpo,Antetokounmpo,55.318603515625,43,11100,NY@MIL,MIL,NY,,,,,,PF
56150-9642,PG,Russell,Russell Westbrook,Westbrook,48.83055623372396,36,11000,DET@WAS,WAS,DET,,,,,,PG
56150-84669,PG,Luka,Luka Doncic,Doncic,51.9875,40,10800,DAL@NO,DAL,NO,GTD,Back,,,,PG
56150-49111,C,Joel,Joel Embiid,Embiid,53.11290322580645,31,10700,PHI@LAC,PHI,LAC,O,Knee,,,,C
56150-58462,C,Karl-Anthony,Karl-Anthony Towns,Towns,45.907998046875,25,9900,HOU@MIN,MIN,HOU,,,,,,C
56150-42669,PF,Julius,Julius Randle,Randle,44.141304347826086,46,9900,NY@MIL,NY,MIL,GTD,Thigh,,,,PF
56150-14513,SF,Kawhi,Kawhi Leonard,Leonard,45.27894672594572,38,9700,PHI@LAC,LAC,PHI,GTD,Foot,,,,SF
56150-14514,C,Nikola,Nikola Vucevic,Vucevic,46.57333441840278,45,9700,CHI@SA,CHI,SA,,,,,,C
56150-80810,PG,De'Aaron,De'Aaron Fox,Fox,41.763635808771305,44,9400,CLE@SAC,SAC,CLE,,,,,,PG
56150-15595,SG,Bradley,Bradley Beal,Beal,46.073170731707314,41,9100,DET@WAS,WAS,DET,GTD,Foot,,,,SG
56150-14518,PF,Tobias,Tobias Harris,Harris,38.6625,40,8800,PHI@LAC,PHI,LAC,,,,,,PF
56150-66113,SG,Donovan,Donovan Mitchell,Mitchell,40.09534826944041,43,8500,MEM@UTA,UTA,MEM,,,,,,SG
56150-80808,PF,Jayson,Jayson Tatum,Tatum,42.8375,40,8500,BOS@OKC,BOS,OKC,,,,,,PF
56150-9714,SG,DeMar,DeMar DeRozan,DeRozan,38.65714285714286,35,8500,CHI@SA,SA,CHI,,,,,,SG
56150-110310,PF,Zion,Zion Williamson,Williamson,41.297675554142444,43,8400,DAL@NO,NO,DAL,,,,,,PF
56150-40203,C,Rudy,Rudy Gobert,Gobert,40.58222113715278,45,8400,MEM@UTA,UTA,MEM,,,,,,C
56150-66048,SF,Brandon,Brandon Ingram,Ingram,38.73181707208807,44,8300,DAL@NO,NO,DAL,,,,,,SF
56150-12341,SG,Paul,Paul George,George,38.93333265516493,36,8300,PHI@LAC,LAC,PHI,,,,,,SG
56150-12332,PG,John,John Wall,Wall,36.39666748046875,30,8200,HOU@MIN,HOU,MIN,,,,,,PG
56150-66115,PG,Ben,Ben Simmons,Simmons,40.027027027027025,37,8200,PHI@LAC,PHI,LAC,,,,,,PG
56150-23447,C,Richaun,Richaun Holmes,Holmes,33.16341344321646,41,8200,CLE@SAC,SAC,CLE,,,,,,C
56150-40783,SG,Zach,Zach LaVine,LaVine,41.51590798117898,44,8000,CHI@SA,CHI,SA,GTD,Ankle,,,,SG
56150-67026,SF,Jaylen,Jaylen Brown,Brown,39.36279012990553,43,8000,BOS@OKC,BOS,OKC,,,,,,SF
56150-63122,PF,Kristaps,Kristaps Porzingis,Porzingis,37.910714285714285,28,7900,DAL@NO,DAL,NO,GTD,Rest,,,,PF
56150-9663,PG,Jrue,Jrue Holiday,Holiday,33.69705738740809,34,7800,NY@MIL,MIL,NY,,,,,,PG
56150-42202,C,Christian,Christian Wood,Wood,40.04347826086956,23,7700,HOU@MIN,HOU,MIN,,,,,,C
56150-16261,SF,Khris,Khris Middleton,Middleton,37.01818292791193,44,7700,NY@MIL,MIL,NY,,,,,,SF
56150-110357,SF,RJ,RJ Barrett,Barrett,30.442222764756945,45,7600,NY@MIL,NY,MIL,,,,,,SF
56150-145321,SG,Anthony,Anthony Edwards,Edwards,27.80666775173611,45,7600,HOU@MIN,MIN,HOU,,,,,,SG
56150-110344,PG,Ja,Ja Morant,Morant,35.373527975643384,34,7500,MEM@UTA,MEM,UTA,,,,,,PG
56150-14503,C,Jonas,Jonas Valanciunas,Valanciunas,35.556756096917226,37,7400,MEM@UTA,MEM,UTA,,,,,,C
56150-84667,SG,Collin,Collin Sexton,Sexton,34.473684210526315,38,7300,CLE@SAC,CLE,SAC,GTD,Hamstring,,,,SG
56150-23831,PF,Jerami,Jerami Grant,Grant,37.0024384289253,41,7300,DET@WAS,DET,WAS,,,,,,PF
56150-67708,PG,Dejounte,Dejounte Murray,Murray,34.6292694836128,41,7000,CHI@SA,SA,CHI,,,,,,PG
56150-84680,SG,Shai,Shai Gilgeous-Alexander,Gilgeous-Alexander,39.53428431919643,35,7000,BOS@OKC,OKC,BOS,O,Foot,,,,SG
56150-80821,C,Jarrett,Jarrett Allen,Allen,32.41363525390625,44,6900,CLE@SAC,CLE,SAC,,,,,,C
56150-14507,PG,Kemba,Kemba Walker,Walker,31.603703251591437,27,6800,BOS@OKC,BOS,OKC,,,,,,PG
56150-15590,C,Mason,Mason Plumlee,Plumlee,30.595238095238095,42,6800,DET@WAS,DET,WAS,,,,,,C
56150-110345,SF,Kevin,Kevin Porter,Porter,30.614286150251115,7,6800,HOU@MIN,HOU,MIN,GTD,Quadriceps,,,,SF
56150-80806,PG,Lonzo,Lonzo Ball,Ball,31.107894094366777,38,6600,DAL@NO,NO,DAL,O,Hip,,,,PG
56150-20992,SF,Larry,Larry Nance,Nance,28.50714329310826,28,6500,CLE@SAC,CLE,SAC,,,,,,SF
56150-110342,PG,Darius,Darius Garland,Garland,28.5,36,6500,CLE@SAC,CLE,SAC,,,,,,PG
56150-23665,SF,Buddy,Buddy Hield,Hield,28.868888346354165,45,6400,CLE@SAC,SAC,CLE,,,,,,SF
56150-14510,SG,Alec,Alec Burks,Burks,23.575757575757574,33,6400,NY@MIL,NY,MIL,,,,,,SG
56150-9666,PF,Thaddeus,Thaddeus Young,Young,30.18461413261218,39,6300,CHI@SA,CHI,SA,,,,,,PF
56150-23096,SF,Evan,Evan Fournier,Fournier,30.673076923076923,26,6200,BOS@OKC,BOS,OKC,GTD,Not injury related,,,,SF
56150-58312,SG,D'Angelo,D'Angelo Russell,Russell,32.04500122070313,20,6200,HOU@MIN,MIN,HOU,O,Knee,,,,SG
56150-70827,C,Ivica,Ivica Zubac,Zubac,21.856522269870926,46,6100,PHI@LAC,LAC,PHI,,,,,,C
56150-84709,C,Mitchell,Mitchell Robinson,Robinson,26.423333740234376,30,6100,NY@MIL,NY,MIL,,,,,,C
56150-9453,PF,Al,Al Horford,Horford,31.735713413783483,28,6100,BOS@OKC,OKC,BOS,,,,,,PF
56150-60233,SG,Dillon,Dillon Brooks,Brooks,26.576923076923077,39,6100,MEM@UTA,MEM,UTA,,,,,,SG
56150-40830,SG,Delon,Delon Wright,Wright,28.48055691189236,36,6100,CLE@SAC,SAC,CLE,GTD,Not injury related,,,,SG
56150-9475,PG,Derrick,Derrick Rose,Rose,25.64,25,6000,NY@MIL,NY,MIL,GTD,Coach's decision,,,,PG
56150-15946,PF,Harrison,Harrison Barnes,Barnes,30.416666666666668,42,5900,CLE@SAC,SAC,CLE,,,,,,PF
56150-14496,PG,Ricky,Ricky Rubio,Rubio,24.6046511627907,43,5900,HOU@MIN,MIN,HOU,,,,,,PG
56150-40562,SG,Josh,Josh Hart,Hart,24.045454545454547,44,5800,DAL@NO,NO,DAL,,,,,,SG
56150-23716,SF,Kyle,Kyle Anderson,Anderson,28.442498779296876,40,5800,MEM@UTA,MEM,UTA,,,,,,SF
56150-9575,PG,Mike,Mike Conley,Conley,30.397295977618242,37,5800,MEM@UTA,UTA,MEM,,,,,,PG
56150-66064,SF,Malik,Malik Beasley,Beasley,31.124241684422348,33,5700,HOU@MIN,MIN,HOU,,,,,,SF
56150-110349,SF,Rui,Rui Hachimura,Hachimura,24.488888210720486,36,5700,DET@WAS,WAS,DET,,,,,,SF
56150-9758,SF,Danny,Danny Green,Green,21.966666666666665,45,5600,PHI@LAC,PHI,LAC,,,,,,SF
56150-84708,C,Robert,Robert Williams,Williams,24.67105263157895,38,5600,BOS@OKC,BOS,OKC,,,,,,C
56150-145337,SG,Tyrese,Tyrese Haliburton,Haliburton,28.671793619791668,39,5600,CLE@SAC,SAC,CLE,,,,,,SG
56150-58378,C,Jakob,Jakob Poeltl,Poeltl,24.28095209030878,42,5500,CHI@SA,SA,CHI,,,,,,C
56150-49675,PG,Derrick,Derrick White,White,24.444444444444443,18,5500,CHI@SA,SA,CHI,,,,,,PG
56150-23670,SG,Marcus,Marcus Smart,Smart,28.98461444561298,26,5500,BOS@OKC,BOS,OKC,,,,,,SG
56150-23169,C,Steven,Steven Adams,Adams,24.71951219512195,41,5500,DAL@NO,NO,DAL,,,,,,C
56150-117286,C,Moses,Moses Brown,Brown,20.64000040690104,15,5400,BOS@OKC,OKC,BOS,,,,,,C
56150-145576,PF,Jae'Sean,Jae'Sean Tate,Tate,23.443181818181817,44,5400,HOU@MIN,HOU,MIN,,,,,,PF
56150-80812,PF,Lauri,Lauri Markkanen,Markkanen,28.05217444378397,23,5400,CHI@SA,CHI,SA,,,,,,PF
56150-59318,SG,Joe,Joe Ingles,Ingles,24,40,5400,MEM@UTA,UTA,MEM,,,,,,SG
56150-15846,SG,Tim,Tim Hardaway,Hardaway,24.240475609188987,42,5400,DAL@NO,DAL,NO,,,,,,SG
56150-84681,SG,Donte,Donte DiVincenzo,DiVincenzo,24.34318126331676,44,5300,NY@MIL,MIL,NY,,,,,,SG
56150-110347,SF,Keldon,Keldon Johnson,Johnson,26.515383989383015,39,5300,CHI@SA,SA,CHI,,,,,,SF
56150-110353,PF,Brandon,Brandon Clarke,Clarke,26.13783717799831,37,5300,MEM@UTA,MEM,UTA,,,,,,PF
56150-110356,SG,Nickeil,Nickeil Alexander-Walker,Alexander-Walker,18.663889567057293,36,5300,DAL@NO,NO,DAL,,,,,,SG
56150-111273,SF,Luguentz,Luguentz Dort,Dort,21.44499969482422,40,5200,BOS@OKC,OKC,BOS,,,,,,SF
56150-23294,SF,Danuel,Danuel House,House,19.962962962962962,27,5200,HOU@MIN,HOU,MIN,O,Personal,,,,SF
56150-145328,SF,Saddiq,Saddiq Bey,Bey,19.109523228236608,42,5200,DET@WAS,DET,WAS,,,,,,SF
56150-84679,PF,Marvin,Marvin Bagley,Bagley,25.87837837837838,37,5100,CLE@SAC,SAC,CLE,O,Hand,,,,PF
56150-110346,PF,Isaiah,Isaiah Roby,Roby,21.152631257709704,38,5100,BOS@OKC,OKC,BOS,,,,,,PF
56150-23825,C,Nerlens,Nerlens Noel,Noel,20.72051219451122,39,5100,NY@MIL,NY,MIL,GTD,Shoulder,,,,C
56150-16233,SF,Josh,Josh Richardson,Richardson,23.91764741785386,34,5100,DAL@NO,DAL,NO,,,,,,SF
56150-9660,C,Dwight,Dwight Howard,Howard,19.70888943142361,45,5100,PHI@LAC,PHI,LAC,,,,,,C
56150-22541,C,Kelly,Kelly Olynyk,Olynyk,23.830231422601745,43,5000,HOU@MIN,HOU,MIN,GTD,Not injury related,,,,C
56150-110637,PF,Darius,Darius Bazley,Bazley,24.77777777777778,36,5000,BOS@OKC,OKC,BOS,GTD,Shoulder,,,,PF
56150-14512,PF,Marcus,Marcus Morris,Morris,20.059999302455356,35,5000,PHI@LAC,LAC,PHI,GTD,Calf,,,,PF
56150-9621,C,Brook,Brook Lopez,Lopez,23.42954600941051,44,5000,NY@MIL,MIL,NY,,,,,,C
56150-145533,PF,Kenyon,Kenyon Martin,Martin,17.4588228113511,17,4900,HOU@MIN,HOU,MIN,,,,,,PF
56150-42156,PF,Bobby,Bobby Portis,Portis,23.52558082757994,43,4900,NY@MIL,MIL,NY,GTD,Covid-19,,,,PF
56150-84691,PG,Shake,Shake Milton,Milton,22.17837771853885,37,4900,PHI@LAC,PHI,LAC,,,,,,PG
56150-9957,PF,Serge,Serge Ibaka,Ibaka,24.6974362104367,39,4900,PHI@LAC,LAC,PHI,O,Back,,,,PF
56150-145348,PG,Immanuel,Immanuel Quickley,Quickley,20.152499389648437,40,4900,NY@MIL,NY,MIL,,,,,,PG
56150-145538,PF,Aleksej,Aleksej Pokusevski,Pokusevski,16.76,25,4800,BOS@OKC,OKC,BOS,,,,,,PF
56150-14523,PG,Reggie,Reggie Jackson,Jackson,17.558139534883722,43,4800,PHI@LAC,LAC,PHI,,,,,,PG
56150-84690,PG,Jalen,Jalen Brunson,Brunson,21.558974045973557,39,4800,DAL@NO,DAL,NO,,,,,,PG
56150-16196,C,Dwight,Dwight Powell,Powell,12.006667073567709,30,4800,DAL@NO,DAL,NO,,,,,,C
56150-40262,SG,Sterling,Sterling Brown,Brown,18.00238037109375,42,4800,HOU@MIN,HOU,MIN,,,,,,SG
56150-80809,SG,Josh,Josh Jackson,Jackson,24.272500610351564,40,4800,DET@WAS,DET,WAS,,,,,,SG
56150-80823,PF,Tony,Tony Bradley,Bradley,15.514999389648438,20,4800,BOS@OKC,OKC,BOS,GTD,Not injury related,,,,PF
56150-14530,SF,Bojan,Bojan Bogdanovic,Bogdanovic,22.58636335893111,44,4700,MEM@UTA,UTA,MEM,,,,,,SF
56150-15557,C,Andre,Andre Drummond,Drummond,42.5360009765625,25,4700,CLE@SAC,CLE,SAC,,,,,,C
56150-9577,PF,Rudy,Rudy Gay,Gay,21.7028564453125,35,4700,CHI@SA,SA,CHI,,,,,,PF
56150-80814,PG,Dennis,Dennis Smith,Smith,19.42105263157895,19,4700,DET@WAS,DET,WAS,GTD,Back,,,,PG
56150-15947,SG,Reggie,Reggie Bullock,Bullock,17.484616010616985,39,4600,NY@MIL,NY,MIL,GTD,Ankle,,,,SG
56150-19138,PG,Elfrid,Elfrid Payton,Payton,23.28611077202691,36,4600,NY@MIL,NY,MIL,GTD,Hamstring,,,,PG
56150-23097,PG,Tomas,Tomas Satoransky,Satoransky,18.943750381469727,32,4500,CHI@SA,CHI,SA,,,,,,PG
56150-12355,PG,Eric,Eric Bledsoe,Bledsoe,22.888372376907704,43,4500,DAL@NO,NO,DAL,,,,,,PG
56150-15993,SG,Pat,Pat Connaughton,Connaughton,17.36341522961128,41,4500,NY@MIL,MIL,NY,,,,,,SG
56150-20640,PG,Jordan,Jordan Clarkson,Clarkson,26.36136419122869,44,4500,MEM@UTA,UTA,MEM,,,,,,PG
56150-15583,SG,Seth,Seth Curry,Curry,21.935293758616726,34,4500,PHI@LAC,PHI,LAC,,,,,,SG
56150-84702,SG,Lonnie,Lonnie Walker,Walker,18.921620961782093,37,4500,CHI@SA,SA,CHI,O,Wrist,,,,SG
56150-84711,SG,Grayson,Grayson Allen,Allen,19.636665852864585,30,4500,MEM@UTA,MEM,UTA,,,,,,SG
56150-84714,PF,Moritz,Moritz Wagner,Wagner,14.946154080904448,26,4500,BOS@OKC,BOS,OKC,,,,,,PF
56150-81529,PF,Daniel,Daniel Theis,Theis,22.011904761904763,42,4400,CHI@SA,CHI,SA,O,Not injury related,,,,PF
56150-145536,PG,Theo,Theo Maledon,Maledon,18.160525673314144,38,4400,BOS@OKC,OKC,BOS,,,,,,PG
56150-110317,PG,Jaylen,Jaylen Nowell,Nowell,17.570968135710686,31,4400,HOU@MIN,MIN,HOU,,,,,,PG
56150-110326,PG,Coby,Coby White,White,27.2139523528343,43,4400,CHI@SA,CHI,SA,,,,,,PG
56150-9556,SF,Eric,Eric Gordon,Gordon,25.44814724392361,27,4400,HOU@MIN,HOU,MIN,O,Groin,,,,SF
56150-18338,PF,Royce,Royce O'Neale,O'Neale,22.011363636363637,44,4400,MEM@UTA,UTA,MEM,,,,,,PF
56150-15814,C,Alex,Alex Len,Len,15.208571079799107,35,4400,DET@WAS,WAS,DET,,,,,,C
56150-12363,C,Hassan,Hassan Whiteside,Whiteside,19.814285278320312,28,4300,CLE@SAC,SAC,CLE,,,,,,C
56150-110331,SG,Ty,Ty Jerome,Jerome,21.39166768391927,12,4300,BOS@OKC,OKC,BOS,,,,,,SG
56150-85305,SF,Kenrich,Kenrich Williams,Williams,16.34318126331676,44,4300,BOS@OKC,OKC,BOS,,,,,,SF
56150-9874,PF,Kevin,Kevin Love,Love,11.524999618530273,4,4200,CLE@SAC,CLE,SAC,GTD,Calf,,,,PF
56150-58084,SF,Justise,Justise Winslow,Winslow,17.9,15,4200,MEM@UTA,MEM,UTA,,,,,,SF
56150-42733,SF,David,David Nwaba,Nwaba,20.00333251953125,30,4200,HOU@MIN,HOU,MIN,O,Wrist,,,,SF
56150-9703,PG,George,George Hill,Hill,21.021427699497767,14,4200,PHI@LAC,PHI,LAC,GTD,Thumb,,,,PG
56150-9809,SF,Nicolas,Nicolas Batum,Batum,21.606976176417152,43,4100,PHI@LAC,LAC,PHI,,,,,,SF
56150-63126,SF,Cedi,Cedi Osman,Osman,20.37727217240767,44,4100,CLE@SAC,CLE,SAC,,,,,,SF
56150-14501,C,Tristan,Tristan Thompson,Thompson,20.705556233723957,36,4100,BOS@OKC,BOS,OKC,O,Covid-19,,,,C
56150-84699,PG,Hamidou,Hamidou Diallo,Diallo,23.7242431640625,33,4100,DET@WAS,DET,WAS,,,,,,PG
56150-84703,SG,De'Anthony,De'Anthony Melton,Melton,21.576666259765624,30,4100,MEM@UTA,MEM,UTA,,,,,,SG
56150-145307,PF,Isaiah,Isaiah Stewart,Stewart,17.954761323474703,42,4100,DET@WAS,DET,WAS,,,,,,PF
56150-12342,PF,Al-Farouq,Al-Farouq Aminu,Aminu,17.57058895335478,17,4000,CHI@SA,CHI,SA,,,,,,PF
56150-84713,SG,Svi,Svi Mykhailiuk,Mykhailiuk,13.677499389648437,40,4000,BOS@OKC,OKC,BOS,,,,,,SG
56150-110318,PF,Grant,Grant Williams,Williams,12.105405240445524,37,4000,BOS@OKC,BOS,OKC,,,,,,PF
56150-15727,SG,Ben,Ben McLemore,McLemore,12.6,30,4000,HOU@MIN,HOU,MIN,,,,,,SG
56150-145313,PF,Jordan,Jordan Nwora,Nwora,7.046153728778545,13,4000,NY@MIL,MIL,NY,,,,,,PF
56150-12474,PG,Patrick,Patrick Beverley,Beverley,19.875862910829742,29,3900,PHI@LAC,LAC,PHI,O,Knee,,,,PG
56150-110315,SG,Terance,Terance Mann,Mann,13.116279069767442,43,3900,PHI@LAC,LAC,PHI,,,,,,SG
56150-9481,PF,Taj,Taj Gibson,Gibson,13.63888888888889,18,3900,NY@MIL,NY,MIL,,,,,,PF
56150-145341,SG,Isaac,Isaac Okoro,Okoro,17.2625,40,3900,CLE@SAC,CLE,SAC,,,,,,SG
56150-16376,SF,Dorian,Dorian Finney-Smith,Finney-Smith,20.096874237060547,32,3900,DAL@NO,DAL,NO,,,,,,SF
56150-111622,SF,Garrison,Garrison Mathews,Mathews,11.956756591796875,37,3800,DET@WAS,WAS,DET,,,,,,SF
56150-112710,C,Tacko,Tacko Fall,Fall,8.363636363636363,11,3800,BOS@OKC,BOS,OKC,,,,,,C
56150-85597,PG,Jordan,Jordan McLaughlin,McLaughlin,17.604000244140625,25,3800,HOU@MIN,MIN,HOU,,,,,,PG
56150-67707,PF,Marquese,Marquese Chriss,Chriss,17.799999237060547,2,3800,CHI@SA,SA,CHI,O,Lower leg,,,,PF
56150-63127,C,Willy,Willy Hernangomez,Hernangomez,17.233333587646484,24,3800,DAL@NO,NO,DAL,,,,,,C
56150-14543,PF,Davis,Davis Bertans,Bertans,17.462857491629464,35,3800,DET@WAS,WAS,DET,O,Calf,,,,PF
56150-9939,SG,Patty,Patty Mills,Mills,19.89512224895198,41,3800,CHI@SA,SA,CHI,,,,,,SG
56150-81621,PF,Maxi,Maxi Kleber,Kleber,19.406450825352824,31,3800,DAL@NO,DAL,NO,,,,,,PF
56150-58081,PG,Tyus,Tyus Jones,Jones,18.973810105096724,42,3800,MEM@UTA,MEM,UTA,,,,,,PG
56150-23788,PG,Bryn,Bryn Forbes,Forbes,11.820929948673692,43,3800,NY@MIL,MIL,NY,,,,,,PG
56150-110320,SF,Matisse,Matisse Thybulle,Thybulle,14.509524390811013,42,3800,PHI@LAC,PHI,LAC,,,,,,SF
56150-9466,PG,D.J.,D.J. Augustin,Augustin,13.348780190072409,41,3800,HOU@MIN,HOU,MIN,,,,,,PG
56150-110358,SG,Kyle,Kyle Guy,Guy,6.7055553860134545,18,3800,CLE@SAC,SAC,CLE,,,,,,SG
56150-110995,C,Naz,Naz Reid,Reid,22.800000567768894,43,3800,HOU@MIN,MIN,HOU,,,,,,C
56150-145308,SF,Patrick,Patrick Williams,Williams,20.342857724144345,42,3800,CHI@SA,CHI,SA,,,,,,SF
56150-66046,SG,Luke,Luke Kennard,Kennard,14.657499694824219,40,3800,PHI@LAC,LAC,PHI,,,,,,SG
56150-58461,PF,Trey,Trey Lyles,Lyles,11.052173780358356,23,3700,CHI@SA,SA,CHI,,,,,,PF
56150-70822,PF,Juancho,Juancho Hernangomez,Hernangomez,14.307692307692308,26,3700,HOU@MIN,MIN,HOU,,,,,,PF
56150-14529,PG,Cory,Cory Joseph,Joseph,15.204444715711805,45,3700,DET@WAS,DET,WAS,,,,,,PG
56150-84689,SF,Josh,Josh Okogie,Okogie,12.941666497124565,36,3700,HOU@MIN,MIN,HOU,GTD,Covid-19,,,,SF
56150-145334,SG,Desmond,Desmond Bane,Bane,16.081578304893092,38,3700,MEM@UTA,MEM,UTA,,,,,,SG
56150-48598,SF,Semi,Semi Ojeleye,Ojeleye,10.384999847412109,40,3700,BOS@OKC,BOS,OKC,GTD,Hip,,,,SF
56150-16368,PF,Mike,Mike Scott,Scott,9.434615501990685,26,3700,PHI@LAC,PHI,LAC,,,,,,PF
56150-12340,PF,Patrick,Patrick Patterson,Patterson,8.788234935087317,17,3600,PHI@LAC,LAC,PHI,,,,,,PF
56150-12351,C,Derrick,Derrick Favors,Favors,17.669047037760418,42,3600,MEM@UTA,UTA,MEM,,,,,,C
56150-9873,C,Robin,Robin Lopez,Lopez,15.93488400481468,43,3600,DET@WAS,WAS,DET,,,,,,C
56150-84701,C,Chimezie,Chimezie Metu,Metu,9.084615267240084,13,3600,CLE@SAC,SAC,CLE,,,,,,C
56150-110340,C,Jaxson,Jaxson Hayes,Hayes,12.109091094045928,33,3600,DAL@NO,NO,DAL,,,,,,C
56150-40208,PG,Raul,Raul Neto,Neto,16.971053274054277,38,3600,DET@WAS,WAS,DET,,,,,,PG
56150-111492,PF,Amir,Amir Coffey,Coffey,5.0428570338657925,28,3600,PHI@LAC,LAC,PHI,,,,,,PF
56150-145319,PF,Jaden,Jaden McDaniels,McDaniels,14.989473041735197,38,3600,HOU@MIN,MIN,HOU,,,,,,PF
56150-85521,SG,Theo,Theo Pinson,Pinson,0.3769230842590332,13,3500,NY@MIL,NY,MIL,,,,,,SG
56150-23572,SF,Taurean,Taurean Prince,Prince,18.096551303205818,29,3500,CLE@SAC,CLE,SAC,GTD,Shoulder,,,,SF
56150-117274,PF,Chris,Chris Silva,Silva,7.090909090909091,11,3500,CLE@SAC,SAC,CLE,GTD,Not injury related,,,,PF
56150-117289,PF,Juwan,Juwan Morgan,Morgan,2.888888888888889,18,3500,MEM@UTA,UTA,MEM,,,,,,PF
56150-12334,SG,Avery,Avery Bradley,Bradley,14.260000610351563,10,3500,HOU@MIN,HOU,MIN,GTD,Calf,,,,SG
56150-110639,PF,Sekou,Sekou Doumbouya,Doumbouya,7.797436053936298,39,3500,DET@WAS,DET,WAS,,,,,,PF
56150-110638,SF,Deividas,Deividas Sirvydis,Sirvydis,1.1285714421953474,7,3500,DET@WAS,DET,WAS,,,,,,SF
56150-110640,PF,Luka,Luka Samanic,Samanic,8.279999796549479,15,3500,CHI@SA,SA,CHI,,,,,,PF
56150-117307,SF,DaQuan,DaQuan Jeffries,Jeffries,7.981249809265137,16,3500,CLE@SAC,SAC,CLE,,,,,,SF
56150-117819,PG,Jared,Jared Harper,Harper,0,3,3500,NY@MIL,NY,MIL,,,,,,PG
56150-112709,SG,Javonte,Javonte Green,Green,9.235999755859375,25,3500,CHI@SA,CHI,SA,,,,,,SG
56150-12365,C,Ed,Ed Davis,Davis,12.731578626130757,19,3500,HOU@MIN,MIN,HOU,,,,,,C
56150-145489,PG,Killian,Killian Hayes,Hayes,9.728571210588727,7,3500,DET@WAS,DET,WAS,O,Hip,,,,PG
56150-20064,PG,Matthew,Matthew Dellavedova,Dellavedova,9.543859649122806,57,3500,CLE@SAC,CLE,SAC,GTD,Abdomen,,,,PG
56150-110697,PF,Nicolo,Nicolo Melli,Melli,7.813636086203835,22,3500,DAL@NO,DAL,NO,GTD,Not injury related,,,,PF
56150-23156,PF,Georges,Georges Niang,Niang,9.361363497647373,44,3500,MEM@UTA,UTA,MEM,,,,,,PF
56150-41077,SG,Sindarius,Sindarius Thornwell,Thornwell,3.0714285714285716,14,3500,DAL@NO,NO,DAL,,,,,,SG
56150-116340,SG,Terence,Terence Davis,Davis,12.108823888442096,34,3500,CLE@SAC,SAC,CLE,GTD,Not injury related,,,,SG
56150-41083,PF,Luke,Luke Kornet,Kornet,5.846153846153846,13,3500,BOS@OKC,BOS,OKC,,,,,,PF
56150-23676,PG,Damyean,Damyean Dotson,Dotson,12.733333703243371,33,3500,CLE@SAC,CLE,SAC,,,,,,PG
56150-145532,SG,Jay,Jay Scrubb,Scrubb,,,3500,PHI@LAC,LAC,PHI,O,Foot,,,,SG
56150-145539,SF,Deni,Deni Avdija,Avdija,14.866666353665865,39,3500,DET@WAS,WAS,DET,,,,,,SF
56150-145548,PF,Anthony,Anthony Gill,Gill,4.061538402850811,13,3500,DET@WAS,WAS,DET,,,,,,PF
56150-70826,SG,Furkan,Furkan Korkmaz,Korkmaz,15.017647238338695,34,3500,PHI@LAC,PHI,LAC,,,,,,SG
56150-145588,SF,Anthony,Anthony Lamb,Lamb,8.200000217982701,7,3500,HOU@MIN,HOU,MIN,,,,,,SF
56150-23740,PG,Ryan,Ryan Arcidiacono,Arcidiacono,7.726922842172476,26,3500,CHI@SA,CHI,SA,,,,,,PG
56150-84668,SF,Troy,Troy Brown,Brown,9.366666521344866,21,3500,CHI@SA,CHI,SA,,,,,,SF
56150-84674,SF,Kevin,Kevin Knox,Knox,8.183870869298135,31,3500,NY@MIL,NY,MIL,,,,,,SF
56150-84677,PG,Jerome,Jerome Robinson,Robinson,11.353846623347355,13,3500,DET@WAS,WAS,DET,,,,,,PG
56150-84683,PF,Jaren,Jaren Jackson,Jackson,29.97931118669181,58,3500,MEM@UTA,MEM,UTA,O,Knee,,,,PF
56150-84688,SF,Keita,Keita Bates-Diop,Bates-Diop,5.53125,16,3500,CHI@SA,SA,CHI,O,Hamstring,,,,SF
56150-145623,PF,Mamadi,Mamadi Diakite,Diakite,6.733333587646484,3,3500,NY@MIL,MIL,NY,,,,,,PF
56150-84700,PF,Rodions,Rodions Kurucs,Kurucs,3.924999952316284,16,3500,NY@MIL,MIL,NY,GTD,Oblique,,,,PF
56150-15582,PG,Quinn,Quinn Cook,Cook,5.713043212890625,23,3500,CLE@SAC,CLE,SAC,,,,,,PG
56150-12511,PG,Ish,Ish Smith,Smith,18.48421116879112,19,3500,DET@WAS,WAS,DET,O,Quadriceps,,,,PG
56150-84707,SF,Chandler,Chandler Hutchison,Hutchison,5.857142857142857,7,3500,DET@WAS,WAS,DET,,,,,,SF
56150-145632,PF,Killian,Killian Tillie,Tillie,6.375,4,3500,MEM@UTA,MEM,UTA,,,,,,PF
56150-58083,C,Jahlil,Jahlil Okafor,Okafor,7.991666793823242,12,3500,DET@WAS,DET,WAS,O,Knee,,,,C
56150-9956,SG,Wayne,Wayne Ellington,Ellington,16.081249237060547,32,3500,DET@WAS,DET,WAS,,,,,,SG
56150-23780,SF,Jake,Jake Layman,Layman,12.631250381469727,32,3500,HOU@MIN,MIN,HOU,,,,,,SF
56150-110308,SF,Jarrell,Jarrell Brantley,Brantley,2.7230770404522238,13,3500,MEM@UTA,UTA,MEM,,,,,,SF
56150-15592,PG,Austin,Austin Rivers,Rivers,13.685713995070685,21,3500,BOS@OKC,OKC,BOS,GTD,Personal,,,,PG
56150-110827,SG,Matt,Matt Thomas,Thomas,4.219230651855469,26,3500,MEM@UTA,UTA,MEM,GTD,Not injury related,,,,SG
56150-9966,PF,James,James Johnson,Johnson,15.800000420932111,29,3500,DAL@NO,NO,DAL,GTD,Not injury related,,,,PF
56150-110319,PG,Tremont,Tremont Waters,Waters,8.418181679465555,11,3500,BOS@OKC,BOS,OKC,,,,,,PG
56150-9455,PG,Rajon,Rajon Rondo,Rondo,12.537037037037036,27,3500,PHI@LAC,LAC,PHI,GTD,Groin,,,,PG
56150-84721,PF,Jarred,Jarred Vanderbilt,Vanderbilt,18.316278501998546,43,3500,HOU@MIN,MIN,HOU,,,,,,PF
56150-110321,SG,Romeo,Romeo Langford,Langford,5.771874904632568,32,3500,BOS@OKC,BOS,OKC,O,Covid-19,,,,SG
56150-67312,C,Thomas,Thomas Bryant,Bryant,26.370001220703124,10,3500,DET@WAS,WAS,DET,O,Knee,,,,C
56150-84722,PF,Isaac,Isaac Bonga,Bonga,6.442856924874442,28,3500,DET@WAS,WAS,DET,,,,,,PF
56150-110325,PF,Daniel,Daniel Gafford,Gafford,13.196774390435987,31,3500,DET@WAS,WAS,DET,,,,,,PF
56150-110324,SG,Miye,Miye Oni,Oni,4.886666870117187,30,3500,MEM@UTA,UTA,MEM,,,,,,SG
56150-110333,SF,Jarrett,Jarrett Culver,Culver,14.259091463955967,22,3500,HOU@MIN,MIN,HOU,,,,,,SF
56150-110332,PG,Carsen,Carsen Edwards,Edwards,7.829412123736213,17,3500,BOS@OKC,BOS,OKC,,,,,,PG
56150-110335,SF,Ignas,Ignas Brazdeikis,Brazdeikis,1.225000023841858,4,3500,PHI@LAC,PHI,LAC,GTD,Not injury related,,,,SF
56150-110334,SG,Justin,Justin James,James,3.668181679465554,22,3500,CLE@SAC,SAC,CLE,,,,,,SG
56150-110341,SG,Dylan,Dylan Windler,Windler,12.899999803112399,31,3500,CLE@SAC,CLE,SAC,,,,,,SG
56150-110348,SG,Quinndary,Quinndary Weatherspoon,Weatherspoon,2.6222222646077475,9,3500,CHI@SA,SA,CHI,,,,,,SG
56150-111372,SF,Thanasis,Thanasis Antetokounmpo,Antetokounmpo,6.928124904632568,32,3500,NY@MIL,MIL,NY,,,,,,SF
56150-23823,C,Willie,Willie Cauley-Stein,Cauley-Stein,14.628571428571428,35,3500,DAL@NO,DAL,NO,GTD,Covid-19,,,,C
56150-55055,PG,Dante,Dante Exum,Exum,12.316666920979818,6,3500,HOU@MIN,HOU,MIN,O,Calf,,,,PG
56150-111376,SG,John,John Konchar,Konchar,12.680951799665179,21,3500,MEM@UTA,MEM,UTA,,,,,,SG
56150-58134,SF,Justin,Justin Jackson,Jackson,12.4,30,3500,BOS@OKC,OKC,BOS,,,,,,SF
56150-115994,PF,Tyler,Tyler Cook,Cook,3.75,8,3500,DET@WAS,DET,WAS,,,,,,PF
56150-110881,C,Vincent,Vincent Poirier,Poirier,3.279999923706055,10,3500,NY@MIL,NY,MIL,O,Not injury related,,,,C
56150-110883,PF,Dean,Dean Wade,Wade,9.791891561972129,37,3500,CLE@SAC,CLE,SAC,,,,,,PF
56150-110882,SG,Adam,Adam Mokoka,Mokoka,3.422222137451172,9,3500,CHI@SA,CHI,SA,,,,,,SG
56150-48940,SG,Wes,Wes Iwundu,Iwundu,6.382608828337296,23,3500,DAL@NO,NO,DAL,GTD,Not injury related,,,,SG
56150-16178,SF,Maurice,Maurice Harkless,Harkless,5.099999861283735,11,3500,CLE@SAC,SAC,CLE,GTD,Not injury related,,,,SF
56150-119602,SF,Jontay,Jontay Porter,Porter,3.5999999046325684,1,3500,MEM@UTA,MEM,UTA,,,,,,SF
56150-11074,SF,Garrett,Garrett Temple,Temple,18.5,35,3500,CHI@SA,CHI,SA,,,,,,SF
56150-145738,SG,Nate,Nate Hinton,Hinton,3.288888931274414,9,3500,DAL@NO,DAL,NO,,,,,,SG
56150-145737,SG,Brodric,Brodric Thomas,Thomas,7.95,10,3500,CLE@SAC,CLE,SAC,,,,,,SG
56150-63826,C,Boban,Boban Marjanovic,Marjanovic,9.430000305175781,20,3500,DAL@NO,DAL,NO,,,,,,C
56150-145745,C,Will,Will Magnay,Magnay,-1,1,3500,DAL@NO,NO,DAL,,,,,,C
56150-23407,PF,P.J.,P.J. Tucker,Tucker,14.622856794084822,35,3500,NY@MIL,MIL,NY,GTD,Calf,,,,PF
56150-66424,C,Justin,Justin Patton,Patton,18.383333841959637,12,3500,HOU@MIN,HOU,MIN,,,,,,C
56150-9598,PF,Ersan,Ersan Ilyasova,Ilyasova,1.4500000476837158,2,3500,MEM@UTA,UTA,MEM,,,,,,PF
56150-15744,SG,Rodney,Rodney McGruder,McGruder,10.087499618530273,16,3500,DET@WAS,DET,WAS,,,,,,SG
56150-15762,SF,Darius,Darius Miller,Miller,9.12857164655413,14,3500,BOS@OKC,OKC,BOS,,,,,,SF
56150-145819,SF,Naji,Naji Marshall,Marshall,1.7333332697550456,6,3500,DAL@NO,NO,DAL,,,,,,SF
56150-15771,C,Gorgui,Gorgui Dieng,Dieng,18.41363664106889,22,3500,MEM@UTA,MEM,UTA,,,,,,C
56150-145310,PG,Saben,Saben Lee,Lee,12.991303817085598,23,3500,DET@WAS,DET,WAS,,,,,,PG
56150-145309,C,Udoka,Udoka Azubuike,Azubuike,3.2999998728434243,12,3500,MEM@UTA,UTA,MEM,O,Ankle,,,,C
56150-145821,SF,Josh,Josh Hall,Hall,4.185714176722935,7,3500,BOS@OKC,OKC,BOS,GTD,Knee,,,,SF
56150-145315,SF,Elijah,Elijah Hughes,Hughes,4.275000095367432,8,3500,MEM@UTA,UTA,MEM,,,,,,SF
56150-145316,PG,Kira,Kira Lewis,Lewis,12.0827584102236,29,3500,DAL@NO,NO,DAL,,,,,,PG
56150-145317,PG,Sam,Sam Merrill,Merrill,4.8833334181043835,18,3500,NY@MIL,MIL,NY,,,,,,PG
56150-145323,PG,Tre,Tre Jones,Jones,3.042105223003187,19,3500,CHI@SA,SA,CHI,,,,,,PG
56150-145320,C,Daniel,Daniel Oturu,Oturu,4.471428462437221,14,3500,PHI@LAC,LAC,PHI,,,,,,C
56150-145833,SG,Axel,Axel Toupane,Toupane,5.349999904632568,2,3500,NY@MIL,MIL,NY,,,,,,SG
56150-80813,PG,Frank,Frank Ntilikina,Ntilikina,8.888235653147978,17,3500,NY@MIL,NY,MIL,,,,,,PG
56150-145326,PG,Tyrell,Tyrell Terry,Terry,3.6545455239035864,11,3500,DAL@NO,DAL,NO,GTD,Personal,,,,PG
56150-145324,SG,Devin,Devin Vassell,Vassell,14.014285714285714,35,3500,CHI@SA,SA,CHI,,,,,,SG
56150-145325,SG,Josh,Josh Green,Green,5.486363497647372,22,3500,DAL@NO,DAL,NO,,,,,,SG
56150-145330,PG,Isaiah,Isaiah Joe,Joe,7.849999861283735,22,3500,PHI@LAC,PHI,LAC,,,,,,PG
56150-145331,SG,Tyrese,Tyrese Maxey,Maxey,12.723077236077724,39,3500,PHI@LAC,PHI,LAC,,,,,,SG
56150-145329,SF,Paul,Paul Reed,Reed,8.0625,8,3500,PHI@LAC,PHI,LAC,,,,,,SF
56150-80820,SG,Terrance,Terrance Ferguson,Ferguson,0.39999998532808745,13,3500,NY@MIL,NY,MIL,GTD,Not injury related,,,,SG
56150-145335,PG,Payton,Payton Pritchard,Pritchard,13.743589743589743,39,3500,BOS@OKC,BOS,OKC,,,,,,PG
56150-145332,SF,Tyler,Tyler Bey,Bey,3.0625,8,3500,DAL@NO,DAL,NO,,,,,,SF
56150-9655,SF,JJ,JJ Redick,Redick,12.916128835370463,31,3500,DAL@NO,DAL,NO,O,Heel,,,,SF
56150-58295,PF,D.J.,D.J. Wilson,Wilson,8.45882370892693,17,3500,HOU@MIN,HOU,MIN,,,,,,PF
56150-145333,SG,Aaron,Aaron Nesmith,Nesmith,7.947826219641644,23,3500,BOS@OKC,BOS,OKC,,,,,,SG
56150-80825,PF,Isaiah,Isaiah Hartenstein,Hartenstein,10.016666666666667,30,3500,CLE@SAC,CLE,SAC,GTD,Not injury related,,,,PF
56150-145338,PG,Jahmi'us,Jahmi'us Ramsey,Ramsey,3.0600000381469727,5,3500,CLE@SAC,SAC,CLE,GTD,Hamstring,,,,PG
56150-80824,PG,Frank,Frank Jackson,Jackson,8.233333333333333,15,3500,DET@WAS,DET,WAS,,,,,,PG
56150-145339,SF,Obi,Obi Toppin,Toppin,8.722856794084821,35,3500,NY@MIL,NY,MIL,,,,,,SF
56150-145336,PF,Xavier,Xavier Tillman,Tillman,17.381250381469727,32,3500,MEM@UTA,MEM,UTA,,,,,,PF
56150-145350,PF,Robert,Robert Woodard,Woodard,3.075000047683716,8,3500,CLE@SAC,SAC,CLE,,,,,,PF
56150-145349,PG,Cassius,Cassius Winston,Winston,4.933333502875434,9,3500,DET@WAS,WAS,DET,,,,,,PG
56150-145354,SG,Devon,Devon Dotson,Dotson,5.199999809265137,1,3500,CHI@SA,CHI,SA,,,,,,SG
56150-145352,SG,Trent,Trent Forrest,Forrest,2.35,10,3500,MEM@UTA,UTA,MEM,,,,,,SG
56150-145356,SF,Sean,Sean McDermott,McDermott,6.822222391764323,9,3500,MEM@UTA,MEM,UTA,,,,,,SF
56150-145357,PF,Lamar,Lamar Stevens,Stevens,10.7,30,3500,CLE@SAC,CLE,SAC,,,,,,PF
56150-116178,PG,Rayjon,Rayjon Tucker,Tucker,5.5,1,3500,PHI@LAC,PHI,LAC,,,,,,PG
56150-85466,PF,Wenyen,Wenyen Gabriel,Gabriel,1.566666603088379,6,3500,DAL@NO,NO,DAL,,,,,,PF
56150-24546,SF,Denzel,Denzel Valentine,Valentine,15.782051282051283,39,3500,CHI@SA,CHI,SA,,,,,,SF
56150-15843,PG,Trey,Trey Burke,Burke,11.399999709356399,42,3500,DAL@NO,DAL,NO,,,,,,PG
56150-17894,C,Mike,Mike Muscala,Muscala,16.440000697544644,35,3500,BOS@OKC,OKC,BOS,,,,,,C
56150-97263,C,Drew,Drew Eubanks,Eubanks,12.52800048828125,25,3500,CHI@SA,SA,CHI,,,,,,C
56150-63478,C,Cristiano,Cristiano Felicio,Felicio,5.128571646554129,7,3500,CHI@SA,CHI,SA,,,,,,C