Id,Position,First Name,Nickname,Last Name,FPPG,Played,Salary,Game,Team,Opponent,Injury Indicator,Injury Details,Tier,,,Roster Position
57143-40199,PF,Giannis,Giannis Antetokounmpo,Antetokounmpo,55.19130540930706,46,11100,MIL@ATL,MIL,ATL,GTD,Knee,,,,PF
57143-9524,PG,Stephen,Stephen Curry,Curry,47.125,48,10500,GS@CLE,GS,CLE,,,,,,PG
57143-9488,SF,LeBron,LeBron James,James,47.083333333333336,42,10000,BOS@LAL,LAL,BOS,O,Ankle,,,,SF
57143-80810,PG,De'Aaron,De'Aaron Fox,Fox,42.840738932291664,54,9700,SAC@PHO,SAC,PHO,,,,,,PG
57143-80808,PF,Jayson,Jayson Tatum,Tatum,43.332001953125,50,9400,BOS@LAL,BOS,LAL,,,,,,PF
57143-84671,PG,Trae,Trae Young,Young,43.262001953125,50,9100,MIL@ATL,ATL,MIL,GTD,Calf,,,,PG
57143-55059,C,Clint,Clint Capela,Capela,41.168749491373696,48,9000,MIL@ATL,ATL,MIL,,,,,,C
57143-58460,SG,Devin,Devin Booker,Booker,37.66199951171875,50,9000,SAC@PHO,PHO,SAC,,,,,,SG
57143-15755,PF,Anthony,Anthony Davis,Davis,44.54782502547555,23,8700,BOS@LAL,LAL,BOS,O,Calf,,,,PF
57143-9663,PG,Jrue,Jrue Holiday,Holiday,35.290475027901785,42,8400,MIL@ATL,MIL,ATL,,,,,,PG
57143-67026,SF,Jaylen,Jaylen Brown,Brown,38.86346200796274,52,8100,BOS@LAL,BOS,LAL,,,,,,SF
57143-9623,PG,Chris,Chris Paul,Paul,37.42222312644676,54,8000,SAC@PHO,PHO,SAC,,,,,,PG
57143-16261,SF,Khris,Khris Middleton,Middleton,36.91923170823317,52,7800,MIL@ATL,MIL,ATL,,,,,,SF
57143-20992,PF,Larry,Larry Nance,Nance,28.54666748046875,30,7500,GS@CLE,CLE,GS,,,,,,PF
57143-84667,SG,Collin,Collin Sexton,Sexton,34.826665581597226,45,7400,GS@CLE,CLE,GS,GTD,Groin,,,,SG
57143-66236,PF,John,John Collins,Collins,33.09574468085106,47,7400,MIL@ATL,ATL,MIL,O,Ankle,,,,PF
57143-84673,C,Deandre,Deandre Ayton,Ayton,33.41851806640625,54,7400,SAC@PHO,PHO,SAC,,,,,,C
57143-55060,SF,Bogdan,Bogdan Bogdanovic,Bogdanovic,24.469999186197917,30,7200,MIL@ATL,ATL,MIL,,,,,,SF
57143-80821,C,Jarrett,Jarrett Allen,Allen,32.37333441840278,45,7100,GS@CLE,CLE,GS,,,,,,C
57143-49116,SG,Andrew,Andrew Wiggins,Wiggins,31.036363636363635,55,7100,GS@CLE,GS,CLE,,,,,,SG
57143-15860,PF,Draymond,Draymond Green,Green,31.604255838597073,47,7100,GS@CLE,GS,CLE,,,,,,PF
57143-23670,SG,Marcus,Marcus Smart,Smart,29.761111789279514,36,7000,BOS@LAL,BOS,LAL,,,,,,SG
57143-58153,SF,Kelly,Kelly Oubre,Oubre,28.81800048828125,50,6900,GS@CLE,GS,CLE,GTD,Wrist,,,,SF
57143-14507,PG,Kemba,Kemba Walker,Walker,32.037144252232146,35,6800,BOS@LAL,BOS,LAL,,,,,,PG
57143-15557,C,Andre,Andre Drummond,Drummond,39.619999186197916,30,6800,BOS@LAL,LAL,BOS,GTD,Toe,,,,C
57143-110342,PG,Darius,Darius Garland,Garland,29.41363525390625,44,6700,GS@CLE,CLE,GS,,,,,,PG
57143-40201,PG,Dennis,Dennis Schroder,Schroder,28.962744619332106,51,6600,BOS@LAL,LAL,BOS,GTD,Pelvis,,,,PG
57143-23447,C,Richaun,Richaun Holmes,Holmes,33.07800048828125,50,6600,SAC@PHO,SAC,PHO,O,Hamstring,,,,C
57143-58377,SF,Kyle,Kyle Kuzma,Kuzma,24.50384521484375,52,6500,BOS@LAL,LAL,BOS,GTD,Calf,,,,SF
57143-9874,PF,Kevin,Kevin Love,Love,22.727272727272727,11,6300,GS@CLE,CLE,GS,,,,,,PF
57143-110337,SG,Talen,Talen Horton-Tucker,Horton-Tucker,17.87199951171875,50,6100,BOS@LAL,LAL,BOS,,,,,,SG
57143-23665,SF,Buddy,Buddy Hield,Hield,28.56111201533565,54,6100,SAC@PHO,SAC,PHO,,,,,,SF
57143-80825,PF,Isaiah,Isaiah Hartenstein,Hartenstein,14.163158215974507,38,6100,GS@CLE,CLE,GS,,,,,,PF
57143-42156,PF,Bobby,Bobby Portis,Portis,24.46199951171875,50,6000,MIL@ATL,MIL,ATL,,,,,,PF
57143-15946,PF,Harrison,Harrison Barnes,Barnes,30.282691368689903,52,5800,SAC@PHO,SAC,PHO,,,,,,PF
57143-84681,SG,Donte,Donte DiVincenzo,DiVincenzo,24.619229830228367,52,5800,MIL@ATL,MIL,ATL,,,,,,SG
57143-84708,C,Robert,Robert Williams,Williams,26.04042605136303,47,5800,BOS@LAL,BOS,LAL,,,,,,C
57143-23096,SG,Evan,Evan Fournier,Fournier,29.413334147135416,30,5700,BOS@LAL,BOS,LAL,GTD,Covid-19,,,,SG
57143-9637,PF,Danilo,Danilo Gallinari,Gallinari,21.617948091947117,39,5600,MIL@ATL,ATL,MIL,GTD,Foot,,,,PF
57143-15636,SF,Kentavious,Kentavious Caldwell-Pope,Caldwell-Pope,16.89019655713848,51,5400,BOS@LAL,LAL,BOS,,,,,,SF
57143-145337,SG,Tyrese,Tyrese Haliburton,Haliburton,28.420407665019134,49,5400,SAC@PHO,SAC,PHO,,,,,,SG
57143-84704,SG,Kevin,Kevin Huerter,Huerter,23.94727228338068,55,5400,MIL@ATL,ATL,MIL,,,,,,SG
57143-23572,SF,Taurean,Taurean Prince,Prince,19.25945879961993,37,5300,GS@CLE,CLE,GS,,,,,,SF
57143-110883,PF,Dean,Dean Wade,Wade,12.973912778108016,46,5200,GS@CLE,CLE,GS,,,,,,PF
57143-84670,SF,Mikal,Mikal Bridges,Bridges,26.23888934100116,54,5200,SAC@PHO,PHO,SAC,,,,,,SF
57143-23776,C,Montrezl,Montrezl Harrell,Harrell,27.009090909090908,55,5200,BOS@LAL,LAL,BOS,,,,,,C
57143-111372,SF,Thanasis,Thanasis Antetokounmpo,Antetokounmpo,9.145238240559896,42,5000,MIL@ATL,MIL,ATL,,,,,,SF
57143-19781,SF,Kent,Kent Bazemore,Bazemore,15.34339645673644,53,5000,GS@CLE,GS,CLE,,,,,,SF
57143-12363,C,Hassan,Hassan Whiteside,Whiteside,19.693750381469727,32,5000,SAC@PHO,SAC,PHO,,,,,,C
57143-110339,SG,Cam,Cam Reddish,Reddish,21.588461068960335,26,4900,MIL@ATL,ATL,MIL,O,Achilles,,,,SG
57143-110338,SF,De'Andre,De'Andre Hunter,Hunter,28.120001220703124,20,4900,MIL@ATL,ATL,MIL,O,Knee,,,,SF
57143-14511,PF,Markieff,Markieff Morris,Morris,15.754166920979818,48,4900,BOS@LAL,LAL,BOS,GTD,Ankle,,,,PF
57143-9621,C,Brook,Brook Lopez,Lopez,23.864151864681602,53,4800,MIL@ATL,MIL,ATL,,,,,,C
57143-15800,PF,Jae,Jae Crowder,Crowder,21.94313677619485,51,4800,SAC@PHO,PHO,SAC,,,,,,PF
57143-84679,PF,Marvin,Marvin Bagley,Bagley,25.87837837837838,37,4500,SAC@PHO,SAC,PHO,O,Hand,,,,PF
57143-145304,C,Onyeka,Onyeka Okongwu,Okongwu,10.44848447857481,33,4400,MIL@ATL,ATL,MIL,,,,,,C
57143-145313,PF,Jordan,Jordan Nwora,Nwora,10.031818043101918,22,4400,MIL@ATL,MIL,ATL,,,,,,PF
57143-9662,SG,Lou,Lou Williams,Williams,21.15800048828125,50,4400,MIL@ATL,ATL,MIL,,,,,,SG
57143-9446,PG,Jeff,Jeff Teague,Teague,14.004878346512957,41,4400,MIL@ATL,MIL,ATL,,,,,,PG
57143-15993,SG,Pat,Pat Connaughton,Connaughton,17.241176231234682,51,4200,MIL@ATL,MIL,ATL,,,,,,SG
57143-14501,C,Tristan,Tristan Thompson,Thompson,20.74499969482422,40,4200,BOS@LAL,BOS,LAL,,,,,,C
57143-145347,C,James,James Wiseman,Wiseman,21.51794903094952,39,4200,GS@CLE,GS,CLE,O,Knee,,,,C
57143-23802,PG,Kris,Kris Dunn,Dunn,22.386273552389707,51,4100,MIL@ATL,ATL,MIL,O,Ankle,,,,PG
57143-9799,SG,Wesley,Wesley Matthews,Matthews,10.713043212890625,46,4000,BOS@LAL,LAL,BOS,GTD,Achilles,,,,SG
57143-40830,PG,Delon,Delon Wright,Wright,25.44782555621603,46,4000,SAC@PHO,SAC,PHO,,,,,,PG
57143-110316,SF,Cameron,Cameron Johnson,Johnson,18.0749994913737,48,4000,SAC@PHO,PHO,SAC,,,,,,SF
57143-110322,PG,Jordan,Jordan Poole,Poole,15.926470588235293,34,4000,GS@CLE,GS,CLE,,,,,,PG
57143-16178,SF,Maurice,Maurice Harkless,Harkless,8.704762050083705,21,3900,SAC@PHO,SAC,PHO,,,,,,SF
57143-20277,SG,Torrey,Torrey Craig,Craig,11.896875381469727,32,3900,SAC@PHO,PHO,SAC,,,,,,SG
57143-9581,C,Marc,Marc Gasol,Gasol,17.16976715797602,43,3900,BOS@LAL,LAL,BOS,GTD,Hamstring,,,,C
57143-48567,PG,Cameron,Cameron Payne,Payne,16.98372064634811,43,3900,SAC@PHO,PHO,SAC,,,,,,PG
57143-145341,SG,Isaac,Isaac Okoro,Okoro,17.448979591836736,49,3900,GS@CLE,CLE,GS,,,,,,SG
57143-117779,PF,Juan,Juan Toscano-Anderson,Toscano-Anderson,14.602632221422697,38,3800,GS@CLE,GS,CLE,,,,,,PF
57143-55056,PF,Dario,Dario Saric,Saric,17.5,36,3700,SAC@PHO,PHO,SAC,,,,,,PF
57143-23981,PG,Alex,Alex Caruso,Caruso,16.33999972873264,45,3700,BOS@LAL,LAL,BOS,,,,,,PG
57143-18376,SG,Damion,Damion Lee,Lee,13.9666668927228,54,3700,GS@CLE,GS,CLE,,,,,,SG
57143-96763,PG,Brandon,Brandon Goodwin,Goodwin,9.580555386013454,36,3700,MIL@ATL,ATL,MIL,,,,,,PG
57143-18435,SF,Alfonzo,Alfonzo McKinnie,McKinnie,4.887499809265137,32,3500,BOS@LAL,LAL,BOS,,,,,,SF
57143-110341,SG,Dylan,Dylan Windler,Windler,12.899999803112399,31,3500,GS@CLE,CLE,GS,GTD,Knee,,,,SG
57143-19726,SF,Abdel,Abdel Nader,Nader,12.53749974568685,24,3500,SAC@PHO,PHO,SAC,O,Knee,,,,SF
57143-110355,SF,Mfiondu,Mfiondu Kabengele,Kabengele,3.1120001220703126,25,3500,GS@CLE,CLE,GS,,,,,,SF
57143-110358,SG,Kyle,Kyle Guy,Guy,5.76818188753995,22,3500,SAC@PHO,SAC,PHO,,,,,,SG
57143-117273,SF,Mychal,Mychal Mulder,Mulder,6.390909368341619,44,3500,GS@CLE,GS,CLE,,,,,,SF
57143-117274,PF,Chris,Chris Silva,Silva,6.169230534480168,13,3500,SAC@PHO,SAC,PHO,,,,,,PF
57143-110365,PF,Alen,Alen Smailagic,Smailagic,5.200000127156575,6,3500,GS@CLE,GS,CLE,,,,,,PF
57143-117301,PF,Devontae,Devontae Cacok,Cacok,6.206666564941406,15,3500,BOS@LAL,LAL,BOS,,,,,,PF
57143-15417,SF,Solomon,Solomon Hill,Hill,11.248148600260416,54,3500,MIL@ATL,ATL,MIL,,,,,,SF
57143-16448,PF,Frank,Frank Kaminsky,Kaminsky,14.796969327059658,33,3500,SAC@PHO,PHO,SAC,,,,,,PF
57143-112710,C,Tacko,Tacko Fall,Fall,8.239999898274739,15,3500,BOS@LAL,BOS,LAL,,,,,,C
57143-145737,SG,Brodric,Brodric Thomas,Thomas,6.888235204360065,17,3500,GS@CLE,CLE,GS,,,,,,SG
57143-17230,SG,Langston,Langston Galloway,Galloway,7.294117647058823,34,3500,SAC@PHO,PHO,SAC,,,,,,SG
57143-145491,PF,Nathan,Nathan Knight,Knight,7.741666793823242,24,3500,MIL@ATL,ATL,MIL,,,,,,PF
57143-20064,PG,Matthew,Matthew Dellavedova,Dellavedova,13.5,7,3500,GS@CLE,CLE,GS,,,,,,PG
57143-17517,SF,Tony,Tony Snell,Snell,11.18249969482422,40,3500,MIL@ATL,ATL,MIL,O,Ankle,,,,SF
57143-15727,SG,Ben,Ben McLemore,McLemore,12.433333502875435,36,3500,BOS@LAL,LAL,BOS,,,,,,SG
57143-23407,PF,P.J.,P.J. Tucker,Tucker,14.44166734483507,36,3500,MIL@ATL,MIL,ATL,,,,,,PF
57143-116340,SG,Terence,Terence Davis,Davis,12.679546009410512,44,3500,SAC@PHO,SAC,PHO,,,,,,SG
57143-41082,C,Damian,Damian Jones,Jones,7.645833333333333,24,3500,SAC@PHO,SAC,PHO,,,,,,C
57143-41083,PF,Luke,Luke Kornet,Kornet,8.37894720780222,19,3500,BOS@LAL,BOS,LAL,,,,,,PF
57143-23676,PG,Damyean,Damyean Dotson,Dotson,12.82857142857143,35,3500,GS@CLE,CLE,GS,GTD,Knee,,,,PG
57143-145303,SG,Skylar,Skylar Mays,Mays,6.596153846153846,26,3500,MIL@ATL,ATL,MIL,,,,,,SG
57143-63126,SF,Cedi,Cedi Osman,Osman,19.483673718510843,49,3500,GS@CLE,CLE,GS,,,,,,SF
57143-58519,SG,Gary,Gary Payton II,Payton II,9.59999974568685,3,3500,GS@CLE,GS,CLE,,,,,,SG
57143-145317,PG,Sam,Sam Merrill,Merrill,6.079166412353516,24,3500,MIL@ATL,MIL,ATL,,,,,,PG
57143-145322,PF,Jalen,Jalen Smith,Smith,2.431578987523129,19,3500,SAC@PHO,PHO,SAC,,,,,,PF
57143-145833,SG,Axel,Axel Toupane,Toupane,5.275000095367432,8,3500,MIL@ATL,MIL,ATL,,,,,,SG
57143-14509,SG,Klay,Klay Thompson,Thompson,,,3500,GS@CLE,GS,CLE,O,Achilles,,,,SG
57143-145335,PG,Payton,Payton Pritchard,Pritchard,13.240816077407526,49,3500,BOS@LAL,BOS,LAL,,,,,,PG
57143-145333,SG,Aaron,Aaron Nesmith,Nesmith,7.533333333333333,30,3500,BOS@LAL,BOS,LAL,,,,,,SG
57143-145338,PG,Jahmi'us,Jahmi'us Ramsey,Ramsey,3.0600000381469727,5,3500,SAC@PHO,SAC,PHO,,,,,,PG
57143-145345,PG,Nico,Nico Mannion,Mannion,11.323809669131325,21,3500,GS@CLE,GS,CLE,,,,,,PG
57143-145350,PF,Robert,Robert Woodard,Woodard,3.290909160267223,11,3500,SAC@PHO,SAC,PHO,,,,,,PF
57143-9677,SF,Jared,Jared Dudley,Dudley,3.6636362942782315,11,3500,BOS@LAL,LAL,BOS,O,Knee,,,,SF
57143-145357,PF,Lamar,Lamar Stevens,Stevens,10.210810480891046,37,3500,GS@CLE,CLE,GS,,,,,,PF
57143-58576,C,Kevon,Kevon Looney,Looney,13.388635808771307,44,3500,GS@CLE,GS,CLE,,,,,,C
57143-145623,PF,Mamadi,Mamadi Diakite,Diakite,8.7,10,3500,MIL@ATL,MIL,ATL,,,,,,PF
57143-48598,SF,Semi,Semi Ojeleye,Ojeleye,9.713333468967013,45,3500,BOS@LAL,BOS,LAL,,,,,,SF
57143-84696,SG,Jevon,Jevon Carter,Carter,8.433333623976935,42,3500,SAC@PHO,PHO,SAC,,,,,,SG
57143-14554,SF,E'Twaun,E'Twaun Moore,Moore,10.03749974568685,24,3500,SAC@PHO,PHO,SAC,,,,,,SF
57143-145624,SG,Ty-Shon,Ty-Shon Alexander,Alexander,1.1375000476837158,8,3500,SAC@PHO,PHO,SAC,,,,,,SG
57143-84701,C,Chimezie,Chimezie Metu,Metu,9.76818154074929,22,3500,SAC@PHO,SAC,PHO,,,,,,C
57143-84700,PF,Rodions,Rodions Kurucs,Kurucs,5.18947360390111,19,3500,MIL@ATL,MIL,ATL,,,,,,PF
57143-84714,PF,Moritz,Moritz Wagner,Wagner,12.67272764263731,33,3500,BOS@LAL,BOS,LAL,,,,,,PF
57143-23788,PG,Bryn,Bryn Forbes,Forbes,12.418868154849646,53,3500,MIL@ATL,MIL,ATL,,,,,,PG
57143-110319,PG,Tremont,Tremont Waters,Waters,7.666666666666667,15,3500,BOS@LAL,BOS,LAL,,,,,,PG
57143-110318,PF,Grant,Grant Williams,Williams,11.323404515043219,47,3500,BOS@LAL,BOS,LAL,,,,,,PF
57143-110321,SG,Romeo,Romeo Langford,Langford,7.299999872843425,6,3500,BOS@LAL,BOS,LAL,,,,,,SG
57143-110323,C,Eric,Eric Paschall,Paschall,15.648717635717148,39,3500,GS@CLE,GS,CLE,O,Hip,,,,C
57143-84725,PF,Kostas,Kostas Antetokounmpo,Antetokounmpo,2.6749998728434243,12,3500,BOS@LAL,LAL,BOS,,,,,,PF
57143-110329,PF,Bruno,Bruno Fernando,Fernando,4.742307809682993,26,3500,MIL@ATL,ATL,MIL,,,,,,PF
57143-110332,PG,Carsen,Carsen Edwards,Edwards,6.763636502352628,22,3500,BOS@LAL,BOS,LAL,,,,,,PG
57143-110334,SG,Justin,Justin James,James,3.5079998779296875,25,3500,SAC@PHO,SAC,PHO,,,,,,SG